번호,개방서비스명,관리번호,인허가일자,영업상태명,폐업일자,소재지전체주소,도로명전체주소,사업장명,업태구분명
1,일반음식점,SAMPLE-00001,2005-01-07,폐업,2009-03-23,경기도 김포시 사우동 808-12,경기도 김포시 고촌로 135,샘플식당 0001,한식
2,일반음식점,SAMPLE-00002,2005-01-09,폐업,2006-02-08,경기도 김포시 사우동 439-9,경기도 김포시 김포한강4로 172,샘플식당 0002,커피숍
3,일반음식점,SAMPLE-00003,2005-01-10,폐업,2012-08-24,경기도 김포시 구래동 1628-7,경기도 김포시 김포대로 227,샘플식당 0003,일식
4,일반음식점,SAMPLE-00004,2005-01-11,폐업,2011-08-24,경기도 김포시 사우동 1503-11,경기도 김포시 고촌로 283,샘플식당 0004,일식
5,일반음식점,SAMPLE-00005,2005-01-11,폐업,2009-11-22,경기도 김포시 사우동 433-30,경기도 김포시 승가로 234,샘플식당 0005,분식
6,일반음식점,SAMPLE-00006,2005-01-12,폐업,2005-10-15,경기도 김포시 풍무동 1706-27,경기도 김포시 양촌로 90,샘플식당 0006,정종/대포집/소주방
7,일반음식점,SAMPLE-00007,2005-01-29,폐업,2017-09-21,경기도 김포시 대곶면 1467-21,경기도 김포시 김포대로 260,샘플식당 0007,호프/통닭
8,일반음식점,SAMPLE-00008,2005-02-02,영업/정상,,경기도 김포시 월곶면 371-11,경기도 김포시 김포대로 291,샘플식당 0008,한식
9,일반음식점,SAMPLE-00009,2005-02-11,폐업,2016-06-19,경기도 김포시 감정동 617-15,경기도 김포시 고촌로 261,샘플식당 0009,호프/통닭
10,일반음식점,SAMPLE-00010,2005-02-12,폐업,2009-05-20,경기도 김포시 풍무동 1151-8,경기도 김포시 태장로 267,샘플식당 0010,까페
11,일반음식점,SAMPLE-00011,2005-02-20,폐업,2007-09-05,경기도 김포시 사우동 1227-2,경기도 김포시 봉화로 43,샘플식당 0011,한식
12,일반음식점,SAMPLE-00012,2005-02-20,폐업,2014-08-14,경기도 김포시 대곶면 625-19,경기도 김포시 양촌로 203,샘플식당 0012,한식
13,일반음식점,SAMPLE-00013,2005-02-22,폐업,2007-10-28,경기도 김포시 사우동 1405-28,경기도 김포시 태장로 298,샘플식당 0013,한식
14,일반음식점,SAMPLE-00014,2005-03-13,폐업,2026-09-16,경기도 김포시 대곶면 459-28,경기도 김포시 김포한강4로 77,샘플식당 0014,한식
15,일반음식점,SAMPLE-00015,2005-03-21,폐업,2006-12-28,경기도 김포시 사우동 124-15,경기도 김포시 김포한강9로 12,샘플식당 0015,정종/대포집/소주방
16,일반음식점,SAMPLE-00016,2005-03-22,폐업,2007-03-22,경기도 김포시 운양동 149-24,경기도 김포시 양촌로 188,샘플식당 0016,한식
17,일반음식점,SAMPLE-00017,2005-04-02,폐업,2008-03-18,경기도 김포시 장기동 426-11,경기도 김포시 통진로 107,샘플식당 0017,일식
18,일반음식점,SAMPLE-00018,2005-04-02,폐업,2017-10-28,경기도 김포시 북변동 1920-22,경기도 김포시 김포대로 243,샘플식당 0018,경양식
19,일반음식점,SAMPLE-00019,2005-04-06,폐업,2016-11-14,경기도 김포시 걸포동 1848-7,경기도 김포시 김포한강9로 11,샘플식당 0019,분식
20,일반음식점,SAMPLE-00020,2005-04-13,폐업,2006-11-21,경기도 김포시 북변동 147-29,경기도 김포시 고촌로 226,샘플식당 0020,한식
21,일반음식점,SAMPLE-00021,2005-05-09,폐업,2008-11-14,경기도 김포시 사우동 915-22,경기도 김포시 태장로 269,샘플식당 0021,일식
22,일반음식점,SAMPLE-00022,2005-05-25,폐업,2015-09-22,경기도 김포시 감정동 1278-20,경기도 김포시 태장로 1,샘플식당 0022,제과점영업
23,일반음식점,SAMPLE-00023,2005-05-25,폐업,2007-09-24,경기도 김포시 사우동 1170-26,경기도 김포시 태장로 125,샘플식당 0023,한식
24,일반음식점,SAMPLE-00024,2005-05-27,폐업,2008-01-23,경기도 김포시 사우동 1063-26,경기도 김포시 김포한강9로 66,샘플식당 0024,분식
25,일반음식점,SAMPLE-00025,2005-05-27,폐업,2011-12-12,경기도 김포시 감정동 1252-12,경기도 김포시 태장로 20,샘플식당 0025,분식
26,일반음식점,SAMPLE-00026,2005-06-05,폐업,2012-07-16,경기도 김포시 사우동 1067-13,경기도 김포시 통진로 106,샘플식당 0026,까페
27,일반음식점,SAMPLE-00027,2005-06-19,폐업,2015-03-20,경기도 김포시 풍무동 1579-14,경기도 김포시 고촌로 293,샘플식당 0027,김밥(도시락)
28,일반음식점,SAMPLE-00028,2005-06-21,폐업,2007-04-26,경기도 김포시 감정동 352-12,경기도 김포시 김포대로 232,샘플식당 0028,까페
29,일반음식점,SAMPLE-00029,2005-06-26,폐업,2007-01-11,경기도 김포시 사우동 233-11,경기도 김포시 고촌로 252,샘플식당 0029,커피숍
30,일반음식점,SAMPLE-00030,2005-06-27,폐업,2008-02-19,경기도 김포시 사우동 822-23,경기도 김포시 김포한강4로 100,샘플식당 0030,정종/대포집/소주방
31,일반음식점,SAMPLE-00031,2005-07-01,폐업,2025-04-14,경기도 김포시 월곶면 928-7,경기도 김포시 태장로 238,샘플식당 0031,중국식
32,일반음식점,SAMPLE-00032,2005-08-07,폐업,2006-10-20,경기도 김포시 대곶면 269-4,경기도 김포시 통진로 51,샘플식당 0032,커피숍
33,일반음식점,SAMPLE-00033,2005-08-10,폐업,2008-10-01,경기도 김포시 북변동 1468-19,경기도 김포시 태장로 192,샘플식당 0033,한식
34,일반음식점,SAMPLE-00034,2005-08-13,폐업,2009-11-29,경기도 김포시 사우동 795-8,경기도 김포시 고촌로 246,샘플식당 0034,정종/대포집/소주방
35,일반음식점,SAMPLE-00035,2005-08-20,폐업,2010-07-14,경기도 김포시 월곶면 1763-28,경기도 김포시 김포한강9로 78,샘플식당 0035,일식
36,일반음식점,SAMPLE-00036,2005-08-20,폐업,2006-10-03,경기도 김포시 구래동 1615-17,경기도 김포시 김포대로 254,샘플식당 0036,커피숍
37,일반음식점,SAMPLE-00037,2005-08-22,폐업,2011-03-06,경기도 김포시 사우동 1584-20,경기도 김포시 승가로 47,샘플식당 0037,김밥(도시락)
38,일반음식점,SAMPLE-00038,2005-08-23,폐업,2010-08-16,경기도 김포시 사우동 1805-15,경기도 김포시 양촌로 207,샘플식당 0038,한식
39,일반음식점,SAMPLE-00039,2005-08-24,폐업,2018-07-02,경기도 김포시 감정동 206-7,경기도 김포시 김포대로 85,샘플식당 0039,김밥(도시락)
40,일반음식점,SAMPLE-00040,2005-09-04,폐업,2008-10-19,경기도 김포시 통진읍 1346-30,경기도 김포시 양촌로 39,샘플식당 0040,커피숍
41,일반음식점,SAMPLE-00041,2005-09-17,폐업,2012-09-25,경기도 김포시 통진읍 535-1,경기도 김포시 고촌로 199,샘플식당 0041,한식
42,일반음식점,SAMPLE-00042,2005-09-28,폐업,2007-04-27,경기도 김포시 마산동 744-29,경기도 김포시 김포한강9로 161,샘플식당 0042,분식
43,일반음식점,SAMPLE-00043,2005-10-02,폐업,2016-08-11,경기도 김포시 대곶면 1039-3,경기도 김포시 김포대로 281,샘플식당 0043,한식
44,일반음식점,SAMPLE-00044,2005-10-10,폐업,2020-09-03,경기도 김포시 사우동 174-2,경기도 김포시 봉화로 72,샘플식당 0044,한식
45,일반음식점,SAMPLE-00045,2005-10-25,폐업,2024-05-12,경기도 김포시 감정동 1766-26,경기도 김포시 승가로 276,샘플식당 0045,커피숍
46,일반음식점,SAMPLE-00046,2005-10-26,폐업,2007-08-07,경기도 김포시 대곶면 1285-15,경기도 김포시 봉화로 277,샘플식당 0046,분식
47,일반음식점,SAMPLE-00047,2005-11-02,폐업,2009-04-23,경기도 김포시 구래동 1967-6,경기도 김포시 김포한강4로 229,샘플식당 0047,커피숍
48,일반음식점,SAMPLE-00048,2005-11-02,폐업,2014-07-03,경기도 김포시 통진읍 272-27,경기도 김포시 고촌로 101,샘플식당 0048,분식
49,일반음식점,SAMPLE-00049,2005-11-14,폐업,2014-10-29,경기도 김포시 하성면 1971-23,경기도 김포시 김포한강9로 237,샘플식당 0049,중국식
50,일반음식점,SAMPLE-00050,2005-11-14,폐업,2012-02-06,경기도 김포시 사우동 524-13,경기도 김포시 양촌로 125,샘플식당 0050,분식
51,일반음식점,SAMPLE-00051,2005-11-15,폐업,2009-12-22,경기도 김포시 통진읍 1939-1,경기도 김포시 태장로 93,샘플식당 0051,분식
52,일반음식점,SAMPLE-00052,2005-11-17,폐업,2007-08-26,경기도 김포시 북변동 1953-22,경기도 김포시 김포한강9로 187,샘플식당 0052,한식
53,일반음식점,SAMPLE-00053,2005-11-18,폐업,2014-11-23,경기도 김포시 북변동 1179-6,경기도 김포시 김포한강9로 97,샘플식당 0053,경양식
54,일반음식점,SAMPLE-00054,2005-11-18,폐업,2012-02-10,경기도 김포시 마산동 994-8,경기도 김포시 봉화로 77,샘플식당 0054,한식
55,일반음식점,SAMPLE-00055,2005-11-21,폐업,2014-12-01,경기도 김포시 사우동 381-26,경기도 김포시 태장로 272,샘플식당 0055,기타
56,일반음식점,SAMPLE-00056,2005-11-22,폐업,2012-11-28,경기도 김포시 사우동 1948-24,경기도 김포시 태장로 14,샘플식당 0056,커피숍
57,일반음식점,SAMPLE-00057,2005-11-30,폐업,2008-12-21,경기도 김포시 장기동 455-19,경기도 김포시 봉화로 87,샘플식당 0057,커피숍
58,일반음식점,SAMPLE-00058,2005-12-04,폐업,2018-10-01,경기도 김포시 대곶면 1870-30,경기도 김포시 승가로 133,샘플식당 0058,한식
59,일반음식점,SAMPLE-00059,2005-12-05,폐업,2009-05-26,경기도 김포시 운양동 1091-9,경기도 김포시 통진로 279,샘플식당 0059,정종/대포집/소주방
60,일반음식점,SAMPLE-00060,2005-12-10,폐업,2009-03-01,경기도 김포시 하성면 1872-17,경기도 김포시 봉화로 69,샘플식당 0060,정종/대포집/소주방
61,일반음식점,SAMPLE-00061,2005-12-15,폐업,2013-10-12,경기도 김포시 마산동 1200-7,경기도 김포시 양촌로 141,샘플식당 0061,한식
62,일반음식점,SAMPLE-00062,2005-12-19,폐업,2008-05-25,경기도 김포시 대곶면 172-25,경기도 김포시 승가로 12,샘플식당 0062,분식
63,일반음식점,SAMPLE-00063,2005-12-22,폐업,2012-09-24,경기도 김포시 통진읍 53-12,경기도 김포시 태장로 248,샘플식당 0063,한식
64,일반음식점,SAMPLE-00064,2006-01-04,폐업,2023-09-13,경기도 김포시 통진읍 1682-22,경기도 김포시 김포대로 158,샘플식당 0064,한식
65,일반음식점,SAMPLE-00065,2006-01-07,폐업,2011-04-17,경기도 김포시 풍무동 773-22,경기도 김포시 태장로 91,샘플식당 0065,한식
66,일반음식점,SAMPLE-00066,2006-01-11,폐업,2008-11-21,경기도 김포시 감정동 869-25,경기도 김포시 고촌로 108,샘플식당 0066,커피숍
67,일반음식점,SAMPLE-00067,2006-01-12,폐업,2021-03-12,경기도 김포시 사우동 311-8,경기도 김포시 김포한강9로 9,샘플식당 0067,한식
68,일반음식점,SAMPLE-00068,2006-01-12,폐업,2007-02-17,경기도 김포시 사우동 1455-3,경기도 김포시 김포대로 65,샘플식당 0068,호프/통닭
69,일반음식점,SAMPLE-00069,2006-01-13,폐업,2009-10-19,경기도 김포시 통진읍 364-11,경기도 김포시 김포한강4로 197,샘플식당 0069,기타
70,일반음식점,SAMPLE-00070,2006-01-26,폐업,2008-04-25,경기도 김포시 사우동 860-21,경기도 김포시 양촌로 234,샘플식당 0070,한식
71,일반음식점,SAMPLE-00071,2006-02-05,폐업,2007-05-08,경기도 김포시 걸포동 86-28,경기도 김포시 김포대로 56,샘플식당 0071,정종/대포집/소주방
72,일반음식점,SAMPLE-00072,2006-02-06,폐업,2008-03-18,경기도 김포시 북변동 1075-14,경기도 김포시 김포한강9로 170,샘플식당 0072,한식
73,일반음식점,SAMPLE-00073,2006-02-09,폐업,2013-01-09,경기도 김포시 감정동 1195-18,경기도 김포시 김포대로 83,샘플식당 0073,호프/통닭
74,일반음식점,SAMPLE-00074,2006-02-13,폐업,2007-09-30,경기도 김포시 감정동 1950-6,경기도 김포시 고촌로 156,샘플식당 0074,김밥(도시락)
75,일반음식점,SAMPLE-00075,2006-02-17,폐업,2009-06-14,경기도 김포시 마산동 149-11,경기도 김포시 김포대로 167,샘플식당 0075,커피숍
76,일반음식점,SAMPLE-00076,2006-02-24,폐업,2012-09-03,경기도 김포시 감정동 1943-1,경기도 김포시 통진로 40,샘플식당 0076,호프/통닭
77,일반음식점,SAMPLE-00077,2006-03-03,폐업,2011-07-08,경기도 김포시 사우동 1336-25,경기도 김포시 고촌로 18,샘플식당 0077,일식
78,일반음식점,SAMPLE-00078,2006-03-06,폐업,2011-10-27,경기도 김포시 구래동 670-16,경기도 김포시 고촌로 27,샘플식당 0078,분식
79,일반음식점,SAMPLE-00079,2006-03-14,폐업,2008-04-07,경기도 김포시 월곶면 1272-1,경기도 김포시 고촌로 19,샘플식당 0079,일식
80,일반음식점,SAMPLE-00080,2006-03-25,폐업,2008-02-17,경기도 김포시 사우동 693-5,경기도 김포시 김포대로 299,샘플식당 0080,한식
81,일반음식점,SAMPLE-00081,2006-03-25,폐업,2011-10-19,경기도 김포시 양촌읍 1907-15,경기도 김포시 김포한강4로 120,샘플식당 0081,한식
82,일반음식점,SAMPLE-00082,2006-03-29,폐업,2009-03-25,경기도 김포시 하성면 40-27,경기도 김포시 김포대로 112,샘플식당 0082,김밥(도시락)
83,일반음식점,SAMPLE-00083,2006-04-18,폐업,2010-10-30,경기도 김포시 통진읍 1390-14,경기도 김포시 승가로 4,샘플식당 0083,한식
84,일반음식점,SAMPLE-00084,2006-04-19,폐업,2009-05-27,경기도 김포시 감정동 465-3,경기도 김포시 양촌로 282,샘플식당 0084,한식
85,일반음식점,SAMPLE-00085,2006-04-19,폐업,2012-07-05,경기도 김포시 통진읍 392-10,경기도 김포시 김포한강9로 52,샘플식당 0085,한식
86,일반음식점,SAMPLE-00086,2006-04-19,폐업,2008-05-15,경기도 김포시 북변동 1200-23,경기도 김포시 김포대로 226,샘플식당 0086,호프/통닭
87,일반음식점,SAMPLE-00087,2006-04-23,폐업,2017-06-01,경기도 김포시 북변동 1586-24,경기도 김포시 승가로 224,샘플식당 0087,한식
88,일반음식점,SAMPLE-00088,2006-04-29,폐업,2009-12-19,경기도 김포시 통진읍 1277-3,경기도 김포시 김포대로 250,샘플식당 0088,한식
89,일반음식점,SAMPLE-00089,2006-05-02,폐업,2012-08-10,경기도 김포시 마산동 1577-3,경기도 김포시 김포대로 129,샘플식당 0089,경양식
90,일반음식점,SAMPLE-00090,2006-05-06,폐업,2025-05-11,경기도 김포시 걸포동 311-9,경기도 김포시 고촌로 240,샘플식당 0090,제과점영업
91,일반음식점,SAMPLE-00091,2006-05-12,폐업,2007-09-22,경기도 김포시 사우동 1535-9,경기도 김포시 태장로 251,샘플식당 0091,분식
92,일반음식점,SAMPLE-00092,2006-06-06,폐업,2020-03-28,경기도 김포시 북변동 1859-12,경기도 김포시 양촌로 31,샘플식당 0092,경양식
93,일반음식점,SAMPLE-00093,2006-06-07,폐업,2010-09-21,경기도 김포시 하성면 269-3,경기도 김포시 통진로 81,샘플식당 0093,한식
94,일반음식점,SAMPLE-00094,2006-06-09,폐업,2010-11-26,경기도 김포시 월곶면 1168-8,경기도 김포시 김포한강4로 50,샘플식당 0094,한식
95,일반음식점,SAMPLE-00095,2006-06-13,폐업,2014-08-09,경기도 김포시 북변동 884-20,경기도 김포시 고촌로 117,샘플식당 0095,호프/통닭
96,일반음식점,SAMPLE-00096,2006-06-13,폐업,2007-10-23,경기도 김포시 고촌읍 1765-25,경기도 김포시 태장로 37,샘플식당 0096,분식
97,일반음식점,SAMPLE-00097,2006-06-20,폐업,2018-07-14,경기도 김포시 북변동 200-21,경기도 김포시 양촌로 20,샘플식당 0097,까페
98,일반음식점,SAMPLE-00098,2006-06-27,폐업,2011-04-29,경기도 김포시 북변동 1542-11,경기도 김포시 통진로 18,샘플식당 0098,한식
99,일반음식점,SAMPLE-00099,2006-06-28,폐업,2013-02-01,경기도 김포시 감정동 912-2,경기도 김포시 김포한강4로 247,샘플식당 0099,한식
100,일반음식점,SAMPLE-00100,2006-07-17,폐업,2013-08-14,경기도 김포시 사우동 292-8,경기도 김포시 김포한강4로 207,샘플식당 0100,중국식
101,일반음식점,SAMPLE-00101,2006-07-23,폐업,2012-06-04,경기도 김포시 사우동 1661-22,경기도 김포시 태장로 114,샘플식당 0101,기타
102,일반음식점,SAMPLE-00102,2006-07-30,폐업,2017-04-11,경기도 김포시 하성면 835-3,경기도 김포시 고촌로 82,샘플식당 0102,중국식
103,일반음식점,SAMPLE-00103,2006-08-02,폐업,2010-03-24,경기도 김포시 북변동 1151-14,경기도 김포시 김포한강9로 288,샘플식당 0103,한식
104,일반음식점,SAMPLE-00104,2006-08-13,폐업,2010-08-01,경기도 김포시 북변동 1864-19,경기도 김포시 김포대로 248,샘플식당 0104,한식
105,일반음식점,SAMPLE-00105,2006-08-19,폐업,2009-12-09,경기도 김포시 풍무동 577-30,경기도 김포시 김포대로 230,샘플식당 0105,커피숍
106,일반음식점,SAMPLE-00106,2006-08-21,폐업,2009-06-01,경기도 김포시 운양동 372-26,경기도 김포시 승가로 68,샘플식당 0106,분식
107,일반음식점,SAMPLE-00107,2006-08-23,폐업,2008-08-07,경기도 김포시 사우동 1623-22,경기도 김포시 김포대로 227,샘플식당 0107,일식
108,일반음식점,SAMPLE-00108,2006-08-28,폐업,2009-07-21,경기도 김포시 감정동 874-15,경기도 김포시 김포대로 48,샘플식당 0108,일식
109,일반음식점,SAMPLE-00109,2006-09-02,폐업,2018-07-22,경기도 김포시 사우동 814-4,경기도 김포시 봉화로 77,샘플식당 0109,한식
110,일반음식점,SAMPLE-00110,2006-09-09,폐업,2021-07-28,경기도 김포시 사우동 73-10,경기도 김포시 통진로 158,샘플식당 0110,한식
111,일반음식점,SAMPLE-00111,2006-09-20,폐업,2014-03-09,경기도 김포시 북변동 741-3,경기도 김포시 김포대로 257,샘플식당 0111,한식
112,일반음식점,SAMPLE-00112,2006-09-21,폐업,2011-03-29,경기도 김포시 감정동 132-4,경기도 김포시 김포한강9로 194,샘플식당 0112,제과점영업
113,일반음식점,SAMPLE-00113,2006-10-01,폐업,2012-05-19,경기도 김포시 사우동 746-2,경기도 김포시 승가로 274,샘플식당 0113,일식
114,일반음식점,SAMPLE-00114,2006-10-03,폐업,2013-10-27,경기도 김포시 사우동 1611-6,경기도 김포시 양촌로 151,샘플식당 0114,분식
115,일반음식점,SAMPLE-00115,2006-10-04,폐업,2020-08-23,경기도 김포시 통진읍 1104-13,경기도 김포시 고촌로 280,샘플식당 0115,한식
116,일반음식점,SAMPLE-00116,2006-10-08,폐업,2017-09-02,경기도 김포시 월곶면 123-19,경기도 김포시 통진로 262,샘플식당 0116,한식
117,일반음식점,SAMPLE-00117,2006-10-09,폐업,2008-09-05,경기도 김포시 운양동 1634-9,경기도 김포시 통진로 1,샘플식당 0117,기타
118,일반음식점,SAMPLE-00118,2006-10-16,폐업,2012-03-14,경기도 김포시 북변동 29-16,경기도 김포시 김포한강9로 104,샘플식당 0118,한식
119,일반음식점,SAMPLE-00119,2006-10-19,폐업,2007-05-04,경기도 김포시 통진읍 395-16,경기도 김포시 김포한강4로 209,샘플식당 0119,까페
120,일반음식점,SAMPLE-00120,2006-11-08,폐업,2008-12-05,경기도 김포시 감정동 1413-28,경기도 김포시 태장로 81,샘플식당 0120,분식
121,일반음식점,SAMPLE-00121,2006-11-16,폐업,2009-04-11,경기도 김포시 감정동 132-30,경기도 김포시 태장로 101,샘플식당 0121,한식
122,일반음식점,SAMPLE-00122,2006-11-21,폐업,2012-09-29,경기도 김포시 걸포동 1516-10,경기도 김포시 김포한강4로 241,샘플식당 0122,호프/통닭
123,일반음식점,SAMPLE-00123,2006-11-23,폐업,2007-10-15,경기도 김포시 장기동 888-29,경기도 김포시 태장로 62,샘플식당 0123,호프/통닭
124,일반음식점,SAMPLE-00124,2006-11-24,폐업,2008-09-01,경기도 김포시 사우동 1197-14,경기도 김포시 고촌로 116,샘플식당 0124,호프/통닭
125,일반음식점,SAMPLE-00125,2006-11-27,폐업,2010-01-29,경기도 김포시 구래동 767-12,경기도 김포시 김포한강4로 298,샘플식당 0125,한식
126,일반음식점,SAMPLE-00126,2006-11-28,폐업,2009-07-01,경기도 김포시 풍무동 751-4,경기도 김포시 양촌로 291,샘플식당 0126,한식
127,일반음식점,SAMPLE-00127,2006-11-29,폐업,2013-02-21,경기도 김포시 대곶면 1860-17,경기도 김포시 승가로 252,샘플식당 0127,기타
128,일반음식점,SAMPLE-00128,2006-12-01,폐업,2016-01-28,경기도 김포시 하성면 1727-24,경기도 김포시 김포한강4로 117,샘플식당 0128,호프/통닭
129,일반음식점,SAMPLE-00129,2006-12-04,폐업,2020-11-22,경기도 김포시 북변동 1315-27,경기도 김포시 통진로 134,샘플식당 0129,한식
130,일반음식점,SAMPLE-00130,2006-12-10,폐업,2008-12-12,경기도 김포시 대곶면 557-21,경기도 김포시 봉화로 162,샘플식당 0130,기타
131,일반음식점,SAMPLE-00131,2006-12-22,폐업,2014-09-29,경기도 김포시 감정동 408-21,경기도 김포시 승가로 253,샘플식당 0131,한식
132,일반음식점,SAMPLE-00132,2006-12-25,폐업,2011-08-12,경기도 김포시 사우동 328-8,경기도 김포시 태장로 66,샘플식당 0132,기타
133,일반음식점,SAMPLE-00133,2006-12-29,폐업,2008-08-24,경기도 김포시 사우동 1156-18,경기도 김포시 김포한강9로 287,샘플식당 0133,정종/대포집/소주방
134,일반음식점,SAMPLE-00134,2006-12-30,폐업,2017-07-09,경기도 김포시 사우동 1053-11,경기도 김포시 김포한강4로 218,샘플식당 0134,한식
135,일반음식점,SAMPLE-00135,2007-01-02,폐업,2011-07-16,경기도 김포시 장기동 641-19,경기도 김포시 승가로 125,샘플식당 0135,호프/통닭
136,일반음식점,SAMPLE-00136,2007-01-19,폐업,2009-06-20,경기도 김포시 감정동 294-6,경기도 김포시 봉화로 64,샘플식당 0136,커피숍
137,일반음식점,SAMPLE-00137,2007-01-24,폐업,2008-02-08,경기도 김포시 대곶면 576-1,경기도 김포시 통진로 51,샘플식당 0137,정종/대포집/소주방
138,일반음식점,SAMPLE-00138,2007-01-31,폐업,2010-02-16,경기도 김포시 구래동 344-20,경기도 김포시 김포한강4로 58,샘플식당 0138,커피숍
139,일반음식점,SAMPLE-00139,2007-02-04,폐업,2010-08-03,경기도 김포시 사우동 1798-2,경기도 김포시 태장로 285,샘플식당 0139,한식
140,일반음식점,SAMPLE-00140,2007-02-07,폐업,2009-11-06,경기도 김포시 통진읍 1692-25,경기도 김포시 김포대로 288,샘플식당 0140,기타
141,일반음식점,SAMPLE-00141,2007-02-08,폐업,2011-10-13,경기도 김포시 월곶면 1064-26,경기도 김포시 승가로 299,샘플식당 0141,기타
142,일반음식점,SAMPLE-00142,2007-02-18,폐업,2009-12-02,경기도 김포시 사우동 1335-7,경기도 김포시 태장로 214,샘플식당 0142,분식
143,일반음식점,SAMPLE-00143,2007-02-20,영업/정상,,경기도 김포시 북변동 1008-15,경기도 김포시 봉화로 114,샘플식당 0143,한식
144,일반음식점,SAMPLE-00144,2007-02-27,폐업,2020-04-28,경기도 김포시 월곶면 904-14,경기도 김포시 김포한강9로 148,샘플식당 0144,호프/통닭
145,일반음식점,SAMPLE-00145,2007-02-28,폐업,2012-10-15,경기도 김포시 북변동 357-17,경기도 김포시 양촌로 109,샘플식당 0145,한식
146,일반음식점,SAMPLE-00146,2007-03-02,폐업,2020-02-24,경기도 김포시 구래동 865-12,경기도 김포시 태장로 11,샘플식당 0146,김밥(도시락)
147,일반음식점,SAMPLE-00147,2007-03-08,폐업,2012-01-17,경기도 김포시 사우동 232-30,경기도 김포시 김포대로 87,샘플식당 0147,한식
148,일반음식점,SAMPLE-00148,2007-03-11,폐업,2013-01-02,경기도 김포시 사우동 1653-6,경기도 김포시 고촌로 230,샘플식당 0148,한식
149,일반음식점,SAMPLE-00149,2007-03-18,폐업,2017-11-17,경기도 김포시 사우동 1206-30,경기도 김포시 김포한강9로 139,샘플식당 0149,한식
150,일반음식점,SAMPLE-00150,2007-03-25,폐업,2007-07-12,경기도 김포시 감정동 440-27,경기도 김포시 김포한강9로 128,샘플식당 0150,정종/대포집/소주방
151,일반음식점,SAMPLE-00151,2007-03-28,폐업,2011-09-09,경기도 김포시 감정동 1544-13,경기도 김포시 태장로 32,샘플식당 0151,정종/대포집/소주방
152,일반음식점,SAMPLE-00152,2007-03-30,폐업,2013-09-27,경기도 김포시 운양동 1635-13,경기도 김포시 승가로 292,샘플식당 0152,한식
153,일반음식점,SAMPLE-00153,2007-04-05,폐업,2010-03-16,경기도 김포시 북변동 1813-30,경기도 김포시 김포대로 214,샘플식당 0153,정종/대포집/소주방
154,일반음식점,SAMPLE-00154,2007-04-10,폐업,2017-09-18,경기도 김포시 고촌읍 1879-10,경기도 김포시 양촌로 292,샘플식당 0154,한식
155,일반음식점,SAMPLE-00155,2007-04-30,폐업,2019-08-07,경기도 김포시 풍무동 835-19,경기도 김포시 승가로 293,샘플식당 0155,한식
156,일반음식점,SAMPLE-00156,2007-05-01,폐업,2016-03-08,경기도 김포시 통진읍 1970-12,경기도 김포시 봉화로 130,샘플식당 0156,경양식
157,일반음식점,SAMPLE-00157,2007-05-08,폐업,2009-07-28,경기도 김포시 북변동 1437-2,경기도 김포시 승가로 219,샘플식당 0157,일식
158,일반음식점,SAMPLE-00158,2007-05-10,폐업,2010-08-11,경기도 김포시 북변동 941-13,경기도 김포시 태장로 206,샘플식당 0158,한식
159,일반음식점,SAMPLE-00159,2007-05-22,폐업,2012-09-28,경기도 김포시 사우동 733-16,경기도 김포시 봉화로 223,샘플식당 0159,김밥(도시락)
160,일반음식점,SAMPLE-00160,2007-05-25,폐업,2014-07-23,경기도 김포시 대곶면 1970-17,경기도 김포시 양촌로 130,샘플식당 0160,한식
161,일반음식점,SAMPLE-00161,2007-05-28,폐업,2011-02-22,경기도 김포시 통진읍 1146-22,경기도 김포시 김포대로 295,샘플식당 0161,기타
162,일반음식점,SAMPLE-00162,2007-06-07,폐업,2015-01-08,경기도 김포시 장기동 1637-26,경기도 김포시 김포대로 244,샘플식당 0162,한식
163,일반음식점,SAMPLE-00163,2007-06-12,폐업,2012-11-07,경기도 김포시 사우동 426-16,경기도 김포시 승가로 178,샘플식당 0163,한식
164,일반음식점,SAMPLE-00164,2007-06-14,폐업,2011-06-17,경기도 김포시 감정동 1585-10,경기도 김포시 태장로 130,샘플식당 0164,분식
165,일반음식점,SAMPLE-00165,2007-06-17,폐업,2012-02-04,경기도 김포시 월곶면 240-6,경기도 김포시 김포한강9로 252,샘플식당 0165,한식
166,일반음식점,SAMPLE-00166,2007-06-22,폐업,2011-06-12,경기도 김포시 북변동 1734-12,경기도 김포시 태장로 14,샘플식당 0166,한식
167,일반음식점,SAMPLE-00167,2007-06-25,폐업,2013-01-31,경기도 김포시 통진읍 326-8,경기도 김포시 김포한강9로 103,샘플식당 0167,제과점영업
168,일반음식점,SAMPLE-00168,2007-06-27,폐업,2009-07-18,경기도 김포시 사우동 492-21,경기도 김포시 태장로 53,샘플식당 0168,까페
169,일반음식점,SAMPLE-00169,2007-06-29,폐업,2009-03-16,경기도 김포시 하성면 452-20,경기도 김포시 김포한강4로 125,샘플식당 0169,커피숍
170,일반음식점,SAMPLE-00170,2007-07-06,폐업,2015-06-29,경기도 김포시 통진읍 309-13,경기도 김포시 통진로 92,샘플식당 0170,한식
171,일반음식점,SAMPLE-00171,2007-07-09,폐업,2020-10-24,경기도 김포시 사우동 756-12,경기도 김포시 통진로 200,샘플식당 0171,한식
172,일반음식점,SAMPLE-00172,2007-07-17,폐업,2020-01-02,경기도 김포시 사우동 41-28,경기도 김포시 통진로 140,샘플식당 0172,경양식
173,일반음식점,SAMPLE-00173,2007-07-20,영업/정상,,경기도 김포시 사우동 852-6,경기도 김포시 김포한강9로 60,샘플식당 0173,한식
174,일반음식점,SAMPLE-00174,2007-07-28,폐업,2010-08-23,경기도 김포시 북변동 1194-18,경기도 김포시 김포한강4로 218,샘플식당 0174,한식
175,일반음식점,SAMPLE-00175,2007-07-28,폐업,2010-02-12,경기도 김포시 월곶면 1023-29,경기도 김포시 승가로 238,샘플식당 0175,정종/대포집/소주방
176,일반음식점,SAMPLE-00176,2007-08-01,폐업,2018-01-16,경기도 김포시 풍무동 1974-17,경기도 김포시 김포대로 82,샘플식당 0176,한식
177,일반음식점,SAMPLE-00177,2007-08-06,폐업,2011-01-23,경기도 김포시 북변동 308-23,경기도 김포시 김포대로 250,샘플식당 0177,분식
178,일반음식점,SAMPLE-00178,2007-08-06,폐업,2010-10-03,경기도 김포시 사우동 1485-25,경기도 김포시 김포한강4로 119,샘플식당 0178,한식
179,일반음식점,SAMPLE-00179,2007-08-13,폐업,2010-01-18,경기도 김포시 북변동 1510-6,경기도 김포시 봉화로 190,샘플식당 0179,한식
180,일반음식점,SAMPLE-00180,2007-08-15,폐업,2010-04-09,경기도 김포시 사우동 1985-2,경기도 김포시 양촌로 250,샘플식당 0180,한식
181,일반음식점,SAMPLE-00181,2007-08-24,폐업,2008-07-15,경기도 김포시 북변동 287-19,경기도 김포시 통진로 269,샘플식당 0181,커피숍
182,일반음식점,SAMPLE-00182,2007-09-16,폐업,2010-01-23,경기도 김포시 대곶면 1024-16,경기도 김포시 양촌로 167,샘플식당 0182,정종/대포집/소주방
183,일반음식점,SAMPLE-00183,2007-09-20,폐업,2009-10-28,경기도 김포시 사우동 278-21,경기도 김포시 태장로 106,샘플식당 0183,까페
184,일반음식점,SAMPLE-00184,2007-09-28,폐업,2021-06-06,경기도 김포시 구래동 695-21,경기도 김포시 태장로 44,샘플식당 0184,커피숍
185,일반음식점,SAMPLE-00185,2007-09-28,폐업,2008-04-26,경기도 김포시 북변동 304-17,경기도 김포시 승가로 237,샘플식당 0185,일식
186,일반음식점,SAMPLE-00186,2007-10-02,폐업,2013-10-23,경기도 김포시 운양동 793-3,경기도 김포시 김포대로 56,샘플식당 0186,중국식
187,일반음식점,SAMPLE-00187,2007-10-07,폐업,2011-02-05,경기도 김포시 북변동 717-30,경기도 김포시 승가로 23,샘플식당 0187,제과점영업
188,일반음식점,SAMPLE-00188,2007-10-10,폐업,2008-04-19,경기도 김포시 감정동 519-27,경기도 김포시 김포한강9로 45,샘플식당 0188,분식
189,일반음식점,SAMPLE-00189,2007-10-12,폐업,2014-08-14,경기도 김포시 월곶면 1186-12,경기도 김포시 김포한강9로 196,샘플식당 0189,중국식
190,일반음식점,SAMPLE-00190,2007-10-14,폐업,2009-08-25,경기도 김포시 대곶면 516-3,경기도 김포시 통진로 46,샘플식당 0190,커피숍
191,일반음식점,SAMPLE-00191,2007-10-22,폐업,2013-01-04,경기도 김포시 통진읍 426-24,경기도 김포시 양촌로 168,샘플식당 0191,한식
192,일반음식점,SAMPLE-00192,2007-11-10,폐업,2009-10-28,경기도 김포시 통진읍 303-11,경기도 김포시 김포대로 66,샘플식당 0192,기타
193,일반음식점,SAMPLE-00193,2007-11-13,폐업,2013-08-31,경기도 김포시 구래동 639-25,경기도 김포시 김포대로 47,샘플식당 0193,한식
194,일반음식점,SAMPLE-00194,2007-11-19,폐업,2013-09-20,경기도 김포시 북변동 1829-1,경기도 김포시 통진로 296,샘플식당 0194,제과점영업
195,일반음식점,SAMPLE-00195,2007-11-23,폐업,2018-11-11,경기도 김포시 풍무동 1144-9,경기도 김포시 김포대로 138,샘플식당 0195,한식
196,일반음식점,SAMPLE-00196,2007-11-30,폐업,2011-11-18,경기도 김포시 북변동 1970-4,경기도 김포시 양촌로 43,샘플식당 0196,호프/통닭
197,일반음식점,SAMPLE-00197,2007-12-07,폐업,2018-02-06,경기도 김포시 북변동 145-14,경기도 김포시 김포대로 35,샘플식당 0197,한식
198,일반음식점,SAMPLE-00198,2007-12-14,폐업,2010-05-12,경기도 김포시 사우동 1903-8,경기도 김포시 봉화로 272,샘플식당 0198,커피숍
199,일반음식점,SAMPLE-00199,2007-12-15,폐업,2023-03-06,경기도 김포시 양촌읍 1919-12,경기도 김포시 김포대로 115,샘플식당 0199,제과점영업
200,일반음식점,SAMPLE-00200,2007-12-15,폐업,2014-01-10,경기도 김포시 북변동 1961-4,경기도 김포시 김포한강9로 167,샘플식당 0200,까페
201,일반음식점,SAMPLE-00201,2007-12-17,폐업,2010-05-29,경기도 김포시 사우동 792-12,경기도 김포시 봉화로 182,샘플식당 0201,정종/대포집/소주방
202,일반음식점,SAMPLE-00202,2007-12-25,폐업,2011-11-02,경기도 김포시 운양동 1898-2,경기도 김포시 고촌로 235,샘플식당 0202,한식
203,일반음식점,SAMPLE-00203,2007-12-29,폐업,2010-04-11,경기도 김포시 사우동 432-11,경기도 김포시 김포대로 116,샘플식당 0203,제과점영업
204,일반음식점,SAMPLE-00204,2008-01-01,폐업,2014-09-23,경기도 김포시 사우동 437-5,경기도 김포시 태장로 138,샘플식당 0204,한식
205,일반음식점,SAMPLE-00205,2008-01-02,폐업,2011-03-23,경기도 김포시 감정동 767-12,경기도 김포시 김포대로 12,샘플식당 0205,호프/통닭
206,일반음식점,SAMPLE-00206,2008-01-02,영업/정상,,경기도 김포시 고촌읍 1447-27,경기도 김포시 통진로 60,샘플식당 0206,한식
207,일반음식점,SAMPLE-00207,2008-01-05,영업/정상,,경기도 김포시 통진읍 246-24,경기도 김포시 승가로 103,샘플식당 0207,분식
208,일반음식점,SAMPLE-00208,2008-01-11,폐업,2013-01-11,경기도 김포시 북변동 1844-9,경기도 김포시 통진로 172,샘플식당 0208,일식
209,일반음식점,SAMPLE-00209,2008-01-13,폐업,2016-02-20,경기도 김포시 대곶면 596-10,경기도 김포시 승가로 158,샘플식당 0209,커피숍
210,일반음식점,SAMPLE-00210,2008-01-14,폐업,2008-07-22,경기도 김포시 감정동 1400-13,경기도 김포시 고촌로 18,샘플식당 0210,정종/대포집/소주방
211,일반음식점,SAMPLE-00211,2008-01-14,폐업,2011-10-04,경기도 김포시 장기동 503-12,경기도 김포시 양촌로 268,샘플식당 0211,까페
212,일반음식점,SAMPLE-00212,2008-01-21,폐업,2014-04-29,경기도 김포시 월곶면 1907-21,경기도 김포시 봉화로 60,샘플식당 0212,한식
213,일반음식점,SAMPLE-00213,2008-01-26,폐업,2012-01-19,경기도 김포시 감정동 105-10,경기도 김포시 김포한강9로 288,샘플식당 0213,정종/대포집/소주방
214,일반음식점,SAMPLE-00214,2008-02-12,폐업,2013-06-18,경기도 김포시 사우동 767-18,경기도 김포시 양촌로 197,샘플식당 0214,한식
215,일반음식점,SAMPLE-00215,2008-02-27,폐업,2011-10-25,경기도 김포시 사우동 1744-26,경기도 김포시 통진로 213,샘플식당 0215,경양식
216,일반음식점,SAMPLE-00216,2008-02-28,폐업,2010-11-25,경기도 김포시 장기동 1244-22,경기도 김포시 봉화로 229,샘플식당 0216,한식
217,일반음식점,SAMPLE-00217,2008-03-03,영업/정상,,경기도 김포시 대곶면 1455-19,경기도 김포시 통진로 291,샘플식당 0217,일식
218,일반음식점,SAMPLE-00218,2008-03-09,폐업,2024-08-22,경기도 김포시 운양동 1854-17,경기도 김포시 승가로 228,샘플식당 0218,한식
219,일반음식점,SAMPLE-00219,2008-03-16,폐업,2019-10-06,경기도 김포시 풍무동 1652-16,경기도 김포시 태장로 198,샘플식당 0219,분식
220,일반음식점,SAMPLE-00220,2008-03-16,폐업,2019-12-16,경기도 김포시 북변동 1161-19,경기도 김포시 김포한강4로 294,샘플식당 0220,커피숍
221,일반음식점,SAMPLE-00221,2008-03-17,폐업,2019-08-25,경기도 김포시 북변동 880-2,경기도 김포시 고촌로 83,샘플식당 0221,한식
222,일반음식점,SAMPLE-00222,2008-03-27,폐업,2010-06-09,경기도 김포시 감정동 93-18,경기도 김포시 고촌로 40,샘플식당 0222,분식
223,일반음식점,SAMPLE-00223,2008-03-28,폐업,2013-05-31,경기도 김포시 감정동 1181-26,경기도 김포시 고촌로 192,샘플식당 0223,김밥(도시락)
224,일반음식점,SAMPLE-00224,2008-03-29,폐업,2014-05-17,경기도 김포시 감정동 39-10,경기도 김포시 통진로 173,샘플식당 0224,제과점영업
225,일반음식점,SAMPLE-00225,2008-04-04,폐업,2011-01-28,경기도 김포시 대곶면 1867-18,경기도 김포시 봉화로 169,샘플식당 0225,일식
226,일반음식점,SAMPLE-00226,2008-04-08,폐업,2011-03-05,경기도 김포시 구래동 568-29,경기도 김포시 김포한강4로 226,샘플식당 0226,중국식
227,일반음식점,SAMPLE-00227,2008-04-25,폐업,2015-07-26,경기도 김포시 하성면 744-16,경기도 김포시 고촌로 103,샘플식당 0227,한식
228,일반음식점,SAMPLE-00228,2008-05-03,폐업,2012-01-20,경기도 김포시 양촌읍 1964-5,경기도 김포시 승가로 62,샘플식당 0228,일식
229,일반음식점,SAMPLE-00229,2008-05-04,폐업,2015-04-07,경기도 김포시 하성면 1763-25,경기도 김포시 통진로 285,샘플식당 0229,까페
230,일반음식점,SAMPLE-00230,2008-05-06,폐업,2015-12-23,경기도 김포시 사우동 1431-8,경기도 김포시 통진로 47,샘플식당 0230,한식
231,일반음식점,SAMPLE-00231,2008-05-18,폐업,2009-05-17,경기도 김포시 사우동 1668-1,경기도 김포시 김포대로 57,샘플식당 0231,정종/대포집/소주방
232,일반음식점,SAMPLE-00232,2008-05-23,폐업,2015-10-17,경기도 김포시 고촌읍 853-3,경기도 김포시 김포한강9로 168,샘플식당 0232,기타
233,일반음식점,SAMPLE-00233,2008-05-23,폐업,2011-05-05,경기도 김포시 북변동 1878-16,경기도 김포시 양촌로 180,샘플식당 0233,한식
234,일반음식점,SAMPLE-00234,2008-05-25,폐업,2012-12-04,경기도 김포시 사우동 521-16,경기도 김포시 승가로 176,샘플식당 0234,호프/통닭
235,일반음식점,SAMPLE-00235,2008-06-03,폐업,2015-07-15,경기도 김포시 통진읍 1305-10,경기도 김포시 고촌로 275,샘플식당 0235,중국식
236,일반음식점,SAMPLE-00236,2008-06-11,폐업,2013-11-30,경기도 김포시 사우동 1577-10,경기도 김포시 김포대로 54,샘플식당 0236,한식
237,일반음식점,SAMPLE-00237,2008-06-18,폐업,2013-12-25,경기도 김포시 북변동 1278-16,경기도 김포시 김포한강9로 98,샘플식당 0237,일식
238,일반음식점,SAMPLE-00238,2008-06-22,폐업,2013-11-04,경기도 김포시 사우동 120-29,경기도 김포시 통진로 2,샘플식당 0238,한식
239,일반음식점,SAMPLE-00239,2008-07-02,폐업,2015-02-25,경기도 김포시 사우동 654-17,경기도 김포시 양촌로 201,샘플식당 0239,정종/대포집/소주방
240,일반음식점,SAMPLE-00240,2008-07-03,폐업,2011-09-16,경기도 김포시 사우동 1300-25,경기도 김포시 봉화로 188,샘플식당 0240,한식
241,일반음식점,SAMPLE-00241,2008-07-25,폐업,2010-06-22,경기도 김포시 고촌읍 1681-14,경기도 김포시 김포한강4로 157,샘플식당 0241,정종/대포집/소주방
242,일반음식점,SAMPLE-00242,2008-07-25,폐업,2014-12-22,경기도 김포시 북변동 1907-27,경기도 김포시 승가로 163,샘플식당 0242,호프/통닭
243,일반음식점,SAMPLE-00243,2008-07-26,폐업,2022-03-24,경기도 김포시 북변동 1449-30,경기도 김포시 승가로 140,샘플식당 0243,한식
244,일반음식점,SAMPLE-00244,2008-08-01,폐업,2012-02-17,경기도 김포시 하성면 1855-4,경기도 김포시 통진로 239,샘플식당 0244,호프/통닭
245,일반음식점,SAMPLE-00245,2008-08-09,폐업,2013-02-26,경기도 김포시 걸포동 1682-10,경기도 김포시 김포한강9로 151,샘플식당 0245,한식
246,일반음식점,SAMPLE-00246,2008-08-10,폐업,2012-09-22,경기도 김포시 사우동 1065-17,경기도 김포시 김포대로 174,샘플식당 0246,분식
247,일반음식점,SAMPLE-00247,2008-08-22,폐업,2011-02-16,경기도 김포시 감정동 830-15,경기도 김포시 태장로 249,샘플식당 0247,커피숍
248,일반음식점,SAMPLE-00248,2008-08-25,폐업,2009-11-26,경기도 김포시 걸포동 1313-5,경기도 김포시 통진로 81,샘플식당 0248,정종/대포집/소주방
249,일반음식점,SAMPLE-00249,2008-09-09,영업/정상,,경기도 김포시 월곶면 165-29,경기도 김포시 승가로 273,샘플식당 0249,분식
250,일반음식점,SAMPLE-00250,2008-09-10,폐업,2011-04-15,경기도 김포시 사우동 468-15,경기도 김포시 태장로 86,샘플식당 0250,한식
251,일반음식점,SAMPLE-00251,2008-09-20,폐업,2013-01-29,경기도 김포시 운양동 1255-23,경기도 김포시 김포대로 115,샘플식당 0251,중국식
252,일반음식점,SAMPLE-00252,2008-09-22,폐업,2011-09-04,경기도 김포시 사우동 125-19,경기도 김포시 김포한강4로 168,샘플식당 0252,호프/통닭
253,일반음식점,SAMPLE-00253,2008-09-23,폐업,2019-08-10,경기도 김포시 북변동 745-11,경기도 김포시 김포대로 131,샘플식당 0253,분식
254,일반음식점,SAMPLE-00254,2008-09-26,폐업,2021-11-24,경기도 김포시 북변동 581-10,경기도 김포시 김포대로 295,샘플식당 0254,제과점영업
255,일반음식점,SAMPLE-00255,2008-09-26,폐업,2013-08-25,경기도 김포시 풍무동 490-27,경기도 김포시 김포한강4로 88,샘플식당 0255,정종/대포집/소주방
256,일반음식점,SAMPLE-00256,2008-10-02,폐업,2010-10-19,경기도 김포시 사우동 661-1,경기도 김포시 김포한강9로 72,샘플식당 0256,분식
257,일반음식점,SAMPLE-00257,2008-10-09,폐업,2009-05-02,경기도 김포시 하성면 1781-25,경기도 김포시 봉화로 12,샘플식당 0257,커피숍
258,일반음식점,SAMPLE-00258,2008-10-11,폐업,2014-01-07,경기도 김포시 사우동 1548-6,경기도 김포시 김포대로 85,샘플식당 0258,호프/통닭
259,일반음식점,SAMPLE-00259,2008-10-17,폐업,2010-07-26,경기도 김포시 사우동 436-23,경기도 김포시 고촌로 260,샘플식당 0259,일식
260,일반음식점,SAMPLE-00260,2008-10-17,폐업,2011-06-13,경기도 김포시 풍무동 768-29,경기도 김포시 승가로 259,샘플식당 0260,호프/통닭
261,일반음식점,SAMPLE-00261,2008-10-17,폐업,2010-07-05,경기도 김포시 월곶면 1054-25,경기도 김포시 양촌로 223,샘플식당 0261,호프/통닭
262,일반음식점,SAMPLE-00262,2008-10-20,폐업,2015-08-15,경기도 김포시 감정동 825-10,경기도 김포시 고촌로 201,샘플식당 0262,분식
263,일반음식점,SAMPLE-00263,2008-10-22,폐업,2013-05-13,경기도 김포시 월곶면 1242-4,경기도 김포시 봉화로 106,샘플식당 0263,까페
264,일반음식점,SAMPLE-00264,2008-10-24,폐업,2013-07-15,경기도 김포시 사우동 1207-2,경기도 김포시 태장로 215,샘플식당 0264,분식
265,일반음식점,SAMPLE-00265,2008-10-30,폐업,2015-03-14,경기도 김포시 감정동 520-5,경기도 김포시 김포대로 229,샘플식당 0265,분식
266,일반음식점,SAMPLE-00266,2008-11-02,폐업,2017-04-09,경기도 김포시 대곶면 1597-6,경기도 김포시 고촌로 2,샘플식당 0266,정종/대포집/소주방
267,일반음식점,SAMPLE-00267,2008-11-02,폐업,2018-07-05,경기도 김포시 사우동 1315-8,경기도 김포시 승가로 108,샘플식당 0267,한식
268,일반음식점,SAMPLE-00268,2008-11-03,폐업,2010-04-03,경기도 김포시 감정동 1455-19,경기도 김포시 김포한강4로 251,샘플식당 0268,한식
269,일반음식점,SAMPLE-00269,2008-11-05,폐업,2011-04-22,경기도 김포시 통진읍 1736-29,경기도 김포시 통진로 10,샘플식당 0269,호프/통닭
270,일반음식점,SAMPLE-00270,2008-11-06,폐업,2012-05-10,경기도 김포시 북변동 411-13,경기도 김포시 봉화로 70,샘플식당 0270,정종/대포집/소주방
271,일반음식점,SAMPLE-00271,2008-11-17,폐업,2014-05-04,경기도 김포시 북변동 1404-22,경기도 김포시 봉화로 28,샘플식당 0271,중국식
272,일반음식점,SAMPLE-00272,2008-11-25,폐업,2012-09-09,경기도 김포시 대곶면 610-13,경기도 김포시 통진로 38,샘플식당 0272,정종/대포집/소주방
273,일반음식점,SAMPLE-00273,2008-11-30,폐업,2014-10-29,경기도 김포시 사우동 1774-22,경기도 김포시 양촌로 202,샘플식당 0273,호프/통닭
274,일반음식점,SAMPLE-00274,2008-12-12,폐업,2009-12-29,경기도 김포시 사우동 1253-25,경기도 김포시 봉화로 186,샘플식당 0274,기타
275,일반음식점,SAMPLE-00275,2008-12-13,폐업,2012-12-10,경기도 김포시 사우동 1079-28,경기도 김포시 승가로 176,샘플식당 0275,기타
276,일반음식점,SAMPLE-00276,2008-12-16,폐업,2013-07-22,경기도 김포시 통진읍 515-12,경기도 김포시 태장로 219,샘플식당 0276,한식
277,일반음식점,SAMPLE-00277,2008-12-22,폐업,2025-04-24,경기도 김포시 고촌읍 1192-19,경기도 김포시 양촌로 88,샘플식당 0277,한식
278,일반음식점,SAMPLE-00278,2008-12-26,폐업,2011-09-17,경기도 김포시 대곶면 1991-23,경기도 김포시 봉화로 200,샘플식당 0278,김밥(도시락)
279,일반음식점,SAMPLE-00279,2009-01-01,폐업,2010-04-02,경기도 김포시 사우동 1521-23,경기도 김포시 김포대로 123,샘플식당 0279,커피숍
280,일반음식점,SAMPLE-00280,2009-01-05,폐업,2011-08-13,경기도 김포시 사우동 1050-11,경기도 김포시 통진로 247,샘플식당 0280,기타
281,일반음식점,SAMPLE-00281,2009-01-09,폐업,2013-01-16,경기도 김포시 사우동 921-10,경기도 김포시 김포한강4로 298,샘플식당 0281,호프/통닭
282,일반음식점,SAMPLE-00282,2009-01-10,폐업,2015-06-15,경기도 김포시 감정동 1466-4,경기도 김포시 김포한강4로 9,샘플식당 0282,한식
283,일반음식점,SAMPLE-00283,2009-01-17,폐업,2011-07-14,경기도 김포시 북변동 1749-2,경기도 김포시 김포한강9로 271,샘플식당 0283,한식
284,일반음식점,SAMPLE-00284,2009-01-19,폐업,2016-11-19,경기도 김포시 북변동 804-16,경기도 김포시 승가로 245,샘플식당 0284,한식
285,일반음식점,SAMPLE-00285,2009-01-26,폐업,2012-04-14,경기도 김포시 걸포동 860-15,경기도 김포시 통진로 21,샘플식당 0285,호프/통닭
286,일반음식점,SAMPLE-00286,2009-01-28,폐업,2021-02-19,경기도 김포시 사우동 1296-16,경기도 김포시 김포한강4로 289,샘플식당 0286,한식
287,일반음식점,SAMPLE-00287,2009-01-30,폐업,2013-03-27,경기도 김포시 북변동 368-1,경기도 김포시 양촌로 50,샘플식당 0287,분식
288,일반음식점,SAMPLE-00288,2009-02-24,폐업,2018-03-06,경기도 김포시 통진읍 291-19,경기도 김포시 태장로 155,샘플식당 0288,한식
289,일반음식점,SAMPLE-00289,2009-03-01,폐업,2014-04-05,경기도 김포시 마산동 1657-11,경기도 김포시 태장로 102,샘플식당 0289,호프/통닭
290,일반음식점,SAMPLE-00290,2009-03-10,영업/정상,,경기도 김포시 북변동 1685-1,경기도 김포시 통진로 177,샘플식당 0290,분식
291,일반음식점,SAMPLE-00291,2009-03-11,폐업,2012-07-29,경기도 김포시 북변동 680-6,경기도 김포시 승가로 223,샘플식당 0291,기타
292,일반음식점,SAMPLE-00292,2009-03-16,폐업,2015-12-28,경기도 김포시 장기동 418-4,경기도 김포시 봉화로 16,샘플식당 0292,한식
293,일반음식점,SAMPLE-00293,2009-03-16,폐업,2016-05-02,경기도 김포시 사우동 974-13,경기도 김포시 봉화로 185,샘플식당 0293,한식
294,일반음식점,SAMPLE-00294,2009-03-16,폐업,2015-03-14,경기도 김포시 하성면 991-13,경기도 김포시 봉화로 259,샘플식당 0294,중국식
295,일반음식점,SAMPLE-00295,2009-03-18,폐업,2010-01-16,경기도 김포시 운양동 95-19,경기도 김포시 김포한강4로 26,샘플식당 0295,까페
296,일반음식점,SAMPLE-00296,2009-03-19,폐업,2013-04-11,경기도 김포시 월곶면 1032-27,경기도 김포시 김포한강9로 62,샘플식당 0296,호프/통닭
297,일반음식점,SAMPLE-00297,2009-03-20,폐업,2020-01-30,경기도 김포시 사우동 1559-2,경기도 김포시 김포한강4로 238,샘플식당 0297,한식
298,일반음식점,SAMPLE-00298,2009-03-23,폐업,2009-11-10,경기도 김포시 사우동 117-15,경기도 김포시 봉화로 110,샘플식당 0298,커피숍
299,일반음식점,SAMPLE-00299,2009-03-28,폐업,2010-12-01,경기도 김포시 대곶면 1722-27,경기도 김포시 통진로 196,샘플식당 0299,호프/통닭
300,일반음식점,SAMPLE-00300,2009-03-31,폐업,2019-08-08,경기도 김포시 북변동 367-23,경기도 김포시 김포한강4로 159,샘플식당 0300,제과점영업
301,일반음식점,SAMPLE-00301,2009-04-04,폐업,2016-05-19,경기도 김포시 양촌읍 923-21,경기도 김포시 봉화로 149,샘플식당 0301,기타
302,일반음식점,SAMPLE-00302,2009-04-09,폐업,2018-11-08,경기도 김포시 장기동 465-29,경기도 김포시 봉화로 163,샘플식당 0302,중국식
303,일반음식점,SAMPLE-00303,2009-04-09,폐업,2014-10-18,경기도 김포시 북변동 719-22,경기도 김포시 태장로 207,샘플식당 0303,제과점영업
304,일반음식점,SAMPLE-00304,2009-04-20,영업/정상,,경기도 김포시 양촌읍 1110-22,경기도 김포시 고촌로 121,샘플식당 0304,일식
305,일반음식점,SAMPLE-00305,2009-04-20,폐업,2014-06-20,경기도 김포시 운양동 1721-19,경기도 김포시 통진로 156,샘플식당 0305,한식
306,일반음식점,SAMPLE-00306,2009-04-20,폐업,2010-07-26,경기도 김포시 구래동 871-17,경기도 김포시 김포한강4로 194,샘플식당 0306,제과점영업
307,일반음식점,SAMPLE-00307,2009-04-22,폐업,2010-08-23,경기도 김포시 마산동 1705-23,경기도 김포시 통진로 31,샘플식당 0307,커피숍
308,일반음식점,SAMPLE-00308,2009-04-26,폐업,2022-12-05,경기도 김포시 사우동 1492-5,경기도 김포시 태장로 62,샘플식당 0308,한식
309,일반음식점,SAMPLE-00309,2009-05-01,폐업,2011-04-27,경기도 김포시 북변동 1390-9,경기도 김포시 김포한강9로 182,샘플식당 0309,정종/대포집/소주방
310,일반음식점,SAMPLE-00310,2009-05-05,폐업,2013-12-09,경기도 김포시 사우동 586-12,경기도 김포시 고촌로 38,샘플식당 0310,중국식
311,일반음식점,SAMPLE-00311,2009-05-09,폐업,2010-10-20,경기도 김포시 사우동 299-28,경기도 김포시 김포한강9로 128,샘플식당 0311,경양식
312,일반음식점,SAMPLE-00312,2009-05-11,폐업,2014-04-30,경기도 김포시 북변동 986-23,경기도 김포시 태장로 32,샘플식당 0312,중국식
313,일반음식점,SAMPLE-00313,2009-05-12,폐업,2010-10-04,경기도 김포시 통진읍 834-12,경기도 김포시 봉화로 52,샘플식당 0313,커피숍
314,일반음식점,SAMPLE-00314,2009-05-20,폐업,2012-09-19,경기도 김포시 구래동 622-11,경기도 김포시 통진로 61,샘플식당 0314,한식
315,일반음식점,SAMPLE-00315,2009-05-28,폐업,2013-08-21,경기도 김포시 통진읍 926-13,경기도 김포시 고촌로 125,샘플식당 0315,한식
316,일반음식점,SAMPLE-00316,2009-05-28,폐업,2011-11-15,경기도 김포시 통진읍 360-4,경기도 김포시 김포대로 213,샘플식당 0316,정종/대포집/소주방
317,일반음식점,SAMPLE-00317,2009-06-24,폐업,2017-10-22,경기도 김포시 감정동 942-23,경기도 김포시 통진로 150,샘플식당 0317,중국식
318,일반음식점,SAMPLE-00318,2009-06-27,폐업,2015-05-23,경기도 김포시 고촌읍 431-19,경기도 김포시 김포대로 33,샘플식당 0318,호프/통닭
319,일반음식점,SAMPLE-00319,2009-07-06,폐업,2012-01-14,경기도 김포시 북변동 630-26,경기도 김포시 봉화로 189,샘플식당 0319,호프/통닭
320,일반음식점,SAMPLE-00320,2009-07-09,폐업,2026-05-08,경기도 김포시 장기동 1198-2,경기도 김포시 김포한강4로 223,샘플식당 0320,한식
321,일반음식점,SAMPLE-00321,2009-07-13,폐업,2011-06-28,경기도 김포시 사우동 1970-10,경기도 김포시 김포한강4로 192,샘플식당 0321,커피숍
322,일반음식점,SAMPLE-00322,2009-07-20,폐업,2012-11-24,경기도 김포시 북변동 833-13,경기도 김포시 봉화로 228,샘플식당 0322,한식
323,일반음식점,SAMPLE-00323,2009-07-21,폐업,2010-12-09,경기도 김포시 통진읍 395-10,경기도 김포시 김포대로 148,샘플식당 0323,호프/통닭
324,일반음식점,SAMPLE-00324,2009-08-06,폐업,2011-09-01,경기도 김포시 북변동 518-1,경기도 김포시 김포대로 63,샘플식당 0324,커피숍
325,일반음식점,SAMPLE-00325,2009-09-01,폐업,2022-07-09,경기도 김포시 하성면 1859-9,경기도 김포시 김포한강9로 189,샘플식당 0325,경양식
326,일반음식점,SAMPLE-00326,2009-09-05,폐업,2011-12-12,경기도 김포시 대곶면 1468-24,경기도 김포시 고촌로 104,샘플식당 0326,한식
327,일반음식점,SAMPLE-00327,2009-09-08,폐업,2013-12-11,경기도 김포시 월곶면 810-6,경기도 김포시 김포대로 67,샘플식당 0327,분식
328,일반음식점,SAMPLE-00328,2009-09-15,폐업,2020-11-22,경기도 김포시 사우동 770-11,경기도 김포시 양촌로 196,샘플식당 0328,중국식
329,일반음식점,SAMPLE-00329,2009-09-16,폐업,2026-06-07,경기도 김포시 사우동 252-16,경기도 김포시 양촌로 163,샘플식당 0329,한식
330,일반음식점,SAMPLE-00330,2009-09-28,폐업,2020-06-07,경기도 김포시 월곶면 1736-19,경기도 김포시 양촌로 125,샘플식당 0330,한식
331,일반음식점,SAMPLE-00331,2009-10-03,폐업,2024-01-17,경기도 김포시 감정동 1397-17,경기도 김포시 봉화로 275,샘플식당 0331,기타
332,일반음식점,SAMPLE-00332,2009-10-10,폐업,2013-01-17,경기도 김포시 사우동 1582-21,경기도 김포시 봉화로 20,샘플식당 0332,분식
333,일반음식점,SAMPLE-00333,2009-10-13,폐업,2017-05-26,경기도 김포시 풍무동 372-17,경기도 김포시 김포한강4로 267,샘플식당 0333,분식
334,일반음식점,SAMPLE-00334,2009-10-14,폐업,2014-07-31,경기도 김포시 하성면 1447-29,경기도 김포시 양촌로 4,샘플식당 0334,커피숍
335,일반음식점,SAMPLE-00335,2009-10-30,폐업,2010-12-03,경기도 김포시 하성면 1797-25,경기도 김포시 고촌로 35,샘플식당 0335,정종/대포집/소주방
336,일반음식점,SAMPLE-00336,2009-10-31,폐업,2013-03-04,경기도 김포시 감정동 1829-30,경기도 김포시 태장로 69,샘플식당 0336,한식
337,일반음식점,SAMPLE-00337,2009-11-01,폐업,2017-08-18,경기도 김포시 통진읍 325-21,경기도 김포시 김포한강4로 144,샘플식당 0337,한식
338,일반음식점,SAMPLE-00338,2009-11-05,폐업,2011-08-31,경기도 김포시 마산동 1470-4,경기도 김포시 고촌로 17,샘플식당 0338,호프/통닭
339,일반음식점,SAMPLE-00339,2009-11-07,폐업,2010-11-11,경기도 김포시 사우동 1320-8,경기도 김포시 김포한강9로 10,샘플식당 0339,까페
340,일반음식점,SAMPLE-00340,2009-11-09,폐업,2011-01-21,경기도 김포시 사우동 1752-12,경기도 김포시 고촌로 134,샘플식당 0340,커피숍
341,일반음식점,SAMPLE-00341,2009-11-10,폐업,2013-07-18,경기도 김포시 북변동 930-9,경기도 김포시 통진로 273,샘플식당 0341,커피숍
342,일반음식점,SAMPLE-00342,2009-11-12,폐업,2012-07-24,경기도 김포시 사우동 1084-4,경기도 김포시 김포대로 231,샘플식당 0342,김밥(도시락)
343,일반음식점,SAMPLE-00343,2009-11-19,폐업,2013-10-03,경기도 김포시 사우동 1564-23,경기도 김포시 김포한강9로 235,샘플식당 0343,정종/대포집/소주방
344,일반음식점,SAMPLE-00344,2009-11-20,폐업,2013-10-27,경기도 김포시 감정동 1558-18,경기도 김포시 태장로 167,샘플식당 0344,일식
345,일반음식점,SAMPLE-00345,2009-11-25,폐업,2011-06-19,경기도 김포시 북변동 78-13,경기도 김포시 태장로 77,샘플식당 0345,호프/통닭
346,일반음식점,SAMPLE-00346,2009-11-28,폐업,2012-09-05,경기도 김포시 장기동 1814-7,경기도 김포시 태장로 107,샘플식당 0346,커피숍
347,일반음식점,SAMPLE-00347,2009-12-06,폐업,2012-03-15,경기도 김포시 통진읍 614-2,경기도 김포시 고촌로 60,샘플식당 0347,분식
348,일반음식점,SAMPLE-00348,2009-12-08,폐업,2012-11-18,경기도 김포시 걸포동 596-27,경기도 김포시 김포한강4로 268,샘플식당 0348,일식
349,일반음식점,SAMPLE-00349,2009-12-08,폐업,2019-04-22,경기도 김포시 사우동 813-5,경기도 김포시 통진로 296,샘플식당 0349,한식
350,일반음식점,SAMPLE-00350,2009-12-12,폐업,2013-03-10,경기도 김포시 사우동 1381-29,경기도 김포시 태장로 219,샘플식당 0350,커피숍
351,일반음식점,SAMPLE-00351,2009-12-15,폐업,2018-08-29,경기도 김포시 월곶면 1198-1,경기도 김포시 김포한강4로 247,샘플식당 0351,경양식
352,일반음식점,SAMPLE-00352,2009-12-16,폐업,2014-11-10,경기도 김포시 감정동 1747-11,경기도 김포시 통진로 126,샘플식당 0352,한식
353,일반음식점,SAMPLE-00353,2009-12-17,폐업,2014-10-03,경기도 김포시 통진읍 1261-23,경기도 김포시 태장로 207,샘플식당 0353,일식
354,일반음식점,SAMPLE-00354,2009-12-27,폐업,2015-05-18,경기도 김포시 대곶면 342-25,경기도 김포시 김포한강9로 273,샘플식당 0354,분식
355,일반음식점,SAMPLE-00355,2009-12-28,폐업,2016-01-03,경기도 김포시 통진읍 1731-28,경기도 김포시 김포한강4로 91,샘플식당 0355,분식
356,일반음식점,SAMPLE-00356,2010-01-06,폐업,2016-01-11,경기도 김포시 사우동 222-30,경기도 김포시 고촌로 284,샘플식당 0356,김밥(도시락)
357,일반음식점,SAMPLE-00357,2010-01-14,폐업,2024-11-04,경기도 김포시 북변동 482-3,경기도 김포시 통진로 49,샘플식당 0357,한식
358,일반음식점,SAMPLE-00358,2010-01-18,폐업,2019-05-29,경기도 김포시 마산동 708-25,경기도 김포시 승가로 242,샘플식당 0358,정종/대포집/소주방
359,일반음식점,SAMPLE-00359,2010-01-20,영업/정상,,경기도 김포시 북변동 1245-12,경기도 김포시 김포한강9로 176,샘플식당 0359,한식
360,일반음식점,SAMPLE-00360,2010-01-22,폐업,2024-01-02,경기도 김포시 통진읍 1326-29,경기도 김포시 고촌로 128,샘플식당 0360,호프/통닭
361,일반음식점,SAMPLE-00361,2010-01-30,폐업,2023-06-26,경기도 김포시 사우동 1573-17,경기도 김포시 김포한강4로 35,샘플식당 0361,중국식
362,일반음식점,SAMPLE-00362,2010-02-02,폐업,2011-05-04,경기도 김포시 통진읍 811-27,경기도 김포시 양촌로 16,샘플식당 0362,일식
363,일반음식점,SAMPLE-00363,2010-02-05,폐업,2012-09-22,경기도 김포시 북변동 1898-7,경기도 김포시 양촌로 256,샘플식당 0363,일식
364,일반음식점,SAMPLE-00364,2010-02-09,폐업,2013-07-31,경기도 김포시 통진읍 44-21,경기도 김포시 승가로 116,샘플식당 0364,호프/통닭
365,일반음식점,SAMPLE-00365,2010-02-17,폐업,2016-09-20,경기도 김포시 구래동 1492-16,경기도 김포시 김포대로 179,샘플식당 0365,한식
366,일반음식점,SAMPLE-00366,2010-03-10,폐업,2014-08-12,경기도 김포시 풍무동 1991-7,경기도 김포시 봉화로 221,샘플식당 0366,커피숍
367,일반음식점,SAMPLE-00367,2010-03-15,폐업,2014-10-22,경기도 김포시 통진읍 1781-21,경기도 김포시 태장로 141,샘플식당 0367,한식
368,일반음식점,SAMPLE-00368,2010-03-17,폐업,2012-09-12,경기도 김포시 대곶면 142-29,경기도 김포시 봉화로 242,샘플식당 0368,한식
369,일반음식점,SAMPLE-00369,2010-03-21,폐업,2026-09-26,경기도 김포시 감정동 1036-11,경기도 김포시 김포한강4로 234,샘플식당 0369,일식
370,일반음식점,SAMPLE-00370,2010-03-23,폐업,2013-12-10,경기도 김포시 고촌읍 716-21,경기도 김포시 통진로 271,샘플식당 0370,분식
371,일반음식점,SAMPLE-00371,2010-03-31,폐업,2011-04-27,경기도 김포시 장기동 672-7,경기도 김포시 김포대로 200,샘플식당 0371,한식
372,일반음식점,SAMPLE-00372,2010-04-08,폐업,2013-10-27,경기도 김포시 운양동 1195-4,경기도 김포시 통진로 92,샘플식당 0372,커피숍
373,일반음식점,SAMPLE-00373,2010-04-14,폐업,2017-01-25,경기도 김포시 사우동 1041-15,경기도 김포시 양촌로 234,샘플식당 0373,호프/통닭
374,일반음식점,SAMPLE-00374,2010-04-22,폐업,2019-10-17,경기도 김포시 통진읍 515-27,경기도 김포시 봉화로 138,샘플식당 0374,김밥(도시락)
375,일반음식점,SAMPLE-00375,2010-05-01,폐업,2015-01-09,경기도 김포시 북변동 192-5,경기도 김포시 고촌로 17,샘플식당 0375,까페
376,일반음식점,SAMPLE-00376,2010-05-07,폐업,2014-12-26,경기도 김포시 사우동 1698-12,경기도 김포시 김포한강9로 213,샘플식당 0376,분식
377,일반음식점,SAMPLE-00377,2010-05-11,영업/정상,,경기도 김포시 감정동 194-5,경기도 김포시 김포한강9로 109,샘플식당 0377,한식
378,일반음식점,SAMPLE-00378,2010-05-12,폐업,2012-08-07,경기도 김포시 북변동 1920-28,경기도 김포시 김포한강4로 293,샘플식당 0378,기타
379,일반음식점,SAMPLE-00379,2010-05-12,폐업,2017-06-06,경기도 김포시 풍무동 863-20,경기도 김포시 김포한강4로 112,샘플식당 0379,제과점영업
380,일반음식점,SAMPLE-00380,2010-05-15,폐업,2012-06-24,경기도 김포시 운양동 1199-6,경기도 김포시 양촌로 95,샘플식당 0380,커피숍
381,일반음식점,SAMPLE-00381,2010-05-16,폐업,2012-09-23,경기도 김포시 풍무동 1680-21,경기도 김포시 통진로 95,샘플식당 0381,호프/통닭
382,일반음식점,SAMPLE-00382,2010-05-19,폐업,2012-01-26,경기도 김포시 감정동 230-4,경기도 김포시 김포대로 93,샘플식당 0382,기타
383,일반음식점,SAMPLE-00383,2010-05-21,폐업,2015-07-06,경기도 김포시 장기동 257-28,경기도 김포시 고촌로 115,샘플식당 0383,커피숍
384,일반음식점,SAMPLE-00384,2010-05-28,폐업,2011-12-18,경기도 김포시 구래동 1270-28,경기도 김포시 봉화로 159,샘플식당 0384,정종/대포집/소주방
385,일반음식점,SAMPLE-00385,2010-05-31,폐업,2013-09-19,경기도 김포시 감정동 347-16,경기도 김포시 봉화로 280,샘플식당 0385,기타
386,일반음식점,SAMPLE-00386,2010-06-02,폐업,2017-02-05,경기도 김포시 사우동 161-17,경기도 김포시 고촌로 270,샘플식당 0386,일식
387,일반음식점,SAMPLE-00387,2010-06-09,폐업,2016-07-09,경기도 김포시 사우동 123-22,경기도 김포시 양촌로 90,샘플식당 0387,한식
388,일반음식점,SAMPLE-00388,2010-06-12,폐업,2015-10-31,경기도 김포시 사우동 1875-8,경기도 김포시 김포한강4로 127,샘플식당 0388,경양식
389,일반음식점,SAMPLE-00389,2010-06-17,폐업,2012-08-24,경기도 김포시 북변동 560-15,경기도 김포시 김포대로 48,샘플식당 0389,한식
390,일반음식점,SAMPLE-00390,2010-07-05,폐업,2011-06-10,경기도 김포시 사우동 1436-28,경기도 김포시 봉화로 253,샘플식당 0390,분식
391,일반음식점,SAMPLE-00391,2010-07-07,폐업,2014-01-14,경기도 김포시 북변동 1374-20,경기도 김포시 양촌로 128,샘플식당 0391,호프/통닭
392,일반음식점,SAMPLE-00392,2010-07-10,폐업,2015-09-11,경기도 김포시 사우동 593-9,경기도 김포시 김포한강9로 194,샘플식당 0392,호프/통닭
393,일반음식점,SAMPLE-00393,2010-07-12,폐업,2013-05-08,경기도 김포시 감정동 602-22,경기도 김포시 통진로 154,샘플식당 0393,분식
394,일반음식점,SAMPLE-00394,2010-07-13,폐업,2014-04-20,경기도 김포시 고촌읍 879-19,경기도 김포시 고촌로 101,샘플식당 0394,한식
395,일반음식점,SAMPLE-00395,2010-07-20,폐업,2013-04-19,경기도 김포시 풍무동 1836-2,경기도 김포시 고촌로 160,샘플식당 0395,제과점영업
396,일반음식점,SAMPLE-00396,2010-07-21,폐업,2012-06-30,경기도 김포시 감정동 1097-15,경기도 김포시 김포대로 197,샘플식당 0396,경양식
397,일반음식점,SAMPLE-00397,2010-07-22,폐업,2012-12-29,경기도 김포시 감정동 386-27,경기도 김포시 봉화로 48,샘플식당 0397,한식
398,일반음식점,SAMPLE-00398,2010-08-11,폐업,2012-01-10,경기도 김포시 구래동 1303-25,경기도 김포시 김포대로 168,샘플식당 0398,호프/통닭
399,일반음식점,SAMPLE-00399,2010-08-26,폐업,2017-09-14,경기도 김포시 통진읍 482-5,경기도 김포시 태장로 34,샘플식당 0399,한식
400,일반음식점,SAMPLE-00400,2010-08-29,폐업,2015-06-23,경기도 김포시 사우동 1837-18,경기도 김포시 통진로 210,샘플식당 0400,한식
401,일반음식점,SAMPLE-00401,2010-08-30,폐업,2013-02-20,경기도 김포시 북변동 1005-1,경기도 김포시 김포대로 131,샘플식당 0401,호프/통닭
402,일반음식점,SAMPLE-00402,2010-09-03,폐업,2012-06-25,경기도 김포시 사우동 191-4,경기도 김포시 태장로 261,샘플식당 0402,분식
403,일반음식점,SAMPLE-00403,2010-09-03,영업/정상,,경기도 김포시 북변동 618-10,경기도 김포시 김포대로 166,샘플식당 0403,한식
404,일반음식점,SAMPLE-00404,2010-09-04,폐업,2018-11-28,경기도 김포시 감정동 759-24,경기도 김포시 고촌로 35,샘플식당 0404,한식
405,일반음식점,SAMPLE-00405,2010-09-04,폐업,2021-11-21,경기도 김포시 구래동 1924-13,경기도 김포시 태장로 37,샘플식당 0405,제과점영업
406,일반음식점,SAMPLE-00406,2010-09-05,폐업,2012-05-25,경기도 김포시 사우동 802-21,경기도 김포시 통진로 89,샘플식당 0406,정종/대포집/소주방
407,일반음식점,SAMPLE-00407,2010-09-06,폐업,2020-09-12,경기도 김포시 북변동 529-2,경기도 김포시 김포한강4로 237,샘플식당 0407,한식
408,일반음식점,SAMPLE-00408,2010-09-20,폐업,2012-03-16,경기도 김포시 통진읍 1081-16,경기도 김포시 통진로 269,샘플식당 0408,분식
409,일반음식점,SAMPLE-00409,2010-09-23,폐업,2012-04-25,경기도 김포시 풍무동 1740-26,경기도 김포시 양촌로 294,샘플식당 0409,호프/통닭
410,일반음식점,SAMPLE-00410,2010-09-23,폐업,2015-04-11,경기도 김포시 북변동 916-23,경기도 김포시 양촌로 56,샘플식당 0410,한식
411,일반음식점,SAMPLE-00411,2010-09-28,폐업,2014-08-20,경기도 김포시 구래동 1152-5,경기도 김포시 봉화로 270,샘플식당 0411,호프/통닭
412,일반음식점,SAMPLE-00412,2010-10-01,폐업,2015-09-30,경기도 김포시 마산동 439-10,경기도 김포시 양촌로 79,샘플식당 0412,한식
413,일반음식점,SAMPLE-00413,2010-10-15,폐업,2017-09-27,경기도 김포시 감정동 766-24,경기도 김포시 고촌로 7,샘플식당 0413,정종/대포집/소주방
414,일반음식점,SAMPLE-00414,2010-10-25,폐업,2019-01-19,경기도 김포시 하성면 178-10,경기도 김포시 김포한강4로 125,샘플식당 0414,커피숍
415,일반음식점,SAMPLE-00415,2010-10-25,폐업,2017-01-14,경기도 김포시 감정동 927-22,경기도 김포시 고촌로 110,샘플식당 0415,기타
416,일반음식점,SAMPLE-00416,2010-10-26,폐업,2013-07-28,경기도 김포시 걸포동 1985-27,경기도 김포시 고촌로 291,샘플식당 0416,한식
417,일반음식점,SAMPLE-00417,2010-10-30,폐업,2013-02-19,경기도 김포시 사우동 128-12,경기도 김포시 양촌로 232,샘플식당 0417,한식
418,일반음식점,SAMPLE-00418,2010-11-07,폐업,2015-02-10,경기도 김포시 풍무동 336-11,경기도 김포시 김포대로 267,샘플식당 0418,한식
419,일반음식점,SAMPLE-00419,2010-11-09,폐업,2019-12-22,경기도 김포시 구래동 1042-14,경기도 김포시 김포한강4로 52,샘플식당 0419,기타
420,일반음식점,SAMPLE-00420,2010-11-11,폐업,2011-09-27,경기도 김포시 북변동 1150-19,경기도 김포시 양촌로 41,샘플식당 0420,커피숍
421,일반음식점,SAMPLE-00421,2010-11-18,폐업,2018-04-21,경기도 김포시 운양동 544-11,경기도 김포시 양촌로 277,샘플식당 0421,한식
422,일반음식점,SAMPLE-00422,2010-11-19,폐업,2012-05-29,경기도 김포시 사우동 1510-11,경기도 김포시 김포대로 227,샘플식당 0422,호프/통닭
423,일반음식점,SAMPLE-00423,2010-11-21,폐업,2021-03-27,경기도 김포시 북변동 874-28,경기도 김포시 고촌로 230,샘플식당 0423,한식
424,일반음식점,SAMPLE-00424,2010-11-22,폐업,2015-11-19,경기도 김포시 걸포동 293-30,경기도 김포시 태장로 291,샘플식당 0424,한식
425,일반음식점,SAMPLE-00425,2010-11-24,폐업,2020-08-06,경기도 김포시 사우동 1824-16,경기도 김포시 김포한강4로 273,샘플식당 0425,한식
426,일반음식점,SAMPLE-00426,2010-12-01,폐업,2012-02-29,경기도 김포시 감정동 413-20,경기도 김포시 김포한강9로 219,샘플식당 0426,한식
427,일반음식점,SAMPLE-00427,2010-12-02,폐업,2014-01-14,경기도 김포시 북변동 1199-28,경기도 김포시 봉화로 198,샘플식당 0427,일식
428,일반음식점,SAMPLE-00428,2010-12-02,폐업,2016-12-17,경기도 김포시 월곶면 865-1,경기도 김포시 양촌로 16,샘플식당 0428,한식
429,일반음식점,SAMPLE-00429,2011-01-10,폐업,2018-09-09,경기도 김포시 감정동 1922-11,경기도 김포시 승가로 45,샘플식당 0429,한식
430,일반음식점,SAMPLE-00430,2011-01-12,폐업,2015-09-10,경기도 김포시 감정동 1314-15,경기도 김포시 고촌로 168,샘플식당 0430,중국식
431,일반음식점,SAMPLE-00431,2011-01-14,폐업,2016-01-30,경기도 김포시 대곶면 396-24,경기도 김포시 고촌로 82,샘플식당 0431,커피숍
432,일반음식점,SAMPLE-00432,2011-01-26,폐업,2021-08-19,경기도 김포시 양촌읍 1393-4,경기도 김포시 봉화로 19,샘플식당 0432,한식
433,일반음식점,SAMPLE-00433,2011-02-07,폐업,2013-05-13,경기도 김포시 사우동 950-25,경기도 김포시 승가로 283,샘플식당 0433,정종/대포집/소주방
434,일반음식점,SAMPLE-00434,2011-02-20,폐업,2015-09-24,경기도 김포시 북변동 509-14,경기도 김포시 김포한강9로 102,샘플식당 0434,한식
435,일반음식점,SAMPLE-00435,2011-02-25,폐업,2017-05-26,경기도 김포시 북변동 1960-22,경기도 김포시 고촌로 294,샘플식당 0435,한식
436,일반음식점,SAMPLE-00436,2011-03-03,폐업,2024-01-16,경기도 김포시 대곶면 153-27,경기도 김포시 승가로 14,샘플식당 0436,한식
437,일반음식점,SAMPLE-00437,2011-03-17,폐업,2016-09-15,경기도 김포시 통진읍 291-27,경기도 김포시 김포한강9로 184,샘플식당 0437,경양식
438,일반음식점,SAMPLE-00438,2011-03-19,폐업,2015-10-15,경기도 김포시 북변동 1264-20,경기도 김포시 김포한강9로 26,샘플식당 0438,한식
439,일반음식점,SAMPLE-00439,2011-03-20,폐업,2016-01-31,경기도 김포시 북변동 1939-17,경기도 김포시 통진로 196,샘플식당 0439,정종/대포집/소주방
440,일반음식점,SAMPLE-00440,2011-03-22,폐업,2018-12-19,경기도 김포시 감정동 518-16,경기도 김포시 고촌로 180,샘플식당 0440,기타
441,일반음식점,SAMPLE-00441,2011-03-26,폐업,2022-11-20,경기도 김포시 북변동 1981-4,경기도 김포시 고촌로 174,샘플식당 0441,한식
442,일반음식점,SAMPLE-00442,2011-03-31,폐업,2017-01-05,경기도 김포시 사우동 1031-27,경기도 김포시 김포한강9로 47,샘플식당 0442,한식
443,일반음식점,SAMPLE-00443,2011-04-04,폐업,2024-01-12,경기도 김포시 통진읍 1461-1,경기도 김포시 김포한강4로 13,샘플식당 0443,김밥(도시락)
444,일반음식점,SAMPLE-00444,2011-04-06,폐업,2014-10-01,경기도 김포시 감정동 54-6,경기도 김포시 고촌로 127,샘플식당 0444,일식
445,일반음식점,SAMPLE-00445,2011-04-14,폐업,2020-12-25,경기도 김포시 북변동 333-27,경기도 김포시 태장로 96,샘플식당 0445,분식
446,일반음식점,SAMPLE-00446,2011-04-23,폐업,2018-02-13,경기도 김포시 하성면 1250-20,경기도 김포시 태장로 203,샘플식당 0446,분식
447,일반음식점,SAMPLE-00447,2011-05-06,폐업,2012-09-15,경기도 김포시 북변동 1604-10,경기도 김포시 양촌로 67,샘플식당 0447,까페
448,일반음식점,SAMPLE-00448,2011-05-09,폐업,2012-09-08,경기도 김포시 사우동 61-21,경기도 김포시 양촌로 194,샘플식당 0448,중국식
449,일반음식점,SAMPLE-00449,2011-05-12,영업/정상,,경기도 김포시 북변동 1507-25,경기도 김포시 김포한강4로 232,샘플식당 0449,제과점영업
450,일반음식점,SAMPLE-00450,2011-05-18,폐업,2014-05-31,경기도 김포시 운양동 1313-15,경기도 김포시 양촌로 155,샘플식당 0450,한식
451,일반음식점,SAMPLE-00451,2011-05-24,폐업,2017-02-11,경기도 김포시 통진읍 1296-30,경기도 김포시 봉화로 293,샘플식당 0451,정종/대포집/소주방
452,일반음식점,SAMPLE-00452,2011-06-18,폐업,2017-06-06,경기도 김포시 통진읍 1435-2,경기도 김포시 양촌로 99,샘플식당 0452,경양식
453,일반음식점,SAMPLE-00453,2011-06-23,폐업,2017-08-04,경기도 김포시 북변동 1557-20,경기도 김포시 통진로 155,샘플식당 0453,한식
454,일반음식점,SAMPLE-00454,2011-06-24,폐업,2016-03-22,경기도 김포시 장기동 26-9,경기도 김포시 고촌로 169,샘플식당 0454,한식
455,일반음식점,SAMPLE-00455,2011-06-26,폐업,2013-11-18,경기도 김포시 걸포동 264-8,경기도 김포시 김포대로 252,샘플식당 0455,한식
456,일반음식점,SAMPLE-00456,2011-06-27,폐업,2020-03-26,경기도 김포시 하성면 811-1,경기도 김포시 봉화로 168,샘플식당 0456,한식
457,일반음식점,SAMPLE-00457,2011-06-30,폐업,2014-10-24,경기도 김포시 운양동 428-22,경기도 김포시 통진로 278,샘플식당 0457,한식
458,일반음식점,SAMPLE-00458,2011-07-02,폐업,2016-06-19,경기도 김포시 사우동 1952-7,경기도 김포시 김포한강9로 111,샘플식당 0458,한식
459,일반음식점,SAMPLE-00459,2011-07-04,폐업,2024-04-27,경기도 김포시 통진읍 117-29,경기도 김포시 고촌로 94,샘플식당 0459,한식
460,일반음식점,SAMPLE-00460,2011-07-10,폐업,2014-10-06,경기도 김포시 북변동 818-12,경기도 김포시 태장로 196,샘플식당 0460,일식
461,일반음식점,SAMPLE-00461,2011-07-14,폐업,2012-12-12,경기도 김포시 하성면 1138-2,경기도 김포시 김포대로 63,샘플식당 0461,커피숍
462,일반음식점,SAMPLE-00462,2011-07-16,폐업,2017-06-04,경기도 김포시 하성면 1823-19,경기도 김포시 양촌로 287,샘플식당 0462,호프/통닭
463,일반음식점,SAMPLE-00463,2011-07-19,폐업,2014-07-11,경기도 김포시 북변동 1671-2,경기도 김포시 김포대로 197,샘플식당 0463,호프/통닭
464,일반음식점,SAMPLE-00464,2011-07-21,폐업,2014-11-13,경기도 김포시 대곶면 223-25,경기도 김포시 승가로 153,샘플식당 0464,제과점영업
465,일반음식점,SAMPLE-00465,2011-07-30,폐업,2022-02-07,경기도 김포시 북변동 1065-23,경기도 김포시 태장로 87,샘플식당 0465,분식
466,일반음식점,SAMPLE-00466,2011-08-02,폐업,2018-07-20,경기도 김포시 운양동 728-8,경기도 김포시 김포한강9로 109,샘플식당 0466,일식
467,일반음식점,SAMPLE-00467,2011-08-05,폐업,2019-08-15,경기도 김포시 하성면 1097-24,경기도 김포시 양촌로 141,샘플식당 0467,호프/통닭
468,일반음식점,SAMPLE-00468,2011-08-15,폐업,2013-06-29,경기도 김포시 사우동 1183-4,경기도 김포시 태장로 191,샘플식당 0468,경양식
469,일반음식점,SAMPLE-00469,2011-08-17,폐업,2014-10-14,경기도 김포시 사우동 1667-21,경기도 김포시 승가로 142,샘플식당 0469,김밥(도시락)
470,일반음식점,SAMPLE-00470,2011-08-20,폐업,2013-12-04,경기도 김포시 사우동 814-30,경기도 김포시 통진로 35,샘플식당 0470,분식
471,일반음식점,SAMPLE-00471,2011-08-21,폐업,2017-09-28,경기도 김포시 하성면 697-27,경기도 김포시 봉화로 40,샘플식당 0471,일식
472,일반음식점,SAMPLE-00472,2011-08-23,폐업,2017-09-13,경기도 김포시 사우동 800-6,경기도 김포시 김포한강4로 233,샘플식당 0472,커피숍
473,일반음식점,SAMPLE-00473,2011-08-24,폐업,2014-04-02,경기도 김포시 감정동 1960-4,경기도 김포시 승가로 283,샘플식당 0473,분식
474,일반음식점,SAMPLE-00474,2011-08-27,폐업,2018-05-08,경기도 김포시 고촌읍 436-4,경기도 김포시 봉화로 285,샘플식당 0474,기타
475,일반음식점,SAMPLE-00475,2011-09-03,폐업,2013-05-04,경기도 김포시 사우동 1815-24,경기도 김포시 김포대로 110,샘플식당 0475,커피숍
476,일반음식점,SAMPLE-00476,2011-09-09,폐업,2015-06-12,경기도 김포시 사우동 1258-21,경기도 김포시 통진로 186,샘플식당 0476,한식
477,일반음식점,SAMPLE-00477,2011-10-06,폐업,2016-05-27,경기도 김포시 고촌읍 196-5,경기도 김포시 김포대로 161,샘플식당 0477,한식
478,일반음식점,SAMPLE-00478,2011-10-09,폐업,2015-03-15,경기도 김포시 사우동 877-7,경기도 김포시 양촌로 150,샘플식당 0478,정종/대포집/소주방
479,일반음식점,SAMPLE-00479,2011-10-12,폐업,2013-07-06,경기도 김포시 마산동 801-12,경기도 김포시 양촌로 182,샘플식당 0479,분식
480,일반음식점,SAMPLE-00480,2011-10-14,폐업,2015-04-19,경기도 김포시 걸포동 1114-26,경기도 김포시 김포한강4로 236,샘플식당 0480,김밥(도시락)
481,일반음식점,SAMPLE-00481,2011-10-17,폐업,2015-06-01,경기도 김포시 북변동 1225-24,경기도 김포시 통진로 25,샘플식당 0481,한식
482,일반음식점,SAMPLE-00482,2011-10-27,폐업,2013-05-03,경기도 김포시 대곶면 15-4,경기도 김포시 양촌로 151,샘플식당 0482,분식
483,일반음식점,SAMPLE-00483,2011-11-02,폐업,2017-08-09,경기도 김포시 걸포동 1460-16,경기도 김포시 김포대로 3,샘플식당 0483,한식
484,일반음식점,SAMPLE-00484,2011-11-10,폐업,2019-07-02,경기도 김포시 통진읍 1156-3,경기도 김포시 김포한강9로 248,샘플식당 0484,정종/대포집/소주방
485,일반음식점,SAMPLE-00485,2011-11-13,영업/정상,,경기도 김포시 북변동 1331-22,경기도 김포시 김포한강9로 114,샘플식당 0485,한식
486,일반음식점,SAMPLE-00486,2011-11-15,폐업,2017-12-24,경기도 김포시 사우동 571-28,경기도 김포시 김포한강9로 179,샘플식당 0486,분식
487,일반음식점,SAMPLE-00487,2011-11-17,폐업,2012-11-13,경기도 김포시 고촌읍 932-7,경기도 김포시 봉화로 90,샘플식당 0487,호프/통닭
488,일반음식점,SAMPLE-00488,2011-11-17,폐업,2018-02-22,경기도 김포시 하성면 439-19,경기도 김포시 김포한강9로 171,샘플식당 0488,한식
489,일반음식점,SAMPLE-00489,2011-12-09,폐업,2016-05-05,경기도 김포시 통진읍 278-20,경기도 김포시 고촌로 243,샘플식당 0489,한식
490,일반음식점,SAMPLE-00490,2011-12-14,폐업,2013-05-15,경기도 김포시 감정동 715-15,경기도 김포시 봉화로 76,샘플식당 0490,정종/대포집/소주방
491,일반음식점,SAMPLE-00491,2011-12-16,영업/정상,,경기도 김포시 양촌읍 1221-16,경기도 김포시 고촌로 77,샘플식당 0491,한식
492,일반음식점,SAMPLE-00492,2011-12-23,폐업,2019-04-04,경기도 김포시 장기동 1980-9,경기도 김포시 태장로 285,샘플식당 0492,한식
493,일반음식점,SAMPLE-00493,2011-12-26,폐업,2013-05-08,경기도 김포시 풍무동 1510-14,경기도 김포시 승가로 160,샘플식당 0493,분식
494,일반음식점,SAMPLE-00494,2012-01-06,폐업,2025-07-23,경기도 김포시 하성면 904-12,경기도 김포시 김포한강9로 4,샘플식당 0494,한식
495,일반음식점,SAMPLE-00495,2012-01-07,폐업,2019-02-18,경기도 김포시 풍무동 709-7,경기도 김포시 양촌로 263,샘플식당 0495,한식
496,일반음식점,SAMPLE-00496,2012-01-10,폐업,2014-06-30,경기도 김포시 감정동 302-28,경기도 김포시 고촌로 67,샘플식당 0496,한식
497,일반음식점,SAMPLE-00497,2012-01-30,폐업,2016-05-10,경기도 김포시 북변동 1298-27,경기도 김포시 김포한강9로 85,샘플식당 0497,커피숍
498,일반음식점,SAMPLE-00498,2012-01-30,폐업,2019-10-29,경기도 김포시 통진읍 1585-1,경기도 김포시 봉화로 58,샘플식당 0498,한식
499,일반음식점,SAMPLE-00499,2012-02-01,폐업,2016-08-27,경기도 김포시 구래동 1397-27,경기도 김포시 태장로 245,샘플식당 0499,일식
500,일반음식점,SAMPLE-00500,2012-02-05,폐업,2018-01-01,경기도 김포시 통진읍 1597-15,경기도 김포시 양촌로 27,샘플식당 0500,정종/대포집/소주방
501,일반음식점,SAMPLE-00501,2012-02-06,영업/정상,,경기도 김포시 사우동 1069-5,경기도 김포시 통진로 4,샘플식당 0501,한식
502,일반음식점,SAMPLE-00502,2012-02-08,폐업,2013-12-26,경기도 김포시 북변동 771-20,경기도 김포시 봉화로 224,샘플식당 0502,일식
503,일반음식점,SAMPLE-00503,2012-02-10,폐업,2012-07-11,경기도 김포시 사우동 943-22,경기도 김포시 김포대로 190,샘플식당 0503,정종/대포집/소주방
504,일반음식점,SAMPLE-00504,2012-02-10,폐업,2014-03-26,경기도 김포시 구래동 358-15,경기도 김포시 봉화로 237,샘플식당 0504,커피숍
505,일반음식점,SAMPLE-00505,2012-02-15,폐업,2015-02-16,경기도 김포시 고촌읍 1119-2,경기도 김포시 고촌로 3,샘플식당 0505,기타
506,일반음식점,SAMPLE-00506,2012-02-15,폐업,2016-09-11,경기도 김포시 하성면 1515-5,경기도 김포시 태장로 261,샘플식당 0506,한식
507,일반음식점,SAMPLE-00507,2012-03-07,영업/정상,,경기도 김포시 사우동 1336-8,경기도 김포시 고촌로 211,샘플식당 0507,분식
508,일반음식점,SAMPLE-00508,2012-03-28,폐업,2018-02-03,경기도 김포시 북변동 241-24,경기도 김포시 김포한강4로 148,샘플식당 0508,한식
509,일반음식점,SAMPLE-00509,2012-04-04,폐업,2014-11-16,경기도 김포시 감정동 1327-9,경기도 김포시 김포대로 122,샘플식당 0509,분식
510,일반음식점,SAMPLE-00510,2012-04-08,폐업,2016-02-18,경기도 김포시 통진읍 740-9,경기도 김포시 통진로 13,샘플식당 0510,한식
511,일반음식점,SAMPLE-00511,2012-04-14,폐업,2018-04-06,경기도 김포시 통진읍 1644-20,경기도 김포시 봉화로 8,샘플식당 0511,일식
512,일반음식점,SAMPLE-00512,2012-04-15,폐업,2014-03-09,경기도 김포시 사우동 1573-29,경기도 김포시 양촌로 166,샘플식당 0512,호프/통닭
513,일반음식점,SAMPLE-00513,2012-04-19,폐업,2014-04-14,경기도 김포시 사우동 1054-12,경기도 김포시 승가로 217,샘플식당 0513,김밥(도시락)
514,일반음식점,SAMPLE-00514,2012-04-26,폐업,2015-08-28,경기도 김포시 월곶면 1453-27,경기도 김포시 태장로 142,샘플식당 0514,커피숍
515,일반음식점,SAMPLE-00515,2012-04-27,폐업,2016-05-16,경기도 김포시 감정동 1880-18,경기도 김포시 통진로 123,샘플식당 0515,한식
516,일반음식점,SAMPLE-00516,2012-04-30,폐업,2015-03-06,경기도 김포시 감정동 1833-11,경기도 김포시 김포한강4로 12,샘플식당 0516,일식
517,일반음식점,SAMPLE-00517,2012-05-13,폐업,2017-09-27,경기도 김포시 북변동 1909-6,경기도 김포시 통진로 113,샘플식당 0517,호프/통닭
518,일반음식점,SAMPLE-00518,2012-05-15,폐업,2026-05-12,경기도 김포시 통진읍 457-30,경기도 김포시 통진로 8,샘플식당 0518,정종/대포집/소주방
519,일반음식점,SAMPLE-00519,2012-05-15,폐업,2019-07-03,경기도 김포시 통진읍 709-16,경기도 김포시 봉화로 98,샘플식당 0519,한식
520,일반음식점,SAMPLE-00520,2012-05-20,폐업,2014-04-16,경기도 김포시 사우동 666-19,경기도 김포시 태장로 116,샘플식당 0520,한식
521,일반음식점,SAMPLE-00521,2012-05-30,폐업,2015-05-24,경기도 김포시 대곶면 1780-7,경기도 김포시 김포대로 8,샘플식당 0521,호프/통닭
522,일반음식점,SAMPLE-00522,2012-06-08,폐업,2015-02-02,경기도 김포시 양촌읍 1012-28,경기도 김포시 김포한강9로 289,샘플식당 0522,한식
523,일반음식점,SAMPLE-00523,2012-06-16,폐업,2015-09-18,경기도 김포시 사우동 712-10,경기도 김포시 승가로 194,샘플식당 0523,일식
524,일반음식점,SAMPLE-00524,2012-06-18,폐업,2023-07-18,경기도 김포시 통진읍 1433-1,경기도 김포시 통진로 225,샘플식당 0524,한식
525,일반음식점,SAMPLE-00525,2012-06-25,폐업,2013-06-14,경기도 김포시 구래동 639-30,경기도 김포시 김포한강4로 23,샘플식당 0525,한식
526,일반음식점,SAMPLE-00526,2012-06-30,폐업,2015-05-16,경기도 김포시 통진읍 909-17,경기도 김포시 봉화로 98,샘플식당 0526,호프/통닭
527,일반음식점,SAMPLE-00527,2012-07-03,폐업,2023-06-12,경기도 김포시 감정동 985-6,경기도 김포시 통진로 146,샘플식당 0527,기타
528,일반음식점,SAMPLE-00528,2012-07-09,폐업,2013-10-01,경기도 김포시 북변동 1103-19,경기도 김포시 김포한강9로 263,샘플식당 0528,까페
529,일반음식점,SAMPLE-00529,2012-07-11,폐업,2015-01-01,경기도 김포시 하성면 902-11,경기도 김포시 태장로 203,샘플식당 0529,기타
530,일반음식점,SAMPLE-00530,2012-07-19,폐업,2018-11-13,경기도 김포시 구래동 431-3,경기도 김포시 승가로 88,샘플식당 0530,정종/대포집/소주방
531,일반음식점,SAMPLE-00531,2012-07-22,폐업,2013-12-05,경기도 김포시 사우동 1250-19,경기도 김포시 김포한강4로 1,샘플식당 0531,까페
532,일반음식점,SAMPLE-00532,2012-08-02,폐업,2021-01-10,경기도 김포시 사우동 1910-22,경기도 김포시 태장로 284,샘플식당 0532,호프/통닭
533,일반음식점,SAMPLE-00533,2012-08-04,폐업,2013-10-11,경기도 김포시 북변동 904-20,경기도 김포시 양촌로 266,샘플식당 0533,일식
534,일반음식점,SAMPLE-00534,2012-08-16,폐업,2019-02-01,경기도 김포시 감정동 1518-13,경기도 김포시 양촌로 111,샘플식당 0534,제과점영업
535,일반음식점,SAMPLE-00535,2012-08-21,폐업,2018-11-18,경기도 김포시 통진읍 420-4,경기도 김포시 김포대로 191,샘플식당 0535,까페
536,일반음식점,SAMPLE-00536,2012-08-22,폐업,2016-03-16,경기도 김포시 사우동 443-27,경기도 김포시 봉화로 13,샘플식당 0536,정종/대포집/소주방
537,일반음식점,SAMPLE-00537,2012-08-23,폐업,2021-07-19,경기도 김포시 통진읍 1431-18,경기도 김포시 봉화로 18,샘플식당 0537,기타
538,일반음식점,SAMPLE-00538,2012-08-25,폐업,2019-02-22,경기도 김포시 사우동 628-5,경기도 김포시 승가로 60,샘플식당 0538,정종/대포집/소주방
539,일반음식점,SAMPLE-00539,2012-08-28,폐업,2014-05-27,경기도 김포시 하성면 1643-1,경기도 김포시 양촌로 202,샘플식당 0539,제과점영업
540,일반음식점,SAMPLE-00540,2012-09-06,폐업,2016-11-12,경기도 김포시 사우동 606-19,경기도 김포시 고촌로 58,샘플식당 0540,분식
541,일반음식점,SAMPLE-00541,2012-09-07,영업/정상,,경기도 김포시 걸포동 554-18,경기도 김포시 양촌로 248,샘플식당 0541,중국식
542,일반음식점,SAMPLE-00542,2012-09-08,폐업,2017-04-21,경기도 김포시 장기동 1457-28,경기도 김포시 승가로 289,샘플식당 0542,한식
543,일반음식점,SAMPLE-00543,2012-09-17,폐업,2022-12-11,경기도 김포시 북변동 1096-18,경기도 김포시 봉화로 18,샘플식당 0543,중국식
544,일반음식점,SAMPLE-00544,2012-09-22,영업/정상,,경기도 김포시 걸포동 553-27,경기도 김포시 김포대로 186,샘플식당 0544,호프/통닭
545,일반음식점,SAMPLE-00545,2012-09-29,폐업,2019-05-22,경기도 김포시 걸포동 659-23,경기도 김포시 김포한강4로 278,샘플식당 0545,김밥(도시락)
546,일반음식점,SAMPLE-00546,2012-10-17,폐업,2020-07-21,경기도 김포시 북변동 983-10,경기도 김포시 김포한강4로 62,샘플식당 0546,호프/통닭
547,일반음식점,SAMPLE-00547,2012-10-19,폐업,2019-10-31,경기도 김포시 운양동 265-11,경기도 김포시 고촌로 53,샘플식당 0547,한식
548,일반음식점,SAMPLE-00548,2012-10-21,영업/정상,,경기도 김포시 감정동 1103-6,경기도 김포시 김포한강9로 252,샘플식당 0548,중국식
549,일반음식점,SAMPLE-00549,2012-10-22,폐업,2015-06-07,경기도 김포시 통진읍 1433-21,경기도 김포시 양촌로 282,샘플식당 0549,김밥(도시락)
550,일반음식점,SAMPLE-00550,2012-11-02,영업/정상,,경기도 김포시 고촌읍 1320-29,경기도 김포시 양촌로 257,샘플식당 0550,한식
551,일반음식점,SAMPLE-00551,2012-11-10,폐업,2016-03-15,경기도 김포시 사우동 853-29,경기도 김포시 김포한강9로 111,샘플식당 0551,중국식
552,일반음식점,SAMPLE-00552,2012-11-12,폐업,2024-10-06,경기도 김포시 통진읍 425-25,경기도 김포시 봉화로 212,샘플식당 0552,경양식
553,일반음식점,SAMPLE-00553,2012-11-15,폐업,2018-07-24,경기도 김포시 마산동 1832-6,경기도 김포시 통진로 193,샘플식당 0553,한식
554,일반음식점,SAMPLE-00554,2012-11-21,영업/정상,,경기도 김포시 통진읍 1101-26,경기도 김포시 김포한강4로 108,샘플식당 0554,까페
555,일반음식점,SAMPLE-00555,2012-12-06,폐업,2014-05-01,경기도 김포시 사우동 691-16,경기도 김포시 봉화로 264,샘플식당 0555,기타
556,일반음식점,SAMPLE-00556,2012-12-08,폐업,2014-03-14,경기도 김포시 북변동 1983-18,경기도 김포시 양촌로 219,샘플식당 0556,한식
557,일반음식점,SAMPLE-00557,2012-12-10,폐업,2014-09-05,경기도 김포시 사우동 916-6,경기도 김포시 통진로 204,샘플식당 0557,한식
558,일반음식점,SAMPLE-00558,2013-01-02,폐업,2018-09-18,경기도 김포시 통진읍 257-14,경기도 김포시 양촌로 56,샘플식당 0558,한식
559,일반음식점,SAMPLE-00559,2013-01-07,폐업,2015-05-16,경기도 김포시 구래동 1701-19,경기도 김포시 김포한강4로 169,샘플식당 0559,기타
560,일반음식점,SAMPLE-00560,2013-01-13,폐업,2018-11-22,경기도 김포시 북변동 446-16,경기도 김포시 김포대로 247,샘플식당 0560,기타
561,일반음식점,SAMPLE-00561,2013-01-13,폐업,2019-09-26,경기도 김포시 운양동 1924-7,경기도 김포시 승가로 261,샘플식당 0561,제과점영업
562,일반음식점,SAMPLE-00562,2013-01-14,폐업,2020-11-04,경기도 김포시 북변동 94-18,경기도 김포시 태장로 47,샘플식당 0562,분식
563,일반음식점,SAMPLE-00563,2013-01-25,폐업,2013-10-13,경기도 김포시 운양동 1341-5,경기도 김포시 고촌로 263,샘플식당 0563,분식
564,일반음식점,SAMPLE-00564,2013-01-26,영업/정상,,경기도 김포시 걸포동 421-2,경기도 김포시 통진로 168,샘플식당 0564,한식
565,일반음식점,SAMPLE-00565,2013-01-29,폐업,2019-01-21,경기도 김포시 북변동 1092-9,경기도 김포시 승가로 120,샘플식당 0565,한식
566,일반음식점,SAMPLE-00566,2013-01-29,폐업,2024-12-23,경기도 김포시 운양동 1691-3,경기도 김포시 통진로 271,샘플식당 0566,호프/통닭
567,일반음식점,SAMPLE-00567,2013-01-31,폐업,2015-12-11,경기도 김포시 사우동 148-27,경기도 김포시 김포한강9로 177,샘플식당 0567,한식
568,일반음식점,SAMPLE-00568,2013-02-01,영업/정상,,경기도 김포시 하성면 277-21,경기도 김포시 통진로 203,샘플식당 0568,한식
569,일반음식점,SAMPLE-00569,2013-02-02,폐업,2018-09-19,경기도 김포시 양촌읍 1631-20,경기도 김포시 김포한강4로 265,샘플식당 0569,한식
570,일반음식점,SAMPLE-00570,2013-02-06,폐업,2024-03-03,경기도 김포시 고촌읍 1427-17,경기도 김포시 김포대로 231,샘플식당 0570,분식
571,일반음식점,SAMPLE-00571,2013-02-13,폐업,2018-07-01,경기도 김포시 사우동 1500-11,경기도 김포시 통진로 25,샘플식당 0571,한식
572,일반음식점,SAMPLE-00572,2013-02-14,폐업,2017-06-19,경기도 김포시 사우동 193-17,경기도 김포시 통진로 192,샘플식당 0572,정종/대포집/소주방
573,일반음식점,SAMPLE-00573,2013-02-16,폐업,2015-04-07,경기도 김포시 운양동 590-7,경기도 김포시 김포한강9로 234,샘플식당 0573,분식
574,일반음식점,SAMPLE-00574,2013-02-20,폐업,2017-03-26,경기도 김포시 구래동 1353-13,경기도 김포시 김포대로 167,샘플식당 0574,한식
575,일반음식점,SAMPLE-00575,2013-02-22,폐업,2026-01-19,경기도 김포시 북변동 1072-1,경기도 김포시 양촌로 124,샘플식당 0575,중국식
576,일반음식점,SAMPLE-00576,2013-02-25,폐업,2017-02-21,경기도 김포시 대곶면 517-17,경기도 김포시 김포한강9로 264,샘플식당 0576,일식
577,일반음식점,SAMPLE-00577,2013-03-17,폐업,2020-06-24,경기도 김포시 대곶면 1232-9,경기도 김포시 김포대로 261,샘플식당 0577,한식
578,일반음식점,SAMPLE-00578,2013-03-20,폐업,2017-01-23,경기도 김포시 고촌읍 1840-2,경기도 김포시 김포한강4로 288,샘플식당 0578,기타
579,일반음식점,SAMPLE-00579,2013-03-27,폐업,2019-08-16,경기도 김포시 사우동 827-29,경기도 김포시 양촌로 120,샘플식당 0579,김밥(도시락)
580,일반음식점,SAMPLE-00580,2013-04-03,폐업,2021-02-13,경기도 김포시 대곶면 734-17,경기도 김포시 김포대로 206,샘플식당 0580,제과점영업
581,일반음식점,SAMPLE-00581,2013-04-05,폐업,2015-11-03,경기도 김포시 월곶면 66-22,경기도 김포시 김포한강4로 228,샘플식당 0581,정종/대포집/소주방
582,일반음식점,SAMPLE-00582,2013-04-18,폐업,2016-06-04,경기도 김포시 월곶면 1431-25,경기도 김포시 양촌로 35,샘플식당 0582,커피숍
583,일반음식점,SAMPLE-00583,2013-04-21,폐업,2020-06-11,경기도 김포시 사우동 68-25,경기도 김포시 고촌로 40,샘플식당 0583,한식
584,일반음식점,SAMPLE-00584,2013-04-21,폐업,2026-03-06,경기도 김포시 통진읍 391-11,경기도 김포시 김포한강9로 29,샘플식당 0584,커피숍
585,일반음식점,SAMPLE-00585,2013-04-24,폐업,2014-11-07,경기도 김포시 대곶면 888-25,경기도 김포시 고촌로 156,샘플식당 0585,커피숍
586,일반음식점,SAMPLE-00586,2013-04-29,폐업,2015-07-27,경기도 김포시 장기동 1925-29,경기도 김포시 태장로 4,샘플식당 0586,까페
587,일반음식점,SAMPLE-00587,2013-05-03,폐업,2018-11-19,경기도 김포시 운양동 1178-2,경기도 김포시 승가로 126,샘플식당 0587,한식
588,일반음식점,SAMPLE-00588,2013-05-10,폐업,2015-09-13,경기도 김포시 구래동 705-2,경기도 김포시 김포한강9로 60,샘플식당 0588,호프/통닭
589,일반음식점,SAMPLE-00589,2013-05-15,폐업,2015-08-08,경기도 김포시 구래동 754-9,경기도 김포시 김포한강4로 200,샘플식당 0589,호프/통닭
590,일반음식점,SAMPLE-00590,2013-05-31,영업/정상,,경기도 김포시 북변동 96-6,경기도 김포시 양촌로 156,샘플식당 0590,분식
591,일반음식점,SAMPLE-00591,2013-06-06,폐업,2018-08-21,경기도 김포시 감정동 1012-12,경기도 김포시 통진로 151,샘플식당 0591,한식
592,일반음식점,SAMPLE-00592,2013-06-06,폐업,2019-10-12,경기도 김포시 마산동 171-23,경기도 김포시 양촌로 32,샘플식당 0592,분식
593,일반음식점,SAMPLE-00593,2013-06-09,폐업,2015-08-13,경기도 김포시 사우동 1519-21,경기도 김포시 고촌로 257,샘플식당 0593,정종/대포집/소주방
594,일반음식점,SAMPLE-00594,2013-06-12,영업/정상,,경기도 김포시 사우동 1904-30,경기도 김포시 양촌로 89,샘플식당 0594,한식
595,일반음식점,SAMPLE-00595,2013-06-17,폐업,2018-12-02,경기도 김포시 사우동 988-11,경기도 김포시 양촌로 283,샘플식당 0595,기타
596,일반음식점,SAMPLE-00596,2013-06-17,폐업,2021-05-08,경기도 김포시 사우동 307-12,경기도 김포시 김포대로 11,샘플식당 0596,정종/대포집/소주방
597,일반음식점,SAMPLE-00597,2013-06-20,폐업,2020-10-10,경기도 김포시 운양동 1936-15,경기도 김포시 양촌로 140,샘플식당 0597,한식
598,일반음식점,SAMPLE-00598,2013-06-26,폐업,2020-07-15,경기도 김포시 통진읍 714-21,경기도 김포시 태장로 287,샘플식당 0598,중국식
599,일반음식점,SAMPLE-00599,2013-06-30,폐업,2019-08-08,경기도 김포시 월곶면 1789-20,경기도 김포시 김포대로 143,샘플식당 0599,한식
600,일반음식점,SAMPLE-00600,2013-07-02,폐업,2014-11-15,경기도 김포시 통진읍 1977-9,경기도 김포시 태장로 187,샘플식당 0600,한식
601,일반음식점,SAMPLE-00601,2013-07-09,폐업,2016-05-09,경기도 김포시 북변동 376-5,경기도 김포시 고촌로 99,샘플식당 0601,일식
602,일반음식점,SAMPLE-00602,2013-07-10,영업/정상,,경기도 김포시 북변동 1175-12,경기도 김포시 김포한강9로 19,샘플식당 0602,기타
603,일반음식점,SAMPLE-00603,2013-07-13,폐업,2016-02-11,경기도 김포시 고촌읍 1346-26,경기도 김포시 고촌로 285,샘플식당 0603,까페
604,일반음식점,SAMPLE-00604,2013-07-17,폐업,2022-11-18,경기도 김포시 고촌읍 1822-13,경기도 김포시 김포한강4로 142,샘플식당 0604,한식
605,일반음식점,SAMPLE-00605,2013-07-18,폐업,2020-06-25,경기도 김포시 장기동 1451-7,경기도 김포시 김포한강9로 145,샘플식당 0605,중국식
606,일반음식점,SAMPLE-00606,2013-07-20,폐업,2021-11-27,경기도 김포시 감정동 988-26,경기도 김포시 고촌로 284,샘플식당 0606,한식
607,일반음식점,SAMPLE-00607,2013-07-21,폐업,2015-01-15,경기도 김포시 월곶면 1905-27,경기도 김포시 양촌로 259,샘플식당 0607,호프/통닭
608,일반음식점,SAMPLE-00608,2013-07-24,폐업,2015-04-28,경기도 김포시 장기동 746-6,경기도 김포시 김포한강4로 65,샘플식당 0608,일식
609,일반음식점,SAMPLE-00609,2013-07-27,폐업,2015-08-04,경기도 김포시 북변동 968-24,경기도 김포시 태장로 287,샘플식당 0609,커피숍
610,일반음식점,SAMPLE-00610,2013-07-29,폐업,2019-05-04,경기도 김포시 북변동 1798-15,경기도 김포시 태장로 228,샘플식당 0610,커피숍
611,일반음식점,SAMPLE-00611,2013-07-29,폐업,2014-01-30,경기도 김포시 사우동 885-2,경기도 김포시 김포한강4로 250,샘플식당 0611,분식
612,일반음식점,SAMPLE-00612,2013-07-30,영업/정상,,경기도 김포시 장기동 1573-22,경기도 김포시 태장로 203,샘플식당 0612,기타
613,일반음식점,SAMPLE-00613,2013-08-03,폐업,2017-10-06,경기도 김포시 대곶면 1874-1,경기도 김포시 고촌로 210,샘플식당 0613,한식
614,일반음식점,SAMPLE-00614,2013-08-08,폐업,2014-05-16,경기도 김포시 사우동 1358-14,경기도 김포시 김포한강9로 16,샘플식당 0614,제과점영업
615,일반음식점,SAMPLE-00615,2013-08-08,영업/정상,,경기도 김포시 감정동 297-3,경기도 김포시 태장로 101,샘플식당 0615,중국식
616,일반음식점,SAMPLE-00616,2013-08-16,폐업,2014-10-20,경기도 김포시 장기동 1414-30,경기도 김포시 김포한강9로 101,샘플식당 0616,한식
617,일반음식점,SAMPLE-00617,2013-08-22,폐업,2017-08-16,경기도 김포시 장기동 1846-11,경기도 김포시 김포한강4로 18,샘플식당 0617,한식
618,일반음식점,SAMPLE-00618,2013-08-23,폐업,2021-03-04,경기도 김포시 사우동 1024-4,경기도 김포시 양촌로 138,샘플식당 0618,한식
619,일반음식점,SAMPLE-00619,2013-08-29,영업/정상,,경기도 김포시 장기동 1991-26,경기도 김포시 김포한강4로 23,샘플식당 0619,한식
620,일반음식점,SAMPLE-00620,2013-08-30,폐업,2023-03-13,경기도 김포시 북변동 1355-26,경기도 김포시 김포한강4로 181,샘플식당 0620,한식
621,일반음식점,SAMPLE-00621,2013-08-31,폐업,2015-10-17,경기도 김포시 구래동 893-24,경기도 김포시 통진로 178,샘플식당 0621,한식
622,일반음식점,SAMPLE-00622,2013-09-01,폐업,2016-08-09,경기도 김포시 운양동 1579-22,경기도 김포시 고촌로 12,샘플식당 0622,한식
623,일반음식점,SAMPLE-00623,2013-09-03,폐업,2018-02-20,경기도 김포시 감정동 598-2,경기도 김포시 양촌로 121,샘플식당 0623,한식
624,일반음식점,SAMPLE-00624,2013-09-05,폐업,2018-06-27,경기도 김포시 통진읍 1537-12,경기도 김포시 통진로 76,샘플식당 0624,중국식
625,일반음식점,SAMPLE-00625,2013-09-06,영업/정상,,경기도 김포시 월곶면 158-29,경기도 김포시 양촌로 120,샘플식당 0625,커피숍
626,일반음식점,SAMPLE-00626,2013-09-07,폐업,2018-08-06,경기도 김포시 북변동 865-19,경기도 김포시 통진로 13,샘플식당 0626,한식
627,일반음식점,SAMPLE-00627,2013-09-16,폐업,2022-09-30,경기도 김포시 고촌읍 1947-1,경기도 김포시 승가로 72,샘플식당 0627,한식
628,일반음식점,SAMPLE-00628,2013-09-30,영업/정상,,경기도 김포시 운양동 1547-28,경기도 김포시 봉화로 298,샘플식당 0628,일식
629,일반음식점,SAMPLE-00629,2013-10-01,폐업,2020-01-02,경기도 김포시 양촌읍 1385-18,경기도 김포시 태장로 62,샘플식당 0629,한식
630,일반음식점,SAMPLE-00630,2013-10-02,폐업,2018-08-09,경기도 김포시 사우동 671-17,경기도 김포시 김포대로 189,샘플식당 0630,중국식
631,일반음식점,SAMPLE-00631,2013-10-03,폐업,2018-12-22,경기도 김포시 구래동 1020-6,경기도 김포시 김포한강4로 35,샘플식당 0631,호프/통닭
632,일반음식점,SAMPLE-00632,2013-10-17,폐업,2019-01-18,경기도 김포시 통진읍 1616-9,경기도 김포시 고촌로 176,샘플식당 0632,정종/대포집/소주방
633,일반음식점,SAMPLE-00633,2013-10-17,폐업,2019-02-15,경기도 김포시 감정동 1028-19,경기도 김포시 김포한강4로 192,샘플식당 0633,분식
634,일반음식점,SAMPLE-00634,2013-10-21,폐업,2018-09-09,경기도 김포시 하성면 997-1,경기도 김포시 태장로 198,샘플식당 0634,한식
635,일반음식점,SAMPLE-00635,2013-10-27,폐업,2020-10-13,경기도 김포시 운양동 793-26,경기도 김포시 양촌로 103,샘플식당 0635,기타
636,일반음식점,SAMPLE-00636,2013-10-27,영업/정상,,경기도 김포시 감정동 1786-24,경기도 김포시 양촌로 139,샘플식당 0636,호프/통닭
637,일반음식점,SAMPLE-00637,2013-10-28,폐업,2015-09-09,경기도 김포시 사우동 229-19,경기도 김포시 승가로 246,샘플식당 0637,정종/대포집/소주방
638,일반음식점,SAMPLE-00638,2013-11-05,폐업,2017-07-15,경기도 김포시 사우동 1557-30,경기도 김포시 승가로 163,샘플식당 0638,기타
639,일반음식점,SAMPLE-00639,2013-11-06,폐업,2020-09-06,경기도 김포시 감정동 496-7,경기도 김포시 봉화로 146,샘플식당 0639,한식
640,일반음식점,SAMPLE-00640,2013-11-16,폐업,2020-11-28,경기도 김포시 장기동 739-8,경기도 김포시 양촌로 149,샘플식당 0640,제과점영업
641,일반음식점,SAMPLE-00641,2013-11-19,폐업,2014-09-28,경기도 김포시 사우동 1987-22,경기도 김포시 김포한강4로 56,샘플식당 0641,커피숍
642,일반음식점,SAMPLE-00642,2013-11-20,폐업,2020-10-12,경기도 김포시 북변동 1024-8,경기도 김포시 고촌로 119,샘플식당 0642,중국식
643,일반음식점,SAMPLE-00643,2013-11-21,폐업,2014-06-13,경기도 김포시 통진읍 1972-27,경기도 김포시 양촌로 19,샘플식당 0643,정종/대포집/소주방
644,일반음식점,SAMPLE-00644,2013-11-21,폐업,2015-02-05,경기도 김포시 사우동 656-1,경기도 김포시 승가로 85,샘플식당 0644,한식
645,일반음식점,SAMPLE-00645,2013-11-26,폐업,2015-05-06,경기도 김포시 북변동 360-8,경기도 김포시 김포대로 38,샘플식당 0645,정종/대포집/소주방
646,일반음식점,SAMPLE-00646,2013-11-28,영업/정상,,경기도 김포시 장기동 446-7,경기도 김포시 양촌로 181,샘플식당 0646,한식
647,일반음식점,SAMPLE-00647,2013-11-29,폐업,2014-11-24,경기도 김포시 사우동 297-17,경기도 김포시 태장로 175,샘플식당 0647,일식
648,일반음식점,SAMPLE-00648,2013-12-25,영업/정상,,경기도 김포시 장기동 392-6,경기도 김포시 봉화로 245,샘플식당 0648,한식
649,일반음식점,SAMPLE-00649,2013-12-25,폐업,2018-08-26,경기도 김포시 하성면 1599-22,경기도 김포시 통진로 125,샘플식당 0649,한식
650,일반음식점,SAMPLE-00650,2013-12-26,폐업,2017-06-04,경기도 김포시 고촌읍 348-11,경기도 김포시 김포한강4로 70,샘플식당 0650,호프/통닭
651,일반음식점,SAMPLE-00651,2013-12-28,영업/정상,,경기도 김포시 사우동 807-30,경기도 김포시 봉화로 255,샘플식당 0651,한식
652,일반음식점,SAMPLE-00652,2014-01-03,폐업,2017-03-26,경기도 김포시 고촌읍 482-3,경기도 김포시 승가로 6,샘플식당 0652,기타
653,일반음식점,SAMPLE-00653,2014-01-14,폐업,2026-09-14,경기도 김포시 장기동 1846-25,경기도 김포시 김포한강4로 181,샘플식당 0653,한식
654,일반음식점,SAMPLE-00654,2014-01-17,폐업,2015-08-21,경기도 김포시 구래동 521-19,경기도 김포시 김포한강4로 88,샘플식당 0654,기타
655,일반음식점,SAMPLE-00655,2014-01-18,폐업,2016-08-31,경기도 김포시 감정동 1238-7,경기도 김포시 김포한강4로 276,샘플식당 0655,커피숍
656,일반음식점,SAMPLE-00656,2014-01-21,폐업,2022-01-07,경기도 김포시 북변동 1077-6,경기도 김포시 봉화로 96,샘플식당 0656,중국식
657,일반음식점,SAMPLE-00657,2014-01-22,폐업,2018-05-21,경기도 김포시 풍무동 784-2,경기도 김포시 양촌로 266,샘플식당 0657,한식
658,일반음식점,SAMPLE-00658,2014-01-25,폐업,2020-01-09,경기도 김포시 운양동 931-10,경기도 김포시 봉화로 244,샘플식당 0658,중국식
659,일반음식점,SAMPLE-00659,2014-01-25,폐업,2016-04-24,경기도 김포시 사우동 1462-14,경기도 김포시 고촌로 180,샘플식당 0659,호프/통닭
660,일반음식점,SAMPLE-00660,2014-01-26,폐업,2019-06-05,경기도 김포시 사우동 351-28,경기도 김포시 김포한강4로 127,샘플식당 0660,한식
661,일반음식점,SAMPLE-00661,2014-01-31,폐업,2023-03-30,경기도 김포시 고촌읍 1274-1,경기도 김포시 김포한강4로 225,샘플식당 0661,한식
662,일반음식점,SAMPLE-00662,2014-02-01,폐업,2016-12-02,경기도 김포시 사우동 202-30,경기도 김포시 김포한강9로 95,샘플식당 0662,한식
663,일반음식점,SAMPLE-00663,2014-02-02,영업/정상,,경기도 김포시 운양동 1915-24,경기도 김포시 봉화로 181,샘플식당 0663,한식
664,일반음식점,SAMPLE-00664,2014-02-05,영업/정상,,경기도 김포시 북변동 689-2,경기도 김포시 김포한강9로 287,샘플식당 0664,한식
665,일반음식점,SAMPLE-00665,2014-02-06,영업/정상,,경기도 김포시 양촌읍 1555-10,경기도 김포시 김포한강4로 272,샘플식당 0665,한식
666,일반음식점,SAMPLE-00666,2014-02-07,폐업,2015-12-30,경기도 김포시 구래동 405-6,경기도 김포시 양촌로 10,샘플식당 0666,경양식
667,일반음식점,SAMPLE-00667,2014-02-08,폐업,2020-10-22,경기도 김포시 구래동 1213-13,경기도 김포시 김포한강4로 176,샘플식당 0667,한식
668,일반음식점,SAMPLE-00668,2014-02-09,폐업,2017-06-04,경기도 김포시 장기동 369-7,경기도 김포시 김포한강4로 236,샘플식당 0668,한식
669,일반음식점,SAMPLE-00669,2014-02-19,폐업,2023-05-23,경기도 김포시 고촌읍 698-10,경기도 김포시 김포한강4로 211,샘플식당 0669,분식
670,일반음식점,SAMPLE-00670,2014-03-01,폐업,2018-03-04,경기도 김포시 구래동 332-26,경기도 김포시 김포한강9로 150,샘플식당 0670,커피숍
671,일반음식점,SAMPLE-00671,2014-03-04,폐업,2018-11-20,경기도 김포시 사우동 437-13,경기도 김포시 통진로 270,샘플식당 0671,호프/통닭
672,일반음식점,SAMPLE-00672,2014-03-07,폐업,2024-05-14,경기도 김포시 사우동 439-9,경기도 김포시 봉화로 296,샘플식당 0672,제과점영업
673,일반음식점,SAMPLE-00673,2014-03-12,폐업,2017-11-15,경기도 김포시 걸포동 370-29,경기도 김포시 김포한강4로 235,샘플식당 0673,분식
674,일반음식점,SAMPLE-00674,2014-03-19,폐업,2017-12-29,경기도 김포시 운양동 1526-3,경기도 김포시 김포한강9로 25,샘플식당 0674,기타
675,일반음식점,SAMPLE-00675,2014-03-20,폐업,2017-03-09,경기도 김포시 사우동 679-18,경기도 김포시 양촌로 96,샘플식당 0675,한식
676,일반음식점,SAMPLE-00676,2014-03-21,영업/정상,,경기도 김포시 대곶면 1524-15,경기도 김포시 고촌로 96,샘플식당 0676,한식
677,일반음식점,SAMPLE-00677,2014-03-27,영업/정상,,경기도 김포시 북변동 1080-30,경기도 김포시 김포대로 28,샘플식당 0677,정종/대포집/소주방
678,일반음식점,SAMPLE-00678,2014-04-05,폐업,2019-05-11,경기도 김포시 통진읍 1618-7,경기도 김포시 통진로 119,샘플식당 0678,기타
679,일반음식점,SAMPLE-00679,2014-04-06,폐업,2018-05-04,경기도 김포시 걸포동 1144-27,경기도 김포시 양촌로 192,샘플식당 0679,커피숍
680,일반음식점,SAMPLE-00680,2014-04-07,폐업,2018-04-07,경기도 김포시 운양동 882-27,경기도 김포시 양촌로 42,샘플식당 0680,한식
681,일반음식점,SAMPLE-00681,2014-04-11,폐업,2015-06-16,경기도 김포시 월곶면 642-12,경기도 김포시 봉화로 12,샘플식당 0681,분식
682,일반음식점,SAMPLE-00682,2014-04-11,폐업,2016-02-16,경기도 김포시 구래동 1169-4,경기도 김포시 김포대로 153,샘플식당 0682,일식
683,일반음식점,SAMPLE-00683,2014-04-12,영업/정상,,경기도 김포시 마산동 748-14,경기도 김포시 봉화로 52,샘플식당 0683,중국식
684,일반음식점,SAMPLE-00684,2014-04-20,폐업,2019-09-10,경기도 김포시 양촌읍 1760-3,경기도 김포시 김포한강9로 156,샘플식당 0684,분식
685,일반음식점,SAMPLE-00685,2014-04-25,폐업,2019-12-31,경기도 김포시 사우동 483-28,경기도 김포시 양촌로 21,샘플식당 0685,커피숍
686,일반음식점,SAMPLE-00686,2014-04-25,폐업,2015-09-09,경기도 김포시 사우동 167-2,경기도 김포시 승가로 286,샘플식당 0686,커피숍
687,일반음식점,SAMPLE-00687,2014-04-25,폐업,2020-10-06,경기도 김포시 구래동 1065-10,경기도 김포시 양촌로 118,샘플식당 0687,분식
688,일반음식점,SAMPLE-00688,2014-04-25,폐업,2019-04-05,경기도 김포시 대곶면 914-12,경기도 김포시 태장로 160,샘플식당 0688,한식
689,일반음식점,SAMPLE-00689,2014-04-29,폐업,2016-03-05,경기도 김포시 통진읍 94-1,경기도 김포시 김포대로 299,샘플식당 0689,일식
690,일반음식점,SAMPLE-00690,2014-04-30,폐업,2019-10-19,경기도 김포시 고촌읍 313-25,경기도 김포시 양촌로 215,샘플식당 0690,정종/대포집/소주방
691,일반음식점,SAMPLE-00691,2014-05-08,폐업,2015-12-11,경기도 김포시 걸포동 1840-5,경기도 김포시 고촌로 131,샘플식당 0691,기타
692,일반음식점,SAMPLE-00692,2014-05-15,폐업,2017-03-11,경기도 김포시 구래동 973-9,경기도 김포시 김포한강9로 33,샘플식당 0692,한식
693,일반음식점,SAMPLE-00693,2014-05-15,폐업,2020-05-17,경기도 김포시 북변동 473-20,경기도 김포시 고촌로 153,샘플식당 0693,일식
694,일반음식점,SAMPLE-00694,2014-06-03,영업/정상,,경기도 김포시 북변동 1787-21,경기도 김포시 김포한강9로 107,샘플식당 0694,한식
695,일반음식점,SAMPLE-00695,2014-06-06,폐업,2016-12-07,경기도 김포시 구래동 405-22,경기도 김포시 김포한강9로 292,샘플식당 0695,까페
696,일반음식점,SAMPLE-00696,2014-06-09,폐업,2021-05-05,경기도 김포시 구래동 1203-7,경기도 김포시 김포한강4로 250,샘플식당 0696,한식
697,일반음식점,SAMPLE-00697,2014-06-09,폐업,2015-11-01,경기도 김포시 북변동 1151-27,경기도 김포시 김포한강9로 72,샘플식당 0697,기타
698,일반음식점,SAMPLE-00698,2014-06-09,폐업,2020-05-31,경기도 김포시 운양동 1997-18,경기도 김포시 고촌로 281,샘플식당 0698,한식
699,일반음식점,SAMPLE-00699,2014-06-11,폐업,2016-08-23,경기도 김포시 장기동 822-19,경기도 김포시 김포한강9로 54,샘플식당 0699,커피숍
700,일반음식점,SAMPLE-00700,2014-06-12,폐업,2015-11-29,경기도 김포시 통진읍 685-25,경기도 김포시 통진로 141,샘플식당 0700,일식
701,일반음식점,SAMPLE-00701,2014-06-16,폐업,2024-08-01,경기도 김포시 걸포동 946-20,경기도 김포시 태장로 82,샘플식당 0701,분식
702,일반음식점,SAMPLE-00702,2014-06-23,폐업,2017-11-17,경기도 김포시 통진읍 1724-17,경기도 김포시 고촌로 158,샘플식당 0702,한식
703,일반음식점,SAMPLE-00703,2014-07-01,폐업,2016-04-24,경기도 김포시 감정동 1780-10,경기도 김포시 고촌로 235,샘플식당 0703,정종/대포집/소주방
704,일반음식점,SAMPLE-00704,2014-07-01,폐업,2018-12-08,경기도 김포시 고촌읍 420-18,경기도 김포시 태장로 19,샘플식당 0704,한식
705,일반음식점,SAMPLE-00705,2014-07-04,폐업,2014-11-11,경기도 김포시 감정동 1043-12,경기도 김포시 봉화로 131,샘플식당 0705,까페
706,일반음식점,SAMPLE-00706,2014-07-07,폐업,2015-10-17,경기도 김포시 사우동 1210-18,경기도 김포시 봉화로 3,샘플식당 0706,한식
707,일반음식점,SAMPLE-00707,2014-07-09,폐업,2016-05-19,경기도 김포시 장기동 730-18,경기도 김포시 태장로 219,샘플식당 0707,일식
708,일반음식점,SAMPLE-00708,2014-07-12,폐업,2017-02-10,경기도 김포시 구래동 638-18,경기도 김포시 고촌로 16,샘플식당 0708,커피숍
709,일반음식점,SAMPLE-00709,2014-07-21,폐업,2016-05-29,경기도 김포시 감정동 1262-8,경기도 김포시 승가로 122,샘플식당 0709,김밥(도시락)
710,일반음식점,SAMPLE-00710,2014-07-22,폐업,2019-03-31,경기도 김포시 풍무동 202-10,경기도 김포시 승가로 99,샘플식당 0710,커피숍
711,일반음식점,SAMPLE-00711,2014-07-22,폐업,2020-06-09,경기도 김포시 구래동 668-18,경기도 김포시 태장로 15,샘플식당 0711,한식
712,일반음식점,SAMPLE-00712,2014-07-24,폐업,2020-07-24,경기도 김포시 사우동 1138-26,경기도 김포시 고촌로 15,샘플식당 0712,경양식
713,일반음식점,SAMPLE-00713,2014-07-25,폐업,2015-06-12,경기도 김포시 사우동 736-1,경기도 김포시 승가로 183,샘플식당 0713,정종/대포집/소주방
714,일반음식점,SAMPLE-00714,2014-07-28,폐업,2024-11-08,경기도 김포시 감정동 1252-25,경기도 김포시 승가로 153,샘플식당 0714,제과점영업
715,일반음식점,SAMPLE-00715,2014-07-30,폐업,2017-08-20,경기도 김포시 사우동 1038-7,경기도 김포시 김포대로 271,샘플식당 0715,한식
716,일반음식점,SAMPLE-00716,2014-07-30,폐업,2016-04-19,경기도 김포시 구래동 1047-26,경기도 김포시 통진로 139,샘플식당 0716,정종/대포집/소주방
717,일반음식점,SAMPLE-00717,2014-07-31,영업/정상,,경기도 김포시 사우동 1654-12,경기도 김포시 김포한강9로 257,샘플식당 0717,한식
718,일반음식점,SAMPLE-00718,2014-08-02,폐업,2016-06-11,경기도 김포시 운양동 240-9,경기도 김포시 통진로 162,샘플식당 0718,정종/대포집/소주방
719,일반음식점,SAMPLE-00719,2014-08-02,폐업,2026-04-21,경기도 김포시 구래동 1301-29,경기도 김포시 김포한강4로 18,샘플식당 0719,한식
720,일반음식점,SAMPLE-00720,2014-08-09,폐업,2015-12-17,경기도 김포시 마산동 961-9,경기도 김포시 고촌로 265,샘플식당 0720,호프/통닭
721,일반음식점,SAMPLE-00721,2014-08-18,폐업,2019-03-07,경기도 김포시 고촌읍 833-25,경기도 김포시 김포대로 231,샘플식당 0721,한식
722,일반음식점,SAMPLE-00722,2014-08-19,폐업,2020-02-09,경기도 김포시 사우동 1547-25,경기도 김포시 태장로 199,샘플식당 0722,한식
723,일반음식점,SAMPLE-00723,2014-08-21,폐업,2017-03-13,경기도 김포시 월곶면 876-15,경기도 김포시 김포한강4로 131,샘플식당 0723,김밥(도시락)
724,일반음식점,SAMPLE-00724,2014-08-27,폐업,2015-01-31,경기도 김포시 양촌읍 687-24,경기도 김포시 김포한강4로 62,샘플식당 0724,경양식
725,일반음식점,SAMPLE-00725,2014-08-28,폐업,2018-06-22,경기도 김포시 통진읍 976-6,경기도 김포시 양촌로 272,샘플식당 0725,한식
726,일반음식점,SAMPLE-00726,2014-09-02,폐업,2015-04-15,경기도 김포시 풍무동 1056-6,경기도 김포시 김포한강4로 262,샘플식당 0726,정종/대포집/소주방
727,일반음식점,SAMPLE-00727,2014-09-04,폐업,2019-07-26,경기도 김포시 양촌읍 1107-12,경기도 김포시 통진로 240,샘플식당 0727,정종/대포집/소주방
728,일반음식점,SAMPLE-00728,2014-09-04,폐업,2020-08-15,경기도 김포시 감정동 1861-11,경기도 김포시 김포대로 212,샘플식당 0728,분식
729,일반음식점,SAMPLE-00729,2014-09-10,폐업,2022-05-04,경기도 김포시 고촌읍 488-6,경기도 김포시 승가로 176,샘플식당 0729,커피숍
730,일반음식점,SAMPLE-00730,2014-09-11,폐업,2017-11-28,경기도 김포시 장기동 1202-16,경기도 김포시 김포한강9로 199,샘플식당 0730,한식
731,일반음식점,SAMPLE-00731,2014-09-13,폐업,2017-09-04,경기도 김포시 장기동 1236-5,경기도 김포시 승가로 129,샘플식당 0731,기타
732,일반음식점,SAMPLE-00732,2014-09-14,폐업,2020-05-17,경기도 김포시 북변동 217-9,경기도 김포시 김포한강4로 216,샘플식당 0732,한식
733,일반음식점,SAMPLE-00733,2014-09-15,폐업,2019-12-15,경기도 김포시 통진읍 1456-20,경기도 김포시 양촌로 145,샘플식당 0733,한식
734,일반음식점,SAMPLE-00734,2014-09-15,영업/정상,,경기도 김포시 감정동 928-23,경기도 김포시 승가로 228,샘플식당 0734,한식
735,일반음식점,SAMPLE-00735,2014-09-19,폐업,2016-09-04,경기도 김포시 고촌읍 333-20,경기도 김포시 태장로 300,샘플식당 0735,분식
736,일반음식점,SAMPLE-00736,2014-09-26,폐업,2016-10-02,경기도 김포시 운양동 1792-13,경기도 김포시 김포대로 148,샘플식당 0736,한식
737,일반음식점,SAMPLE-00737,2014-10-08,폐업,2016-09-23,경기도 김포시 구래동 177-23,경기도 김포시 봉화로 227,샘플식당 0737,한식
738,일반음식점,SAMPLE-00738,2014-10-12,폐업,2022-09-13,경기도 김포시 북변동 347-10,경기도 김포시 봉화로 107,샘플식당 0738,일식
739,일반음식점,SAMPLE-00739,2014-10-18,폐업,2017-03-29,경기도 김포시 장기동 275-17,경기도 김포시 봉화로 175,샘플식당 0739,커피숍
740,일반음식점,SAMPLE-00740,2014-10-19,폐업,2019-12-11,경기도 김포시 걸포동 312-28,경기도 김포시 통진로 115,샘플식당 0740,분식
741,일반음식점,SAMPLE-00741,2014-10-24,폐업,2017-04-06,경기도 김포시 감정동 7-15,경기도 김포시 김포한강9로 221,샘플식당 0741,한식
742,일반음식점,SAMPLE-00742,2014-10-24,폐업,2016-11-10,경기도 김포시 통진읍 1362-23,경기도 김포시 승가로 3,샘플식당 0742,경양식
743,일반음식점,SAMPLE-00743,2014-11-03,폐업,2020-11-15,경기도 김포시 사우동 877-8,경기도 김포시 김포한강4로 205,샘플식당 0743,호프/통닭
744,일반음식점,SAMPLE-00744,2014-11-08,폐업,2026-01-06,경기도 김포시 사우동 152-13,경기도 김포시 봉화로 234,샘플식당 0744,제과점영업
745,일반음식점,SAMPLE-00745,2014-11-09,폐업,2017-05-06,경기도 김포시 통진읍 1166-9,경기도 김포시 고촌로 108,샘플식당 0745,경양식
746,일반음식점,SAMPLE-00746,2014-11-09,폐업,2015-11-22,경기도 김포시 통진읍 1708-6,경기도 김포시 고촌로 209,샘플식당 0746,정종/대포집/소주방
747,일반음식점,SAMPLE-00747,2014-11-09,폐업,2025-08-15,경기도 김포시 감정동 929-20,경기도 김포시 고촌로 295,샘플식당 0747,한식
748,일반음식점,SAMPLE-00748,2014-11-17,폐업,2015-09-01,경기도 김포시 북변동 1633-28,경기도 김포시 봉화로 209,샘플식당 0748,커피숍
749,일반음식점,SAMPLE-00749,2014-11-19,폐업,2021-09-14,경기도 김포시 장기동 1235-30,경기도 김포시 양촌로 13,샘플식당 0749,한식
750,일반음식점,SAMPLE-00750,2014-11-22,폐업,2016-12-03,경기도 김포시 사우동 1667-25,경기도 김포시 김포한강4로 295,샘플식당 0750,한식
751,일반음식점,SAMPLE-00751,2014-11-24,폐업,2017-03-24,경기도 김포시 사우동 208-11,경기도 김포시 양촌로 168,샘플식당 0751,제과점영업
752,일반음식점,SAMPLE-00752,2014-11-26,폐업,2015-12-24,경기도 김포시 운양동 1991-28,경기도 김포시 김포대로 8,샘플식당 0752,까페
753,일반음식점,SAMPLE-00753,2014-11-29,폐업,2019-03-21,경기도 김포시 양촌읍 241-13,경기도 김포시 고촌로 261,샘플식당 0753,한식
754,일반음식점,SAMPLE-00754,2014-12-05,폐업,2019-01-26,경기도 김포시 장기동 1945-28,경기도 김포시 고촌로 123,샘플식당 0754,호프/통닭
755,일반음식점,SAMPLE-00755,2014-12-08,영업/정상,,경기도 김포시 구래동 616-20,경기도 김포시 봉화로 175,샘플식당 0755,한식
756,일반음식점,SAMPLE-00756,2014-12-08,폐업,2022-03-18,경기도 김포시 통진읍 164-4,경기도 김포시 태장로 147,샘플식당 0756,호프/통닭
757,일반음식점,SAMPLE-00757,2014-12-13,영업/정상,,경기도 김포시 월곶면 516-11,경기도 김포시 승가로 73,샘플식당 0757,한식
758,일반음식점,SAMPLE-00758,2014-12-15,폐업,2020-05-01,경기도 김포시 사우동 768-8,경기도 김포시 태장로 267,샘플식당 0758,일식
759,일반음식점,SAMPLE-00759,2014-12-18,폐업,2022-12-24,경기도 김포시 감정동 1670-1,경기도 김포시 김포한강9로 5,샘플식당 0759,한식
760,일반음식점,SAMPLE-00760,2014-12-18,폐업,2020-04-30,경기도 김포시 운양동 574-17,경기도 김포시 승가로 10,샘플식당 0760,기타
761,일반음식점,SAMPLE-00761,2014-12-19,폐업,2020-02-26,경기도 김포시 고촌읍 855-2,경기도 김포시 김포한강9로 249,샘플식당 0761,중국식
762,일반음식점,SAMPLE-00762,2014-12-24,폐업,2024-05-25,경기도 김포시 구래동 902-12,경기도 김포시 봉화로 101,샘플식당 0762,분식
763,일반음식점,SAMPLE-00763,2014-12-25,폐업,2015-12-22,경기도 김포시 사우동 1142-7,경기도 김포시 양촌로 261,샘플식당 0763,한식
764,일반음식점,SAMPLE-00764,2014-12-29,폐업,2017-11-08,경기도 김포시 북변동 987-18,경기도 김포시 태장로 139,샘플식당 0764,한식
765,일반음식점,SAMPLE-00765,2014-12-30,폐업,2017-12-10,경기도 김포시 운양동 1496-4,경기도 김포시 봉화로 200,샘플식당 0765,한식
766,일반음식점,SAMPLE-00766,2015-01-03,영업/정상,,경기도 김포시 감정동 1587-17,경기도 김포시 승가로 77,샘플식당 0766,일식
767,일반음식점,SAMPLE-00767,2015-01-07,폐업,2017-05-20,경기도 김포시 장기동 1832-18,경기도 김포시 고촌로 262,샘플식당 0767,경양식
768,일반음식점,SAMPLE-00768,2015-01-08,폐업,2017-06-16,경기도 김포시 구래동 1674-16,경기도 김포시 승가로 146,샘플식당 0768,분식
769,일반음식점,SAMPLE-00769,2015-01-09,폐업,2017-11-21,경기도 김포시 구래동 1273-12,경기도 김포시 김포한강4로 261,샘플식당 0769,정종/대포집/소주방
770,일반음식점,SAMPLE-00770,2015-01-15,영업/정상,,경기도 김포시 운양동 637-18,경기도 김포시 고촌로 194,샘플식당 0770,분식
771,일반음식점,SAMPLE-00771,2015-01-17,폐업,2019-07-19,경기도 김포시 통진읍 1844-27,경기도 김포시 김포한강4로 43,샘플식당 0771,정종/대포집/소주방
772,일반음식점,SAMPLE-00772,2015-01-25,폐업,2022-07-02,경기도 김포시 하성면 25-12,경기도 김포시 태장로 82,샘플식당 0772,한식
773,일반음식점,SAMPLE-00773,2015-01-26,폐업,2019-05-05,경기도 김포시 장기동 171-17,경기도 김포시 승가로 216,샘플식당 0773,제과점영업
774,일반음식점,SAMPLE-00774,2015-01-29,폐업,2020-09-06,경기도 김포시 운양동 516-17,경기도 김포시 봉화로 55,샘플식당 0774,호프/통닭
775,일반음식점,SAMPLE-00775,2015-01-31,폐업,2022-08-22,경기도 김포시 대곶면 733-13,경기도 김포시 김포한강9로 233,샘플식당 0775,한식
776,일반음식점,SAMPLE-00776,2015-02-01,폐업,2020-11-16,경기도 김포시 월곶면 1131-4,경기도 김포시 김포대로 91,샘플식당 0776,한식
777,일반음식점,SAMPLE-00777,2015-02-03,폐업,2018-05-19,경기도 김포시 사우동 1113-12,경기도 김포시 양촌로 230,샘플식당 0777,중국식
778,일반음식점,SAMPLE-00778,2015-02-04,폐업,2017-02-16,경기도 김포시 구래동 1202-16,경기도 김포시 봉화로 294,샘플식당 0778,한식
779,일반음식점,SAMPLE-00779,2015-02-04,폐업,2019-09-28,경기도 김포시 사우동 1652-2,경기도 김포시 김포한강4로 152,샘플식당 0779,분식
780,일반음식점,SAMPLE-00780,2015-02-05,폐업,2018-03-27,경기도 김포시 북변동 480-22,경기도 김포시 김포한강9로 205,샘플식당 0780,한식
781,일반음식점,SAMPLE-00781,2015-02-07,폐업,2016-03-10,경기도 김포시 양촌읍 1168-3,경기도 김포시 통진로 22,샘플식당 0781,커피숍
782,일반음식점,SAMPLE-00782,2015-02-07,폐업,2015-11-21,경기도 김포시 운양동 10-23,경기도 김포시 통진로 253,샘플식당 0782,일식
783,일반음식점,SAMPLE-00783,2015-02-07,폐업,2015-11-18,경기도 김포시 사우동 320-20,경기도 김포시 김포한강9로 130,샘플식당 0783,호프/통닭
784,일반음식점,SAMPLE-00784,2015-02-11,폐업,2018-08-11,경기도 김포시 구래동 1486-14,경기도 김포시 김포한강9로 274,샘플식당 0784,기타
785,일반음식점,SAMPLE-00785,2015-02-11,폐업,2018-05-12,경기도 김포시 풍무동 1695-9,경기도 김포시 고촌로 26,샘플식당 0785,커피숍
786,일반음식점,SAMPLE-00786,2015-02-13,폐업,2026-07-23,경기도 김포시 장기동 1006-16,경기도 김포시 태장로 231,샘플식당 0786,일식
787,일반음식점,SAMPLE-00787,2015-02-13,폐업,2021-03-07,경기도 김포시 운양동 986-30,경기도 김포시 김포대로 47,샘플식당 0787,한식
788,일반음식점,SAMPLE-00788,2015-02-14,영업/정상,,경기도 김포시 장기동 1236-19,경기도 김포시 봉화로 147,샘플식당 0788,한식
789,일반음식점,SAMPLE-00789,2015-02-14,폐업,2019-04-13,경기도 김포시 운양동 1633-2,경기도 김포시 김포한강4로 79,샘플식당 0789,한식
790,일반음식점,SAMPLE-00790,2015-02-14,폐업,2018-04-16,경기도 김포시 북변동 1226-18,경기도 김포시 김포대로 261,샘플식당 0790,일식
791,일반음식점,SAMPLE-00791,2015-02-23,폐업,2018-04-21,경기도 김포시 장기동 869-8,경기도 김포시 태장로 64,샘플식당 0791,한식
792,일반음식점,SAMPLE-00792,2015-02-27,폐업,2018-12-24,경기도 김포시 운양동 1295-29,경기도 김포시 봉화로 78,샘플식당 0792,한식
793,일반음식점,SAMPLE-00793,2015-02-27,영업/정상,,경기도 김포시 양촌읍 402-22,경기도 김포시 태장로 220,샘플식당 0793,한식
794,일반음식점,SAMPLE-00794,2015-03-01,폐업,2018-02-16,경기도 김포시 장기동 1138-7,경기도 김포시 승가로 134,샘플식당 0794,분식
795,일반음식점,SAMPLE-00795,2015-03-05,폐업,2017-08-25,경기도 김포시 감정동 1426-17,경기도 김포시 김포한강4로 25,샘플식당 0795,한식
796,일반음식점,SAMPLE-00796,2015-03-06,폐업,2019-01-27,경기도 김포시 사우동 1849-2,경기도 김포시 승가로 99,샘플식당 0796,한식
797,일반음식점,SAMPLE-00797,2015-03-06,폐업,2026-08-27,경기도 김포시 통진읍 909-20,경기도 김포시 승가로 282,샘플식당 0797,한식
798,일반음식점,SAMPLE-00798,2015-03-07,폐업,2019-02-05,경기도 김포시 구래동 228-10,경기도 김포시 승가로 1,샘플식당 0798,한식
799,일반음식점,SAMPLE-00799,2015-03-08,폐업,2021-10-18,경기도 김포시 장기동 1123-28,경기도 김포시 고촌로 103,샘플식당 0799,정종/대포집/소주방
800,일반음식점,SAMPLE-00800,2015-03-09,영업/정상,,경기도 김포시 구래동 508-24,경기도 김포시 김포대로 87,샘플식당 0800,한식
801,일반음식점,SAMPLE-00801,2015-03-09,폐업,2018-09-14,경기도 김포시 운양동 894-26,경기도 김포시 고촌로 38,샘플식당 0801,기타
802,일반음식점,SAMPLE-00802,2015-03-10,폐업,2018-08-31,경기도 김포시 장기동 1769-12,경기도 김포시 고촌로 235,샘플식당 0802,기타
803,일반음식점,SAMPLE-00803,2015-03-15,폐업,2019-03-03,경기도 김포시 사우동 155-10,경기도 김포시 통진로 258,샘플식당 0803,한식
804,일반음식점,SAMPLE-00804,2015-03-23,폐업,2022-06-29,경기도 김포시 장기동 343-7,경기도 김포시 태장로 9,샘플식당 0804,제과점영업
805,일반음식점,SAMPLE-00805,2015-04-01,폐업,2021-07-23,경기도 김포시 통진읍 819-21,경기도 김포시 김포한강4로 243,샘플식당 0805,한식
806,일반음식점,SAMPLE-00806,2015-04-01,폐업,2017-10-18,경기도 김포시 걸포동 1422-9,경기도 김포시 양촌로 298,샘플식당 0806,분식
807,일반음식점,SAMPLE-00807,2015-04-07,폐업,2019-03-03,경기도 김포시 운양동 1097-12,경기도 김포시 통진로 124,샘플식당 0807,분식
808,일반음식점,SAMPLE-00808,2015-04-07,영업/정상,,경기도 김포시 사우동 1091-21,경기도 김포시 김포한강4로 33,샘플식당 0808,제과점영업
809,일반음식점,SAMPLE-00809,2015-04-12,폐업,2018-07-11,경기도 김포시 장기동 917-2,경기도 김포시 김포한강9로 237,샘플식당 0809,한식
810,일반음식점,SAMPLE-00810,2015-04-12,폐업,2019-07-20,경기도 김포시 통진읍 1041-12,경기도 김포시 고촌로 252,샘플식당 0810,커피숍
811,일반음식점,SAMPLE-00811,2015-04-12,폐업,2025-05-05,경기도 김포시 마산동 1507-13,경기도 김포시 양촌로 190,샘플식당 0811,중국식
812,일반음식점,SAMPLE-00812,2015-04-15,폐업,2020-11-02,경기도 김포시 북변동 233-22,경기도 김포시 승가로 254,샘플식당 0812,제과점영업
813,일반음식점,SAMPLE-00813,2015-04-19,폐업,2016-07-22,경기도 김포시 걸포동 1424-17,경기도 김포시 통진로 47,샘플식당 0813,정종/대포집/소주방
814,일반음식점,SAMPLE-00814,2015-04-19,폐업,2019-06-08,경기도 김포시 구래동 1554-20,경기도 김포시 김포한강9로 223,샘플식당 0814,까페
815,일반음식점,SAMPLE-00815,2015-04-20,폐업,2023-01-18,경기도 김포시 사우동 1698-6,경기도 김포시 김포한강4로 294,샘플식당 0815,한식
816,일반음식점,SAMPLE-00816,2015-04-22,폐업,2018-08-01,경기도 김포시 사우동 534-27,경기도 김포시 봉화로 171,샘플식당 0816,분식
817,일반음식점,SAMPLE-00817,2015-04-28,폐업,2017-01-27,경기도 김포시 고촌읍 1196-18,경기도 김포시 김포한강4로 182,샘플식당 0817,한식
818,일반음식점,SAMPLE-00818,2015-05-02,폐업,2021-03-16,경기도 김포시 양촌읍 1078-24,경기도 김포시 김포대로 130,샘플식당 0818,한식
819,일반음식점,SAMPLE-00819,2015-05-07,폐업,2018-06-13,경기도 김포시 장기동 909-16,경기도 김포시 봉화로 208,샘플식당 0819,중국식
820,일반음식점,SAMPLE-00820,2015-05-11,폐업,2016-03-05,경기도 김포시 통진읍 380-3,경기도 김포시 승가로 96,샘플식당 0820,정종/대포집/소주방
821,일반음식점,SAMPLE-00821,2015-05-19,폐업,2019-09-11,경기도 김포시 사우동 1508-8,경기도 김포시 김포한강4로 21,샘플식당 0821,호프/통닭
822,일반음식점,SAMPLE-00822,2015-05-24,폐업,2020-03-23,경기도 김포시 월곶면 52-16,경기도 김포시 김포한강9로 200,샘플식당 0822,일식
823,일반음식점,SAMPLE-00823,2015-05-28,폐업,2018-01-05,경기도 김포시 사우동 389-22,경기도 김포시 김포한강9로 75,샘플식당 0823,정종/대포집/소주방
824,일반음식점,SAMPLE-00824,2015-06-01,폐업,2024-03-29,경기도 김포시 장기동 655-3,경기도 김포시 양촌로 298,샘플식당 0824,호프/통닭
825,일반음식점,SAMPLE-00825,2015-06-06,폐업,2017-07-09,경기도 김포시 운양동 741-23,경기도 김포시 양촌로 179,샘플식당 0825,한식
826,일반음식점,SAMPLE-00826,2015-06-10,폐업,2017-02-13,경기도 김포시 북변동 518-23,경기도 김포시 고촌로 272,샘플식당 0826,한식
827,일반음식점,SAMPLE-00827,2015-06-11,폐업,2016-11-29,경기도 김포시 양촌읍 132-11,경기도 김포시 태장로 131,샘플식당 0827,까페
828,일반음식점,SAMPLE-00828,2015-06-11,폐업,2022-04-25,경기도 김포시 구래동 1700-17,경기도 김포시 봉화로 128,샘플식당 0828,한식
829,일반음식점,SAMPLE-00829,2015-06-13,폐업,2019-03-12,경기도 김포시 걸포동 188-30,경기도 김포시 봉화로 299,샘플식당 0829,커피숍
830,일반음식점,SAMPLE-00830,2015-06-14,폐업,2017-04-05,경기도 김포시 마산동 1149-11,경기도 김포시 김포한강4로 263,샘플식당 0830,커피숍
831,일반음식점,SAMPLE-00831,2015-06-17,폐업,2017-06-02,경기도 김포시 장기동 1511-1,경기도 김포시 고촌로 271,샘플식당 0831,경양식
832,일반음식점,SAMPLE-00832,2015-06-17,폐업,2016-10-21,경기도 김포시 통진읍 489-8,경기도 김포시 고촌로 160,샘플식당 0832,커피숍
833,일반음식점,SAMPLE-00833,2015-06-21,영업/정상,,경기도 김포시 장기동 830-24,경기도 김포시 고촌로 270,샘플식당 0833,한식
834,일반음식점,SAMPLE-00834,2015-06-23,폐업,2019-01-18,경기도 김포시 운양동 1401-1,경기도 김포시 김포한강9로 237,샘플식당 0834,호프/통닭
835,일반음식점,SAMPLE-00835,2015-06-23,폐업,2020-04-08,경기도 김포시 장기동 1697-25,경기도 김포시 김포한강9로 91,샘플식당 0835,호프/통닭
836,일반음식점,SAMPLE-00836,2015-07-02,영업/정상,,경기도 김포시 마산동 955-1,경기도 김포시 태장로 172,샘플식당 0836,제과점영업
837,일반음식점,SAMPLE-00837,2015-07-06,폐업,2021-12-09,경기도 김포시 사우동 433-6,경기도 김포시 승가로 155,샘플식당 0837,호프/통닭
838,일반음식점,SAMPLE-00838,2015-07-07,폐업,2016-10-23,경기도 김포시 사우동 1713-13,경기도 김포시 김포대로 33,샘플식당 0838,커피숍
839,일반음식점,SAMPLE-00839,2015-07-12,폐업,2018-07-02,경기도 김포시 북변동 1833-29,경기도 김포시 봉화로 74,샘플식당 0839,커피숍
840,일반음식점,SAMPLE-00840,2015-07-15,폐업,2020-01-28,경기도 김포시 감정동 1236-3,경기도 김포시 봉화로 190,샘플식당 0840,경양식
841,일반음식점,SAMPLE-00841,2015-07-16,폐업,2017-05-16,경기도 김포시 장기동 1653-3,경기도 김포시 승가로 122,샘플식당 0841,김밥(도시락)
842,일반음식점,SAMPLE-00842,2015-07-17,폐업,2022-07-08,경기도 김포시 운양동 335-1,경기도 김포시 김포한강9로 243,샘플식당 0842,한식
843,일반음식점,SAMPLE-00843,2015-07-19,폐업,2023-03-08,경기도 김포시 장기동 659-2,경기도 김포시 김포한강4로 298,샘플식당 0843,한식
844,일반음식점,SAMPLE-00844,2015-07-21,영업/정상,,경기도 김포시 마산동 1054-25,경기도 김포시 고촌로 147,샘플식당 0844,한식
845,일반음식점,SAMPLE-00845,2015-07-21,폐업,2017-03-06,경기도 김포시 사우동 1986-23,경기도 김포시 고촌로 284,샘플식당 0845,기타
846,일반음식점,SAMPLE-00846,2015-07-23,폐업,2024-11-02,경기도 김포시 통진읍 1742-7,경기도 김포시 승가로 199,샘플식당 0846,한식
847,일반음식점,SAMPLE-00847,2015-07-24,폐업,2022-03-01,경기도 김포시 월곶면 1952-6,경기도 김포시 봉화로 223,샘플식당 0847,한식
848,일반음식점,SAMPLE-00848,2015-07-26,폐업,2016-05-16,경기도 김포시 고촌읍 362-10,경기도 김포시 김포한강9로 160,샘플식당 0848,까페
849,일반음식점,SAMPLE-00849,2015-07-27,폐업,2023-06-09,경기도 김포시 월곶면 1766-12,경기도 김포시 양촌로 64,샘플식당 0849,한식
850,일반음식점,SAMPLE-00850,2015-07-27,폐업,2018-12-30,경기도 김포시 장기동 1277-17,경기도 김포시 봉화로 161,샘플식당 0850,김밥(도시락)
851,일반음식점,SAMPLE-00851,2015-08-06,폐업,2026-03-02,경기도 김포시 사우동 378-3,경기도 김포시 고촌로 6,샘플식당 0851,한식
852,일반음식점,SAMPLE-00852,2015-08-07,폐업,2017-10-30,경기도 김포시 감정동 733-27,경기도 김포시 김포한강9로 24,샘플식당 0852,김밥(도시락)
853,일반음식점,SAMPLE-00853,2015-08-08,폐업,2019-08-31,경기도 김포시 구래동 815-10,경기도 김포시 김포대로 280,샘플식당 0853,호프/통닭
854,일반음식점,SAMPLE-00854,2015-08-09,폐업,2020-08-12,경기도 김포시 월곶면 871-10,경기도 김포시 봉화로 116,샘플식당 0854,한식
855,일반음식점,SAMPLE-00855,2015-08-11,폐업,2022-11-22,경기도 김포시 사우동 875-8,경기도 김포시 양촌로 219,샘플식당 0855,일식
856,일반음식점,SAMPLE-00856,2015-08-11,폐업,2024-03-09,경기도 김포시 풍무동 210-15,경기도 김포시 통진로 221,샘플식당 0856,한식
857,일반음식점,SAMPLE-00857,2015-08-11,폐업,2023-01-13,경기도 김포시 통진읍 617-1,경기도 김포시 김포한강9로 154,샘플식당 0857,커피숍
858,일반음식점,SAMPLE-00858,2015-08-11,폐업,2019-10-06,경기도 김포시 걸포동 1978-24,경기도 김포시 봉화로 107,샘플식당 0858,김밥(도시락)
859,일반음식점,SAMPLE-00859,2015-08-14,폐업,2021-10-28,경기도 김포시 고촌읍 957-27,경기도 김포시 양촌로 151,샘플식당 0859,분식
860,일반음식점,SAMPLE-00860,2015-08-14,영업/정상,,경기도 김포시 감정동 717-29,경기도 김포시 통진로 51,샘플식당 0860,한식
861,일반음식점,SAMPLE-00861,2015-08-15,폐업,2024-03-09,경기도 김포시 장기동 1247-16,경기도 김포시 통진로 243,샘플식당 0861,호프/통닭
862,일반음식점,SAMPLE-00862,2015-08-16,폐업,2022-08-19,경기도 김포시 대곶면 572-15,경기도 김포시 김포한강9로 125,샘플식당 0862,한식
863,일반음식점,SAMPLE-00863,2015-08-17,폐업,2016-08-12,경기도 김포시 사우동 1968-2,경기도 김포시 김포한강4로 13,샘플식당 0863,기타
864,일반음식점,SAMPLE-00864,2015-08-19,폐업,2022-03-20,경기도 김포시 통진읍 1122-13,경기도 김포시 통진로 85,샘플식당 0864,커피숍
865,일반음식점,SAMPLE-00865,2015-08-19,폐업,2023-12-13,경기도 김포시 통진읍 1791-10,경기도 김포시 통진로 141,샘플식당 0865,호프/통닭
866,일반음식점,SAMPLE-00866,2015-08-20,폐업,2021-10-05,경기도 김포시 구래동 60-25,경기도 김포시 김포한강4로 29,샘플식당 0866,일식
867,일반음식점,SAMPLE-00867,2015-08-21,폐업,2022-08-07,경기도 김포시 고촌읍 316-8,경기도 김포시 김포한강4로 250,샘플식당 0867,정종/대포집/소주방
868,일반음식점,SAMPLE-00868,2015-08-21,폐업,2019-12-04,경기도 김포시 장기동 1708-25,경기도 김포시 태장로 11,샘플식당 0868,일식
869,일반음식점,SAMPLE-00869,2015-08-24,폐업,2022-08-01,경기도 김포시 사우동 619-3,경기도 김포시 태장로 129,샘플식당 0869,커피숍
870,일반음식점,SAMPLE-00870,2015-08-26,폐업,2024-11-22,경기도 김포시 장기동 1732-25,경기도 김포시 김포한강4로 183,샘플식당 0870,한식
871,일반음식점,SAMPLE-00871,2015-08-30,폐업,2020-02-24,경기도 김포시 장기동 1852-25,경기도 김포시 태장로 124,샘플식당 0871,정종/대포집/소주방
872,일반음식점,SAMPLE-00872,2015-09-03,폐업,2024-02-15,경기도 김포시 감정동 1221-14,경기도 김포시 태장로 199,샘플식당 0872,일식
873,일반음식점,SAMPLE-00873,2015-09-04,폐업,2018-02-03,경기도 김포시 고촌읍 363-17,경기도 김포시 고촌로 296,샘플식당 0873,호프/통닭
874,일반음식점,SAMPLE-00874,2015-09-09,영업/정상,,경기도 김포시 장기동 1921-1,경기도 김포시 양촌로 191,샘플식당 0874,한식
875,일반음식점,SAMPLE-00875,2015-09-11,폐업,2019-09-09,경기도 김포시 고촌읍 777-6,경기도 김포시 김포한강9로 160,샘플식당 0875,일식
876,일반음식점,SAMPLE-00876,2015-09-14,폐업,2024-11-07,경기도 김포시 고촌읍 1115-16,경기도 김포시 고촌로 223,샘플식당 0876,기타
877,일반음식점,SAMPLE-00877,2015-09-15,폐업,2019-08-07,경기도 김포시 통진읍 432-7,경기도 김포시 통진로 102,샘플식당 0877,호프/통닭
878,일반음식점,SAMPLE-00878,2015-09-15,폐업,2016-07-31,경기도 김포시 장기동 1256-12,경기도 김포시 양촌로 49,샘플식당 0878,분식
879,일반음식점,SAMPLE-00879,2015-09-15,폐업,2020-08-25,경기도 김포시 풍무동 1951-10,경기도 김포시 승가로 75,샘플식당 0879,일식
880,일반음식점,SAMPLE-00880,2015-09-18,폐업,2019-12-26,경기도 김포시 걸포동 1011-6,경기도 김포시 양촌로 27,샘플식당 0880,까페
881,일반음식점,SAMPLE-00881,2015-09-20,폐업,2018-05-31,경기도 김포시 고촌읍 229-1,경기도 김포시 김포한강4로 71,샘플식당 0881,분식
882,일반음식점,SAMPLE-00882,2015-09-21,폐업,2017-12-08,경기도 김포시 사우동 981-30,경기도 김포시 승가로 29,샘플식당 0882,한식
883,일반음식점,SAMPLE-00883,2015-09-23,폐업,2022-03-22,경기도 김포시 북변동 1425-23,경기도 김포시 김포대로 22,샘플식당 0883,정종/대포집/소주방
884,일반음식점,SAMPLE-00884,2015-09-23,폐업,2016-04-28,경기도 김포시 사우동 695-10,경기도 김포시 양촌로 19,샘플식당 0884,기타
885,일반음식점,SAMPLE-00885,2015-09-28,폐업,2017-10-09,경기도 김포시 대곶면 374-11,경기도 김포시 고촌로 248,샘플식당 0885,한식
886,일반음식점,SAMPLE-00886,2015-09-28,폐업,2017-09-28,경기도 김포시 통진읍 264-27,경기도 김포시 통진로 97,샘플식당 0886,김밥(도시락)
887,일반음식점,SAMPLE-00887,2015-09-30,영업/정상,,경기도 김포시 풍무동 269-25,경기도 김포시 김포한강4로 14,샘플식당 0887,한식
888,일반음식점,SAMPLE-00888,2015-10-10,폐업,2019-04-18,경기도 김포시 고촌읍 1028-22,경기도 김포시 김포대로 208,샘플식당 0888,한식
889,일반음식점,SAMPLE-00889,2015-10-12,폐업,2020-04-05,경기도 김포시 감정동 1175-13,경기도 김포시 봉화로 153,샘플식당 0889,정종/대포집/소주방
890,일반음식점,SAMPLE-00890,2015-10-13,폐업,2025-03-20,경기도 김포시 운양동 901-4,경기도 김포시 김포대로 1,샘플식당 0890,분식
891,일반음식점,SAMPLE-00891,2015-10-16,폐업,2022-02-07,경기도 김포시 사우동 1499-1,경기도 김포시 김포한강4로 139,샘플식당 0891,한식
892,일반음식점,SAMPLE-00892,2015-10-19,폐업,2019-12-02,경기도 김포시 사우동 1222-26,경기도 김포시 김포대로 1,샘플식당 0892,한식
893,일반음식점,SAMPLE-00893,2015-10-19,폐업,2019-05-30,경기도 김포시 북변동 1727-11,경기도 김포시 고촌로 118,샘플식당 0893,한식
894,일반음식점,SAMPLE-00894,2015-10-21,폐업,2023-02-14,경기도 김포시 사우동 537-3,경기도 김포시 봉화로 127,샘플식당 0894,커피숍
895,일반음식점,SAMPLE-00895,2015-10-23,폐업,2020-02-21,경기도 김포시 마산동 386-15,경기도 김포시 양촌로 283,샘플식당 0895,분식
896,일반음식점,SAMPLE-00896,2015-10-24,영업/정상,,경기도 김포시 월곶면 243-21,경기도 김포시 양촌로 273,샘플식당 0896,한식
897,일반음식점,SAMPLE-00897,2015-10-25,폐업,2021-09-09,경기도 김포시 장기동 1443-7,경기도 김포시 봉화로 135,샘플식당 0897,까페
898,일반음식점,SAMPLE-00898,2015-11-02,폐업,2019-12-06,경기도 김포시 운양동 583-12,경기도 김포시 고촌로 164,샘플식당 0898,호프/통닭
899,일반음식점,SAMPLE-00899,2015-11-04,폐업,2024-04-07,경기도 김포시 감정동 1051-16,경기도 김포시 승가로 144,샘플식당 0899,정종/대포집/소주방
900,일반음식점,SAMPLE-00900,2015-11-05,폐업,2022-09-22,경기도 김포시 구래동 1572-30,경기도 김포시 김포한강4로 228,샘플식당 0900,한식
901,일반음식점,SAMPLE-00901,2015-11-06,폐업,2018-08-19,경기도 김포시 하성면 1659-21,경기도 김포시 김포한강4로 197,샘플식당 0901,경양식
902,일반음식점,SAMPLE-00902,2015-11-06,폐업,2018-01-04,경기도 김포시 통진읍 549-20,경기도 김포시 승가로 3,샘플식당 0902,한식
903,일반음식점,SAMPLE-00903,2015-11-08,영업/정상,,경기도 김포시 풍무동 152-7,경기도 김포시 김포한강4로 228,샘플식당 0903,호프/통닭
904,일반음식점,SAMPLE-00904,2015-11-09,폐업,2019-07-10,경기도 김포시 사우동 58-25,경기도 김포시 김포대로 6,샘플식당 0904,호프/통닭
905,일반음식점,SAMPLE-00905,2015-11-10,폐업,2018-03-30,경기도 김포시 북변동 649-18,경기도 김포시 고촌로 267,샘플식당 0905,커피숍
906,일반음식점,SAMPLE-00906,2015-11-16,폐업,2021-11-08,경기도 김포시 마산동 1642-23,경기도 김포시 승가로 220,샘플식당 0906,정종/대포집/소주방
907,일반음식점,SAMPLE-00907,2015-11-20,폐업,2021-05-10,경기도 김포시 양촌읍 1022-14,경기도 김포시 승가로 75,샘플식당 0907,한식
908,일반음식점,SAMPLE-00908,2015-11-20,폐업,2018-03-12,경기도 김포시 고촌읍 284-6,경기도 김포시 김포한강4로 231,샘플식당 0908,커피숍
909,일반음식점,SAMPLE-00909,2015-12-09,폐업,2019-04-11,경기도 김포시 장기동 1203-7,경기도 김포시 김포한강9로 150,샘플식당 0909,분식
910,일반음식점,SAMPLE-00910,2015-12-10,폐업,2020-01-04,경기도 김포시 운양동 1407-17,경기도 김포시 김포한강4로 138,샘플식당 0910,분식
911,일반음식점,SAMPLE-00911,2015-12-11,폐업,2023-01-04,경기도 김포시 사우동 1330-6,경기도 김포시 승가로 30,샘플식당 0911,호프/통닭
912,일반음식점,SAMPLE-00912,2015-12-14,폐업,2020-06-25,경기도 김포시 하성면 816-27,경기도 김포시 김포한강4로 43,샘플식당 0912,한식
913,일반음식점,SAMPLE-00913,2015-12-16,폐업,2022-07-15,경기도 김포시 양촌읍 891-29,경기도 김포시 양촌로 134,샘플식당 0913,경양식
914,일반음식점,SAMPLE-00914,2015-12-17,폐업,2021-04-04,경기도 김포시 감정동 267-6,경기도 김포시 김포대로 239,샘플식당 0914,까페
915,일반음식점,SAMPLE-00915,2015-12-17,폐업,2018-03-17,경기도 김포시 마산동 70-15,경기도 김포시 봉화로 144,샘플식당 0915,한식
916,일반음식점,SAMPLE-00916,2015-12-19,폐업,2022-09-04,경기도 김포시 감정동 1279-20,경기도 김포시 고촌로 208,샘플식당 0916,한식
917,일반음식점,SAMPLE-00917,2015-12-20,폐업,2025-06-16,경기도 김포시 운양동 1796-15,경기도 김포시 양촌로 24,샘플식당 0917,한식
918,일반음식점,SAMPLE-00918,2015-12-20,폐업,2018-02-13,경기도 김포시 통진읍 805-1,경기도 김포시 김포한강4로 22,샘플식당 0918,정종/대포집/소주방
919,일반음식점,SAMPLE-00919,2015-12-20,폐업,2024-03-23,경기도 김포시 장기동 1754-27,경기도 김포시 김포대로 202,샘플식당 0919,한식
920,일반음식점,SAMPLE-00920,2015-12-25,폐업,2020-05-15,경기도 김포시 북변동 92-26,경기도 김포시 양촌로 275,샘플식당 0920,한식
921,일반음식점,SAMPLE-00921,2015-12-27,폐업,2017-05-17,경기도 김포시 통진읍 1668-16,경기도 김포시 김포대로 98,샘플식당 0921,한식
922,일반음식점,SAMPLE-00922,2015-12-30,영업/정상,,경기도 김포시 감정동 412-26,경기도 김포시 고촌로 101,샘플식당 0922,기타
923,일반음식점,SAMPLE-00923,2015-12-30,폐업,2017-10-24,경기도 김포시 운양동 253-24,경기도 김포시 봉화로 43,샘플식당 0923,정종/대포집/소주방
924,일반음식점,SAMPLE-00924,2015-12-30,폐업,2016-06-29,경기도 김포시 고촌읍 782-14,경기도 김포시 승가로 110,샘플식당 0924,커피숍
925,일반음식점,SAMPLE-00925,2015-12-31,폐업,2020-04-11,경기도 김포시 통진읍 503-21,경기도 김포시 태장로 185,샘플식당 0925,한식
926,일반음식점,SAMPLE-00926,2016-01-02,폐업,2023-11-16,경기도 김포시 고촌읍 1744-15,경기도 김포시 봉화로 18,샘플식당 0926,한식
927,일반음식점,SAMPLE-00927,2016-01-02,폐업,2020-02-06,경기도 김포시 운양동 1833-17,경기도 김포시 김포한강4로 4,샘플식당 0927,한식
928,일반음식점,SAMPLE-00928,2016-01-04,폐업,2021-11-05,경기도 김포시 장기동 1208-27,경기도 김포시 태장로 145,샘플식당 0928,커피숍
929,일반음식점,SAMPLE-00929,2016-01-04,폐업,2018-02-23,경기도 김포시 감정동 1360-6,경기도 김포시 봉화로 274,샘플식당 0929,김밥(도시락)
930,일반음식점,SAMPLE-00930,2016-01-05,폐업,2020-07-09,경기도 김포시 구래동 1294-19,경기도 김포시 통진로 77,샘플식당 0930,한식
931,일반음식점,SAMPLE-00931,2016-01-14,영업/정상,,경기도 김포시 걸포동 1867-19,경기도 김포시 양촌로 36,샘플식당 0931,한식
932,일반음식점,SAMPLE-00932,2016-01-17,폐업,2023-02-06,경기도 김포시 양촌읍 217-4,경기도 김포시 봉화로 200,샘플식당 0932,호프/통닭
933,일반음식점,SAMPLE-00933,2016-01-17,영업/정상,,경기도 김포시 통진읍 1646-1,경기도 김포시 양촌로 233,샘플식당 0933,일식
934,일반음식점,SAMPLE-00934,2016-01-18,폐업,2022-11-07,경기도 김포시 풍무동 858-28,경기도 김포시 김포한강4로 98,샘플식당 0934,한식
935,일반음식점,SAMPLE-00935,2016-01-19,폐업,2017-05-02,경기도 김포시 대곶면 562-10,경기도 김포시 통진로 231,샘플식당 0935,까페
936,일반음식점,SAMPLE-00936,2016-01-19,영업/정상,,경기도 김포시 마산동 1767-7,경기도 김포시 김포대로 99,샘플식당 0936,한식
937,일반음식점,SAMPLE-00937,2016-01-20,영업/정상,,경기도 김포시 구래동 352-25,경기도 김포시 통진로 169,샘플식당 0937,경양식
938,일반음식점,SAMPLE-00938,2016-01-24,폐업,2019-10-02,경기도 김포시 사우동 87-10,경기도 김포시 통진로 271,샘플식당 0938,한식
939,일반음식점,SAMPLE-00939,2016-01-25,폐업,2024-06-26,경기도 김포시 하성면 200-26,경기도 김포시 통진로 289,샘플식당 0939,기타
940,일반음식점,SAMPLE-00940,2016-01-26,폐업,2018-09-15,경기도 김포시 풍무동 1478-13,경기도 김포시 승가로 274,샘플식당 0940,일식
941,일반음식점,SAMPLE-00941,2016-01-28,폐업,2017-09-28,경기도 김포시 장기동 1005-5,경기도 김포시 김포대로 63,샘플식당 0941,정종/대포집/소주방
942,일반음식점,SAMPLE-00942,2016-01-29,폐업,2017-12-17,경기도 김포시 장기동 608-18,경기도 김포시 고촌로 161,샘플식당 0942,한식
943,일반음식점,SAMPLE-00943,2016-02-01,폐업,2024-05-31,경기도 김포시 운양동 543-1,경기도 김포시 김포대로 44,샘플식당 0943,한식
944,일반음식점,SAMPLE-00944,2016-02-03,폐업,2023-06-12,경기도 김포시 고촌읍 459-26,경기도 김포시 김포한강4로 98,샘플식당 0944,경양식
945,일반음식점,SAMPLE-00945,2016-02-03,폐업,2017-05-26,경기도 김포시 걸포동 37-29,경기도 김포시 김포한강9로 251,샘플식당 0945,커피숍
946,일반음식점,SAMPLE-00946,2016-02-05,폐업,2024-04-17,경기도 김포시 북변동 1764-20,경기도 김포시 통진로 51,샘플식당 0946,중국식
947,일반음식점,SAMPLE-00947,2016-02-05,영업/정상,,경기도 김포시 북변동 147-22,경기도 김포시 통진로 72,샘플식당 0947,한식
948,일반음식점,SAMPLE-00948,2016-02-06,폐업,2018-06-21,경기도 김포시 구래동 268-11,경기도 김포시 승가로 176,샘플식당 0948,한식
949,일반음식점,SAMPLE-00949,2016-02-10,폐업,2018-02-15,경기도 김포시 양촌읍 1867-3,경기도 김포시 통진로 276,샘플식당 0949,한식
950,일반음식점,SAMPLE-00950,2016-02-13,폐업,2017-05-11,경기도 김포시 북변동 1696-27,경기도 김포시 김포한강4로 24,샘플식당 0950,정종/대포집/소주방
951,일반음식점,SAMPLE-00951,2016-02-13,폐업,2026-02-12,경기도 김포시 사우동 170-27,경기도 김포시 김포대로 10,샘플식당 0951,한식
952,일반음식점,SAMPLE-00952,2016-02-17,폐업,2017-02-27,경기도 김포시 북변동 1748-11,경기도 김포시 통진로 249,샘플식당 0952,분식
953,일반음식점,SAMPLE-00953,2016-02-24,폐업,2018-10-03,경기도 김포시 구래동 443-5,경기도 김포시 봉화로 133,샘플식당 0953,한식
954,일반음식점,SAMPLE-00954,2016-02-27,폐업,2016-11-19,경기도 김포시 구래동 1576-14,경기도 김포시 고촌로 133,샘플식당 0954,정종/대포집/소주방
955,일반음식점,SAMPLE-00955,2016-03-01,폐업,2018-02-20,경기도 김포시 구래동 929-20,경기도 김포시 태장로 209,샘플식당 0955,한식
956,일반음식점,SAMPLE-00956,2016-03-07,폐업,2017-04-06,경기도 김포시 감정동 1384-21,경기도 김포시 양촌로 242,샘플식당 0956,호프/통닭
957,일반음식점,SAMPLE-00957,2016-03-11,폐업,2022-05-07,경기도 김포시 걸포동 1906-13,경기도 김포시 통진로 158,샘플식당 0957,한식
958,일반음식점,SAMPLE-00958,2016-03-13,폐업,2020-01-11,경기도 김포시 사우동 244-18,경기도 김포시 김포한강4로 13,샘플식당 0958,정종/대포집/소주방
959,일반음식점,SAMPLE-00959,2016-03-15,폐업,2017-06-03,경기도 김포시 통진읍 46-29,경기도 김포시 통진로 190,샘플식당 0959,기타
960,일반음식점,SAMPLE-00960,2016-03-15,영업/정상,,경기도 김포시 걸포동 1152-7,경기도 김포시 김포한강9로 167,샘플식당 0960,한식
961,일반음식점,SAMPLE-00961,2016-03-15,폐업,2019-11-30,경기도 김포시 양촌읍 322-29,경기도 김포시 김포대로 187,샘플식당 0961,일식
962,일반음식점,SAMPLE-00962,2016-03-16,폐업,2024-10-29,경기도 김포시 구래동 389-19,경기도 김포시 고촌로 9,샘플식당 0962,중국식
963,일반음식점,SAMPLE-00963,2016-03-18,폐업,2019-07-16,경기도 김포시 풍무동 905-24,경기도 김포시 김포한강9로 8,샘플식당 0963,호프/통닭
964,일반음식점,SAMPLE-00964,2016-03-18,폐업,2017-06-12,경기도 김포시 구래동 1785-24,경기도 김포시 김포한강4로 132,샘플식당 0964,김밥(도시락)
965,일반음식점,SAMPLE-00965,2016-03-20,폐업,2017-11-27,경기도 김포시 북변동 1127-25,경기도 김포시 김포한강4로 24,샘플식당 0965,한식
966,일반음식점,SAMPLE-00966,2016-03-22,폐업,2020-07-20,경기도 김포시 장기동 1314-9,경기도 김포시 김포한강4로 231,샘플식당 0966,기타
967,일반음식점,SAMPLE-00967,2016-03-28,폐업,2021-01-27,경기도 김포시 풍무동 477-7,경기도 김포시 김포대로 85,샘플식당 0967,정종/대포집/소주방
968,일반음식점,SAMPLE-00968,2016-03-28,폐업,2019-11-22,경기도 김포시 고촌읍 578-16,경기도 김포시 봉화로 194,샘플식당 0968,한식
969,일반음식점,SAMPLE-00969,2016-03-28,영업/정상,,경기도 김포시 구래동 1965-6,경기도 김포시 태장로 297,샘플식당 0969,한식
970,일반음식점,SAMPLE-00970,2016-03-28,폐업,2024-07-12,경기도 김포시 북변동 1220-5,경기도 김포시 승가로 218,샘플식당 0970,기타
971,일반음식점,SAMPLE-00971,2016-04-01,폐업,2026-09-16,경기도 김포시 걸포동 233-12,경기도 김포시 봉화로 170,샘플식당 0971,호프/통닭
972,일반음식점,SAMPLE-00972,2016-04-01,폐업,2018-03-16,경기도 김포시 통진읍 1603-3,경기도 김포시 승가로 246,샘플식당 0972,중국식
973,일반음식점,SAMPLE-00973,2016-04-05,영업/정상,,경기도 김포시 마산동 1728-12,경기도 김포시 고촌로 51,샘플식당 0973,분식
974,일반음식점,SAMPLE-00974,2016-04-06,폐업,2022-02-03,경기도 김포시 사우동 113-14,경기도 김포시 승가로 63,샘플식당 0974,호프/통닭
975,일반음식점,SAMPLE-00975,2016-04-25,폐업,2022-07-14,경기도 김포시 장기동 11-9,경기도 김포시 통진로 140,샘플식당 0975,정종/대포집/소주방
976,일반음식점,SAMPLE-00976,2016-05-03,폐업,2023-06-13,경기도 김포시 사우동 560-25,경기도 김포시 김포대로 13,샘플식당 0976,분식
977,일반음식점,SAMPLE-00977,2016-05-05,폐업,2020-06-26,경기도 김포시 양촌읍 412-21,경기도 김포시 고촌로 225,샘플식당 0977,기타
978,일반음식점,SAMPLE-00978,2016-05-08,폐업,2018-09-29,경기도 김포시 감정동 97-15,경기도 김포시 승가로 42,샘플식당 0978,한식
979,일반음식점,SAMPLE-00979,2016-05-10,폐업,2020-08-16,경기도 김포시 고촌읍 456-2,경기도 김포시 고촌로 3,샘플식당 0979,호프/통닭
980,일반음식점,SAMPLE-00980,2016-05-12,폐업,2026-02-01,경기도 김포시 장기동 851-6,경기도 김포시 봉화로 159,샘플식당 0980,호프/통닭
981,일반음식점,SAMPLE-00981,2016-05-13,폐업,2018-06-08,경기도 김포시 양촌읍 518-9,경기도 김포시 승가로 222,샘플식당 0981,커피숍
982,일반음식점,SAMPLE-00982,2016-05-18,폐업,2021-04-22,경기도 김포시 감정동 277-13,경기도 김포시 김포대로 102,샘플식당 0982,분식
983,일반음식점,SAMPLE-00983,2016-05-19,폐업,2017-12-10,경기도 김포시 하성면 1515-27,경기도 김포시 통진로 141,샘플식당 0983,커피숍
984,일반음식점,SAMPLE-00984,2016-05-21,폐업,2017-09-03,경기도 김포시 장기동 1902-30,경기도 김포시 김포한강9로 265,샘플식당 0984,한식
985,일반음식점,SAMPLE-00985,2016-05-25,영업/정상,,경기도 김포시 풍무동 1524-8,경기도 김포시 고촌로 159,샘플식당 0985,한식
986,일반음식점,SAMPLE-00986,2016-05-26,폐업,2026-08-05,경기도 김포시 운양동 922-10,경기도 김포시 김포한강4로 237,샘플식당 0986,커피숍
987,일반음식점,SAMPLE-00987,2016-05-26,영업/정상,,경기도 김포시 감정동 918-18,경기도 김포시 통진로 174,샘플식당 0987,경양식
988,일반음식점,SAMPLE-00988,2016-05-28,폐업,2018-10-02,경기도 김포시 운양동 1364-7,경기도 김포시 김포한강4로 72,샘플식당 0988,제과점영업
989,일반음식점,SAMPLE-00989,2016-05-29,폐업,2018-12-09,경기도 김포시 장기동 1118-8,경기도 김포시 양촌로 141,샘플식당 0989,분식
990,일반음식점,SAMPLE-00990,2016-05-29,폐업,2021-01-19,경기도 김포시 구래동 937-5,경기도 김포시 봉화로 67,샘플식당 0990,한식
991,일반음식점,SAMPLE-00991,2016-06-01,폐업,2020-06-19,경기도 김포시 양촌읍 1091-1,경기도 김포시 고촌로 172,샘플식당 0991,중국식
992,일반음식점,SAMPLE-00992,2016-06-02,폐업,2020-06-14,경기도 김포시 구래동 1537-2,경기도 김포시 승가로 78,샘플식당 0992,김밥(도시락)
993,일반음식점,SAMPLE-00993,2016-06-02,폐업,2020-11-02,경기도 김포시 사우동 422-21,경기도 김포시 태장로 108,샘플식당 0993,커피숍
994,일반음식점,SAMPLE-00994,2016-06-02,폐업,2017-07-02,경기도 김포시 북변동 1011-27,경기도 김포시 태장로 229,샘플식당 0994,호프/통닭
995,일반음식점,SAMPLE-00995,2016-06-03,폐업,2018-09-18,경기도 김포시 고촌읍 1396-20,경기도 김포시 김포한강4로 149,샘플식당 0995,호프/통닭
996,일반음식점,SAMPLE-00996,2016-06-08,폐업,2019-10-24,경기도 김포시 고촌읍 330-13,경기도 김포시 김포대로 144,샘플식당 0996,분식
997,일반음식점,SAMPLE-00997,2016-06-10,폐업,2022-06-18,경기도 김포시 사우동 1053-24,경기도 김포시 태장로 211,샘플식당 0997,분식
998,일반음식점,SAMPLE-00998,2016-06-12,폐업,2020-12-19,경기도 김포시 구래동 1484-26,경기도 김포시 태장로 174,샘플식당 0998,한식
999,일반음식점,SAMPLE-00999,2016-06-14,폐업,2026-07-08,경기도 김포시 사우동 1590-1,경기도 김포시 승가로 115,샘플식당 0999,정종/대포집/소주방
1000,일반음식점,SAMPLE-01000,2016-06-14,폐업,2022-04-07,경기도 김포시 풍무동 1609-11,경기도 김포시 김포한강9로 43,샘플식당 1000,한식
1001,일반음식점,SAMPLE-01001,2016-06-17,폐업,2022-02-18,경기도 김포시 구래동 1331-6,경기도 김포시 양촌로 271,샘플식당 1001,중국식
1002,일반음식점,SAMPLE-01002,2016-06-17,영업/정상,,경기도 김포시 북변동 1657-9,경기도 김포시 김포한강4로 223,샘플식당 1002,한식
1003,일반음식점,SAMPLE-01003,2016-06-21,폐업,2018-09-22,경기도 김포시 운양동 106-4,경기도 김포시 김포한강4로 243,샘플식당 1003,커피숍
1004,일반음식점,SAMPLE-01004,2016-06-23,영업/정상,,경기도 김포시 양촌읍 931-5,경기도 김포시 김포한강4로 267,샘플식당 1004,한식
1005,일반음식점,SAMPLE-01005,2016-06-25,폐업,2019-03-20,경기도 김포시 장기동 1499-25,경기도 김포시 봉화로 88,샘플식당 1005,한식
1006,일반음식점,SAMPLE-01006,2016-06-26,폐업,2020-10-19,경기도 김포시 구래동 1359-25,경기도 김포시 양촌로 146,샘플식당 1006,한식
1007,일반음식점,SAMPLE-01007,2016-06-26,폐업,2017-12-14,경기도 김포시 통진읍 1559-4,경기도 김포시 김포대로 282,샘플식당 1007,정종/대포집/소주방
1008,일반음식점,SAMPLE-01008,2016-06-30,폐업,2024-07-23,경기도 김포시 장기동 219-3,경기도 김포시 봉화로 197,샘플식당 1008,한식
1009,일반음식점,SAMPLE-01009,2016-07-03,폐업,2018-05-03,경기도 김포시 풍무동 1822-5,경기도 김포시 태장로 123,샘플식당 1009,기타
1010,일반음식점,SAMPLE-01010,2016-07-03,영업/정상,,경기도 김포시 북변동 1995-25,경기도 김포시 김포한강4로 1,샘플식당 1010,한식
1011,일반음식점,SAMPLE-01011,2016-07-04,폐업,2018-07-03,경기도 김포시 하성면 74-14,경기도 김포시 김포한강4로 120,샘플식당 1011,한식
1012,일반음식점,SAMPLE-01012,2016-07-04,폐업,2017-03-01,경기도 김포시 장기동 736-24,경기도 김포시 김포한강4로 46,샘플식당 1012,호프/통닭
1013,일반음식점,SAMPLE-01013,2016-07-06,폐업,2018-12-01,경기도 김포시 구래동 808-8,경기도 김포시 김포한강4로 12,샘플식당 1013,커피숍
1014,일반음식점,SAMPLE-01014,2016-07-06,폐업,2016-11-30,경기도 김포시 마산동 210-28,경기도 김포시 봉화로 211,샘플식당 1014,일식
1015,일반음식점,SAMPLE-01015,2016-07-07,폐업,2021-07-30,경기도 김포시 감정동 1066-23,경기도 김포시 통진로 293,샘플식당 1015,호프/통닭
1016,일반음식점,SAMPLE-01016,2016-07-09,영업/정상,,경기도 김포시 월곶면 793-30,경기도 김포시 양촌로 160,샘플식당 1016,호프/통닭
1017,일반음식점,SAMPLE-01017,2016-07-12,영업/정상,,경기도 김포시 마산동 1001-7,경기도 김포시 김포한강4로 165,샘플식당 1017,제과점영업
1018,일반음식점,SAMPLE-01018,2016-07-13,폐업,2023-02-11,경기도 김포시 구래동 1076-10,경기도 김포시 양촌로 243,샘플식당 1018,기타
1019,일반음식점,SAMPLE-01019,2016-07-14,영업/정상,,경기도 김포시 사우동 873-20,경기도 김포시 태장로 189,샘플식당 1019,분식
1020,일반음식점,SAMPLE-01020,2016-07-19,폐업,2017-09-26,경기도 김포시 고촌읍 1984-27,경기도 김포시 김포한강9로 158,샘플식당 1020,한식
1021,일반음식점,SAMPLE-01021,2016-07-19,영업/정상,,경기도 김포시 걸포동 1626-13,경기도 김포시 태장로 78,샘플식당 1021,한식
1022,일반음식점,SAMPLE-01022,2016-07-19,폐업,2026-08-20,경기도 김포시 구래동 1617-20,경기도 김포시 승가로 108,샘플식당 1022,한식
1023,일반음식점,SAMPLE-01023,2016-07-20,폐업,2018-07-10,경기도 김포시 운양동 1621-25,경기도 김포시 통진로 156,샘플식당 1023,까페
1024,일반음식점,SAMPLE-01024,2016-07-21,폐업,2023-05-24,경기도 김포시 걸포동 1680-3,경기도 김포시 김포한강4로 88,샘플식당 1024,호프/통닭
1025,일반음식점,SAMPLE-01025,2016-07-25,영업/정상,,경기도 김포시 풍무동 1339-4,경기도 김포시 김포대로 6,샘플식당 1025,분식
1026,일반음식점,SAMPLE-01026,2016-07-26,폐업,2019-04-19,경기도 김포시 사우동 1353-17,경기도 김포시 김포한강9로 79,샘플식당 1026,호프/통닭
1027,일반음식점,SAMPLE-01027,2016-07-30,폐업,2018-11-30,경기도 김포시 구래동 988-13,경기도 김포시 태장로 89,샘플식당 1027,까페
1028,일반음식점,SAMPLE-01028,2016-08-02,폐업,2020-02-07,경기도 김포시 고촌읍 1125-14,경기도 김포시 봉화로 250,샘플식당 1028,중국식
1029,일반음식점,SAMPLE-01029,2016-08-03,폐업,2024-12-31,경기도 김포시 구래동 85-9,경기도 김포시 통진로 120,샘플식당 1029,한식
1030,일반음식점,SAMPLE-01030,2016-08-03,폐업,2022-06-21,경기도 김포시 장기동 128-15,경기도 김포시 김포한강4로 55,샘플식당 1030,호프/통닭
1031,일반음식점,SAMPLE-01031,2016-08-13,폐업,2019-11-15,경기도 김포시 걸포동 1094-28,경기도 김포시 승가로 203,샘플식당 1031,정종/대포집/소주방
1032,일반음식점,SAMPLE-01032,2016-08-14,폐업,2019-05-07,경기도 김포시 고촌읍 1009-30,경기도 김포시 김포한강4로 31,샘플식당 1032,일식
1033,일반음식점,SAMPLE-01033,2016-08-15,폐업,2019-07-24,경기도 김포시 양촌읍 360-22,경기도 김포시 김포한강9로 154,샘플식당 1033,한식
1034,일반음식점,SAMPLE-01034,2016-08-16,폐업,2020-07-23,경기도 김포시 운양동 889-12,경기도 김포시 봉화로 109,샘플식당 1034,커피숍
1035,일반음식점,SAMPLE-01035,2016-08-17,폐업,2022-01-05,경기도 김포시 북변동 567-16,경기도 김포시 양촌로 232,샘플식당 1035,한식
1036,일반음식점,SAMPLE-01036,2016-08-18,영업/정상,,경기도 김포시 풍무동 289-28,경기도 김포시 봉화로 280,샘플식당 1036,한식
1037,일반음식점,SAMPLE-01037,2016-08-18,폐업,2017-12-11,경기도 김포시 고촌읍 765-29,경기도 김포시 고촌로 161,샘플식당 1037,한식
1038,일반음식점,SAMPLE-01038,2016-08-19,영업/정상,,경기도 김포시 북변동 1348-18,경기도 김포시 태장로 58,샘플식당 1038,호프/통닭
1039,일반음식점,SAMPLE-01039,2016-08-24,영업/정상,,경기도 김포시 통진읍 586-21,경기도 김포시 고촌로 187,샘플식당 1039,한식
1040,일반음식점,SAMPLE-01040,2016-08-24,폐업,2018-09-26,경기도 김포시 운양동 1764-25,경기도 김포시 승가로 201,샘플식당 1040,정종/대포집/소주방
1041,일반음식점,SAMPLE-01041,2016-08-28,폐업,2021-12-06,경기도 김포시 하성면 710-24,경기도 김포시 고촌로 170,샘플식당 1041,커피숍
1042,일반음식점,SAMPLE-01042,2016-09-02,폐업,2021-03-05,경기도 김포시 고촌읍 1106-13,경기도 김포시 김포한강9로 150,샘플식당 1042,한식
1043,일반음식점,SAMPLE-01043,2016-09-03,폐업,2021-10-08,경기도 김포시 걸포동 1261-3,경기도 김포시 태장로 126,샘플식당 1043,한식
1044,일반음식점,SAMPLE-01044,2016-09-04,영업/정상,,경기도 김포시 걸포동 1894-4,경기도 김포시 봉화로 101,샘플식당 1044,한식
1045,일반음식점,SAMPLE-01045,2016-09-04,영업/정상,,경기도 김포시 통진읍 1639-13,경기도 김포시 김포한강4로 78,샘플식당 1045,중국식
1046,일반음식점,SAMPLE-01046,2016-09-11,영업/정상,,경기도 김포시 고촌읍 1301-27,경기도 김포시 봉화로 221,샘플식당 1046,호프/통닭
1047,일반음식점,SAMPLE-01047,2016-09-12,폐업,2022-05-13,경기도 김포시 걸포동 1995-13,경기도 김포시 양촌로 2,샘플식당 1047,중국식
1048,일반음식점,SAMPLE-01048,2016-09-13,폐업,2021-02-22,경기도 김포시 걸포동 1048-23,경기도 김포시 김포한강4로 233,샘플식당 1048,한식
1049,일반음식점,SAMPLE-01049,2016-09-14,폐업,2020-03-23,경기도 김포시 풍무동 417-25,경기도 김포시 고촌로 73,샘플식당 1049,한식
1050,일반음식점,SAMPLE-01050,2016-09-14,폐업,2020-08-18,경기도 김포시 장기동 306-14,경기도 김포시 봉화로 282,샘플식당 1050,경양식
1051,일반음식점,SAMPLE-01051,2016-09-17,폐업,2026-01-01,경기도 김포시 구래동 127-27,경기도 김포시 승가로 286,샘플식당 1051,한식
1052,일반음식점,SAMPLE-01052,2016-09-18,폐업,2021-08-22,경기도 김포시 사우동 493-29,경기도 김포시 승가로 293,샘플식당 1052,한식
1053,일반음식점,SAMPLE-01053,2016-09-18,폐업,2023-07-11,경기도 김포시 북변동 1509-1,경기도 김포시 고촌로 207,샘플식당 1053,일식
1054,일반음식점,SAMPLE-01054,2016-09-20,영업/정상,,경기도 김포시 구래동 1175-21,경기도 김포시 통진로 231,샘플식당 1054,한식
1055,일반음식점,SAMPLE-01055,2016-09-23,폐업,2018-12-03,경기도 김포시 사우동 1385-8,경기도 김포시 통진로 108,샘플식당 1055,제과점영업
1056,일반음식점,SAMPLE-01056,2016-09-26,영업/정상,,경기도 김포시 통진읍 1016-28,경기도 김포시 고촌로 41,샘플식당 1056,분식
1057,일반음식점,SAMPLE-01057,2016-09-29,영업/정상,,경기도 김포시 통진읍 160-2,경기도 김포시 통진로 105,샘플식당 1057,중국식
1058,일반음식점,SAMPLE-01058,2016-10-03,폐업,2022-03-26,경기도 김포시 장기동 13-2,경기도 김포시 김포대로 130,샘플식당 1058,호프/통닭
1059,일반음식점,SAMPLE-01059,2016-10-04,폐업,2023-11-26,경기도 김포시 고촌읍 192-27,경기도 김포시 김포한강4로 120,샘플식당 1059,한식
1060,일반음식점,SAMPLE-01060,2016-10-08,영업/정상,,경기도 김포시 사우동 209-5,경기도 김포시 봉화로 171,샘플식당 1060,한식
1061,일반음식점,SAMPLE-01061,2016-10-09,폐업,2023-11-04,경기도 김포시 양촌읍 946-17,경기도 김포시 김포한강4로 46,샘플식당 1061,기타
1062,일반음식점,SAMPLE-01062,2016-10-10,폐업,2018-01-05,경기도 김포시 감정동 1315-7,경기도 김포시 김포대로 281,샘플식당 1062,까페
1063,일반음식점,SAMPLE-01063,2016-10-11,폐업,2018-10-09,경기도 김포시 풍무동 1726-25,경기도 김포시 김포한강4로 63,샘플식당 1063,기타
1064,일반음식점,SAMPLE-01064,2016-10-11,폐업,2021-11-02,경기도 김포시 북변동 62-13,경기도 김포시 고촌로 256,샘플식당 1064,한식
1065,일반음식점,SAMPLE-01065,2016-10-13,폐업,2021-09-09,경기도 김포시 감정동 1910-20,경기도 김포시 고촌로 271,샘플식당 1065,김밥(도시락)
1066,일반음식점,SAMPLE-01066,2016-10-14,영업/정상,,경기도 김포시 구래동 809-14,경기도 김포시 김포대로 295,샘플식당 1066,한식
1067,일반음식점,SAMPLE-01067,2016-10-21,폐업,2021-05-19,경기도 김포시 장기동 1965-24,경기도 김포시 통진로 67,샘플식당 1067,한식
1068,일반음식점,SAMPLE-01068,2016-10-22,폐업,2018-06-16,경기도 김포시 운양동 1522-10,경기도 김포시 통진로 151,샘플식당 1068,분식
1069,일반음식점,SAMPLE-01069,2016-10-23,폐업,2019-10-07,경기도 김포시 사우동 1321-16,경기도 김포시 통진로 27,샘플식당 1069,호프/통닭
1070,일반음식점,SAMPLE-01070,2016-10-29,폐업,2018-02-01,경기도 김포시 하성면 1481-19,경기도 김포시 김포대로 133,샘플식당 1070,커피숍
1071,일반음식점,SAMPLE-01071,2016-10-31,폐업,2021-09-15,경기도 김포시 구래동 1075-2,경기도 김포시 김포한강9로 278,샘플식당 1071,한식
1072,일반음식점,SAMPLE-01072,2016-11-06,폐업,2023-01-24,경기도 김포시 운양동 625-12,경기도 김포시 김포한강4로 66,샘플식당 1072,한식
1073,일반음식점,SAMPLE-01073,2016-11-07,영업/정상,,경기도 김포시 구래동 1506-29,경기도 김포시 김포한강9로 165,샘플식당 1073,일식
1074,일반음식점,SAMPLE-01074,2016-11-12,폐업,2020-07-23,경기도 김포시 장기동 792-12,경기도 김포시 김포한강9로 266,샘플식당 1074,커피숍
1075,일반음식점,SAMPLE-01075,2016-11-19,폐업,2018-12-13,경기도 김포시 고촌읍 1355-14,경기도 김포시 김포한강4로 127,샘플식당 1075,제과점영업
1076,일반음식점,SAMPLE-01076,2016-11-21,폐업,2022-02-13,경기도 김포시 고촌읍 1028-19,경기도 김포시 태장로 101,샘플식당 1076,일식
1077,일반음식점,SAMPLE-01077,2016-11-21,폐업,2018-06-11,경기도 김포시 운양동 201-28,경기도 김포시 승가로 163,샘플식당 1077,김밥(도시락)
1078,일반음식점,SAMPLE-01078,2016-11-22,폐업,2026-07-18,경기도 김포시 구래동 1744-17,경기도 김포시 태장로 77,샘플식당 1078,커피숍
1079,일반음식점,SAMPLE-01079,2016-11-23,영업/정상,,경기도 김포시 양촌읍 531-8,경기도 김포시 승가로 162,샘플식당 1079,중국식
1080,일반음식점,SAMPLE-01080,2016-11-23,폐업,2019-08-05,경기도 김포시 장기동 486-9,경기도 김포시 김포한강9로 241,샘플식당 1080,분식
1081,일반음식점,SAMPLE-01081,2016-11-24,폐업,2018-06-17,경기도 김포시 장기동 38-8,경기도 김포시 고촌로 278,샘플식당 1081,한식
1082,일반음식점,SAMPLE-01082,2016-11-24,폐업,2020-04-23,경기도 김포시 풍무동 651-27,경기도 김포시 김포한강9로 49,샘플식당 1082,한식
1083,일반음식점,SAMPLE-01083,2016-11-25,폐업,2019-06-01,경기도 김포시 하성면 1167-29,경기도 김포시 김포한강9로 142,샘플식당 1083,기타
1084,일반음식점,SAMPLE-01084,2016-11-27,폐업,2021-03-16,경기도 김포시 하성면 869-13,경기도 김포시 양촌로 183,샘플식당 1084,정종/대포집/소주방
1085,일반음식점,SAMPLE-01085,2016-11-27,폐업,2026-01-30,경기도 김포시 감정동 1297-26,경기도 김포시 김포한강9로 78,샘플식당 1085,정종/대포집/소주방
1086,일반음식점,SAMPLE-01086,2016-11-30,폐업,2025-05-11,경기도 김포시 마산동 832-28,경기도 김포시 김포대로 56,샘플식당 1086,정종/대포집/소주방
1087,일반음식점,SAMPLE-01087,2016-12-02,폐업,2017-07-27,경기도 김포시 걸포동 1500-10,경기도 김포시 봉화로 227,샘플식당 1087,호프/통닭
1088,일반음식점,SAMPLE-01088,2016-12-04,영업/정상,,경기도 김포시 장기동 335-23,경기도 김포시 고촌로 246,샘플식당 1088,한식
1089,일반음식점,SAMPLE-01089,2016-12-08,폐업,2019-12-09,경기도 김포시 감정동 1275-2,경기도 김포시 승가로 162,샘플식당 1089,한식
1090,일반음식점,SAMPLE-01090,2016-12-09,폐업,2021-10-19,경기도 김포시 장기동 432-30,경기도 김포시 김포한강9로 130,샘플식당 1090,정종/대포집/소주방
1091,일반음식점,SAMPLE-01091,2016-12-09,폐업,2020-08-31,경기도 김포시 운양동 1760-18,경기도 김포시 양촌로 211,샘플식당 1091,까페
1092,일반음식점,SAMPLE-01092,2016-12-10,폐업,2019-12-02,경기도 김포시 장기동 894-21,경기도 김포시 김포한강9로 224,샘플식당 1092,호프/통닭
1093,일반음식점,SAMPLE-01093,2016-12-10,폐업,2019-05-01,경기도 김포시 걸포동 494-19,경기도 김포시 태장로 24,샘플식당 1093,한식
1094,일반음식점,SAMPLE-01094,2016-12-12,폐업,2022-03-26,경기도 김포시 운양동 628-16,경기도 김포시 승가로 95,샘플식당 1094,한식
1095,일반음식점,SAMPLE-01095,2016-12-13,폐업,2026-08-23,경기도 김포시 북변동 1474-13,경기도 김포시 태장로 9,샘플식당 1095,중국식
1096,일반음식점,SAMPLE-01096,2016-12-15,영업/정상,,경기도 김포시 걸포동 1008-3,경기도 김포시 김포한강4로 26,샘플식당 1096,분식
1097,일반음식점,SAMPLE-01097,2016-12-18,폐업,2017-11-28,경기도 김포시 장기동 1615-26,경기도 김포시 고촌로 170,샘플식당 1097,커피숍
1098,일반음식점,SAMPLE-01098,2016-12-20,영업/정상,,경기도 김포시 사우동 469-21,경기도 김포시 고촌로 55,샘플식당 1098,경양식
1099,일반음식점,SAMPLE-01099,2016-12-24,폐업,2025-04-17,경기도 김포시 걸포동 1237-10,경기도 김포시 김포한강9로 55,샘플식당 1099,중국식
1100,일반음식점,SAMPLE-01100,2016-12-24,폐업,2025-03-29,경기도 김포시 하성면 782-7,경기도 김포시 승가로 278,샘플식당 1100,일식
1101,일반음식점,SAMPLE-01101,2016-12-27,폐업,2018-12-05,경기도 김포시 장기동 1020-2,경기도 김포시 김포대로 22,샘플식당 1101,일식
1102,일반음식점,SAMPLE-01102,2016-12-30,폐업,2018-03-15,경기도 김포시 구래동 734-26,경기도 김포시 승가로 252,샘플식당 1102,분식
1103,일반음식점,SAMPLE-01103,2017-01-03,폐업,2021-01-22,경기도 김포시 사우동 5-27,경기도 김포시 김포대로 73,샘플식당 1103,김밥(도시락)
1104,일반음식점,SAMPLE-01104,2017-01-03,영업/정상,,경기도 김포시 장기동 1996-26,경기도 김포시 고촌로 209,샘플식당 1104,한식
1105,일반음식점,SAMPLE-01105,2017-01-04,영업/정상,,경기도 김포시 운양동 408-18,경기도 김포시 김포한강9로 122,샘플식당 1105,한식
1106,일반음식점,SAMPLE-01106,2017-01-06,영업/정상,,경기도 김포시 걸포동 1395-1,경기도 김포시 승가로 192,샘플식당 1106,한식
1107,일반음식점,SAMPLE-01107,2017-01-07,영업/정상,,경기도 김포시 북변동 1203-17,경기도 김포시 고촌로 155,샘플식당 1107,제과점영업
1108,일반음식점,SAMPLE-01108,2017-01-07,폐업,2026-05-10,경기도 김포시 운양동 1371-26,경기도 김포시 김포대로 290,샘플식당 1108,정종/대포집/소주방
1109,일반음식점,SAMPLE-01109,2017-01-13,폐업,2022-08-13,경기도 김포시 장기동 588-28,경기도 김포시 양촌로 220,샘플식당 1109,커피숍
1110,일반음식점,SAMPLE-01110,2017-01-21,폐업,2022-04-30,경기도 김포시 통진읍 1179-3,경기도 김포시 고촌로 285,샘플식당 1110,한식
1111,일반음식점,SAMPLE-01111,2017-01-21,폐업,2020-01-01,경기도 김포시 걸포동 1462-3,경기도 김포시 양촌로 33,샘플식당 1111,기타
1112,일반음식점,SAMPLE-01112,2017-01-25,폐업,2019-05-27,경기도 김포시 월곶면 1313-4,경기도 김포시 태장로 300,샘플식당 1112,분식
1113,일반음식점,SAMPLE-01113,2017-01-26,폐업,2018-04-14,경기도 김포시 고촌읍 416-24,경기도 김포시 태장로 206,샘플식당 1113,기타
1114,일반음식점,SAMPLE-01114,2017-01-27,폐업,2023-05-26,경기도 김포시 사우동 1635-26,경기도 김포시 봉화로 209,샘플식당 1114,한식
1115,일반음식점,SAMPLE-01115,2017-02-02,폐업,2017-07-21,경기도 김포시 운양동 1175-6,경기도 김포시 승가로 79,샘플식당 1115,분식
1116,일반음식점,SAMPLE-01116,2017-02-05,폐업,2017-12-04,경기도 김포시 풍무동 655-22,경기도 김포시 태장로 50,샘플식당 1116,커피숍
1117,일반음식점,SAMPLE-01117,2017-02-05,영업/정상,,경기도 김포시 구래동 1279-8,경기도 김포시 봉화로 18,샘플식당 1117,기타
1118,일반음식점,SAMPLE-01118,2017-02-06,폐업,2018-05-10,경기도 김포시 양촌읍 1214-28,경기도 김포시 김포한강9로 133,샘플식당 1118,한식
1119,일반음식점,SAMPLE-01119,2017-02-06,폐업,2019-02-17,경기도 김포시 걸포동 761-14,경기도 김포시 김포한강9로 68,샘플식당 1119,한식
1120,일반음식점,SAMPLE-01120,2017-02-07,영업/정상,,경기도 김포시 장기동 1353-28,경기도 김포시 김포한강4로 32,샘플식당 1120,한식
1121,일반음식점,SAMPLE-01121,2017-02-12,폐업,2023-05-20,경기도 김포시 풍무동 40-8,경기도 김포시 승가로 225,샘플식당 1121,한식
1122,일반음식점,SAMPLE-01122,2017-02-14,폐업,2022-06-03,경기도 김포시 운양동 1523-6,경기도 김포시 김포한강9로 200,샘플식당 1122,한식
1123,일반음식점,SAMPLE-01123,2017-02-15,폐업,2024-11-01,경기도 김포시 구래동 1000-9,경기도 김포시 승가로 272,샘플식당 1123,한식
1124,일반음식점,SAMPLE-01124,2017-02-17,폐업,2025-01-24,경기도 김포시 고촌읍 1536-2,경기도 김포시 통진로 38,샘플식당 1124,한식
1125,일반음식점,SAMPLE-01125,2017-02-21,폐업,2022-03-07,경기도 김포시 구래동 801-16,경기도 김포시 승가로 138,샘플식당 1125,한식
1126,일반음식점,SAMPLE-01126,2017-02-21,폐업,2019-04-09,경기도 김포시 운양동 1425-5,경기도 김포시 봉화로 76,샘플식당 1126,한식
1127,일반음식점,SAMPLE-01127,2017-02-22,폐업,2023-04-18,경기도 김포시 하성면 1913-28,경기도 김포시 태장로 237,샘플식당 1127,분식
1128,일반음식점,SAMPLE-01128,2017-02-22,폐업,2022-08-19,경기도 김포시 양촌읍 731-8,경기도 김포시 김포대로 112,샘플식당 1128,한식
1129,일반음식점,SAMPLE-01129,2017-02-23,폐업,2019-01-24,경기도 김포시 통진읍 559-13,경기도 김포시 양촌로 121,샘플식당 1129,커피숍
1130,일반음식점,SAMPLE-01130,2017-02-23,폐업,2021-04-27,경기도 김포시 운양동 390-11,경기도 김포시 승가로 274,샘플식당 1130,한식
1131,일반음식점,SAMPLE-01131,2017-02-26,영업/정상,,경기도 김포시 운양동 1403-10,경기도 김포시 김포대로 294,샘플식당 1131,한식
1132,일반음식점,SAMPLE-01132,2017-02-26,폐업,2020-03-13,경기도 김포시 대곶면 597-17,경기도 김포시 양촌로 7,샘플식당 1132,커피숍
1133,일반음식점,SAMPLE-01133,2017-02-27,폐업,2018-01-29,경기도 김포시 북변동 218-28,경기도 김포시 고촌로 208,샘플식당 1133,기타
1134,일반음식점,SAMPLE-01134,2017-02-28,폐업,2019-06-15,경기도 김포시 고촌읍 1224-23,경기도 김포시 승가로 198,샘플식당 1134,기타
1135,일반음식점,SAMPLE-01135,2017-03-06,폐업,2018-06-05,경기도 김포시 고촌읍 1795-15,경기도 김포시 양촌로 286,샘플식당 1135,호프/통닭
1136,일반음식점,SAMPLE-01136,2017-03-08,폐업,2021-02-27,경기도 김포시 양촌읍 1907-29,경기도 김포시 봉화로 171,샘플식당 1136,호프/통닭
1137,일반음식점,SAMPLE-01137,2017-03-08,폐업,2025-10-13,경기도 김포시 운양동 989-6,경기도 김포시 김포한강4로 294,샘플식당 1137,커피숍
1138,일반음식점,SAMPLE-01138,2017-03-10,폐업,2024-02-27,경기도 김포시 운양동 380-26,경기도 김포시 김포한강9로 81,샘플식당 1138,한식
1139,일반음식점,SAMPLE-01139,2017-03-10,폐업,2023-04-11,경기도 김포시 구래동 1960-14,경기도 김포시 고촌로 136,샘플식당 1139,한식
1140,일반음식점,SAMPLE-01140,2017-03-11,폐업,2024-02-14,경기도 김포시 운양동 1175-26,경기도 김포시 태장로 151,샘플식당 1140,제과점영업
1141,일반음식점,SAMPLE-01141,2017-03-11,폐업,2023-06-30,경기도 김포시 하성면 496-5,경기도 김포시 통진로 228,샘플식당 1141,한식
1142,일반음식점,SAMPLE-01142,2017-03-11,폐업,2021-05-24,경기도 김포시 북변동 274-5,경기도 김포시 승가로 18,샘플식당 1142,분식
1143,일반음식점,SAMPLE-01143,2017-03-15,영업/정상,,경기도 김포시 구래동 1426-11,경기도 김포시 김포한강4로 284,샘플식당 1143,일식
1144,일반음식점,SAMPLE-01144,2017-03-18,폐업,2024-08-22,경기도 김포시 고촌읍 1600-14,경기도 김포시 태장로 14,샘플식당 1144,경양식
1145,일반음식점,SAMPLE-01145,2017-03-19,폐업,2019-08-20,경기도 김포시 사우동 1486-2,경기도 김포시 김포대로 98,샘플식당 1145,호프/통닭
1146,일반음식점,SAMPLE-01146,2017-03-20,폐업,2019-11-09,경기도 김포시 고촌읍 598-24,경기도 김포시 승가로 181,샘플식당 1146,분식
1147,일반음식점,SAMPLE-01147,2017-03-20,폐업,2018-09-29,경기도 김포시 장기동 1462-7,경기도 김포시 승가로 259,샘플식당 1147,호프/통닭
1148,일반음식점,SAMPLE-01148,2017-03-23,폐업,2022-09-19,경기도 김포시 북변동 1718-11,경기도 김포시 태장로 257,샘플식당 1148,한식
1149,일반음식점,SAMPLE-01149,2017-03-24,영업/정상,,경기도 김포시 장기동 512-29,경기도 김포시 태장로 280,샘플식당 1149,한식
1150,일반음식점,SAMPLE-01150,2017-03-26,폐업,2018-07-04,경기도 김포시 장기동 657-7,경기도 김포시 김포대로 132,샘플식당 1150,까페
1151,일반음식점,SAMPLE-01151,2017-03-29,영업/정상,,경기도 김포시 구래동 627-23,경기도 김포시 승가로 202,샘플식당 1151,정종/대포집/소주방
1152,일반음식점,SAMPLE-01152,2017-04-02,영업/정상,,경기도 김포시 구래동 465-21,경기도 김포시 통진로 229,샘플식당 1152,한식
1153,일반음식점,SAMPLE-01153,2017-04-05,폐업,2019-05-17,경기도 김포시 구래동 1873-6,경기도 김포시 김포대로 163,샘플식당 1153,정종/대포집/소주방
1154,일반음식점,SAMPLE-01154,2017-04-07,폐업,2020-03-24,경기도 김포시 장기동 88-8,경기도 김포시 봉화로 289,샘플식당 1154,한식
1155,일반음식점,SAMPLE-01155,2017-04-10,영업/정상,,경기도 김포시 북변동 873-15,경기도 김포시 김포한강4로 208,샘플식당 1155,중국식
1156,일반음식점,SAMPLE-01156,2017-04-10,폐업,2019-02-07,경기도 김포시 고촌읍 983-10,경기도 김포시 김포한강4로 215,샘플식당 1156,한식
1157,일반음식점,SAMPLE-01157,2017-04-13,폐업,2021-03-09,경기도 김포시 고촌읍 1138-1,경기도 김포시 승가로 43,샘플식당 1157,한식
1158,일반음식점,SAMPLE-01158,2017-04-16,폐업,2023-02-22,경기도 김포시 장기동 1880-11,경기도 김포시 통진로 104,샘플식당 1158,호프/통닭
1159,일반음식점,SAMPLE-01159,2017-04-16,폐업,2023-11-30,경기도 김포시 사우동 1753-17,경기도 김포시 통진로 9,샘플식당 1159,기타
1160,일반음식점,SAMPLE-01160,2017-04-18,폐업,2021-02-06,경기도 김포시 걸포동 1677-21,경기도 김포시 김포한강9로 261,샘플식당 1160,한식
1161,일반음식점,SAMPLE-01161,2017-04-20,폐업,2019-03-08,경기도 김포시 풍무동 1483-6,경기도 김포시 승가로 294,샘플식당 1161,중국식
1162,일반음식점,SAMPLE-01162,2017-04-21,폐업,2019-12-15,경기도 김포시 마산동 140-1,경기도 김포시 봉화로 48,샘플식당 1162,한식
1163,일반음식점,SAMPLE-01163,2017-04-26,폐업,2018-08-16,경기도 김포시 양촌읍 448-29,경기도 김포시 양촌로 232,샘플식당 1163,호프/통닭
1164,일반음식점,SAMPLE-01164,2017-04-28,폐업,2021-06-02,경기도 김포시 장기동 1416-29,경기도 김포시 김포한강9로 162,샘플식당 1164,까페
1165,일반음식점,SAMPLE-01165,2017-04-30,폐업,2019-10-05,경기도 김포시 운양동 495-13,경기도 김포시 태장로 5,샘플식당 1165,정종/대포집/소주방
1166,일반음식점,SAMPLE-01166,2017-04-30,폐업,2025-04-30,경기도 김포시 사우동 1973-27,경기도 김포시 태장로 75,샘플식당 1166,한식
1167,일반음식점,SAMPLE-01167,2017-05-01,폐업,2025-05-16,경기도 김포시 운양동 603-25,경기도 김포시 김포대로 142,샘플식당 1167,까페
1168,일반음식점,SAMPLE-01168,2017-05-03,폐업,2020-05-15,경기도 김포시 구래동 1309-1,경기도 김포시 김포한강4로 261,샘플식당 1168,한식
1169,일반음식점,SAMPLE-01169,2017-05-06,폐업,2019-01-27,경기도 김포시 고촌읍 1262-2,경기도 김포시 봉화로 39,샘플식당 1169,커피숍
1170,일반음식점,SAMPLE-01170,2017-05-08,영업/정상,,경기도 김포시 운양동 967-30,경기도 김포시 양촌로 62,샘플식당 1170,일식
1171,일반음식점,SAMPLE-01171,2017-05-10,폐업,2023-09-11,경기도 김포시 걸포동 269-1,경기도 김포시 봉화로 268,샘플식당 1171,까페
1172,일반음식점,SAMPLE-01172,2017-05-11,폐업,2020-05-09,경기도 김포시 구래동 773-15,경기도 김포시 통진로 137,샘플식당 1172,호프/통닭
1173,일반음식점,SAMPLE-01173,2017-05-12,영업/정상,,경기도 김포시 사우동 1890-25,경기도 김포시 통진로 282,샘플식당 1173,한식
1174,일반음식점,SAMPLE-01174,2017-05-15,폐업,2019-12-07,경기도 김포시 북변동 875-6,경기도 김포시 통진로 43,샘플식당 1174,호프/통닭
1175,일반음식점,SAMPLE-01175,2017-05-17,폐업,2019-01-17,경기도 김포시 통진읍 46-21,경기도 김포시 고촌로 123,샘플식당 1175,정종/대포집/소주방
1176,일반음식점,SAMPLE-01176,2017-05-17,영업/정상,,경기도 김포시 마산동 457-5,경기도 김포시 봉화로 73,샘플식당 1176,호프/통닭
1177,일반음식점,SAMPLE-01177,2017-05-18,영업/정상,,경기도 김포시 걸포동 1046-7,경기도 김포시 통진로 95,샘플식당 1177,일식
1178,일반음식점,SAMPLE-01178,2017-05-20,폐업,2022-10-30,경기도 김포시 장기동 434-4,경기도 김포시 김포한강4로 114,샘플식당 1178,일식
1179,일반음식점,SAMPLE-01179,2017-05-23,영업/정상,,경기도 김포시 통진읍 777-19,경기도 김포시 통진로 269,샘플식당 1179,한식
1180,일반음식점,SAMPLE-01180,2017-05-24,폐업,2023-09-17,경기도 김포시 하성면 472-19,경기도 김포시 고촌로 243,샘플식당 1180,호프/통닭
1181,일반음식점,SAMPLE-01181,2017-05-31,영업/정상,,경기도 김포시 구래동 1278-5,경기도 김포시 고촌로 64,샘플식당 1181,한식
1182,일반음식점,SAMPLE-01182,2017-05-31,폐업,2023-11-26,경기도 김포시 월곶면 20-5,경기도 김포시 김포한강9로 87,샘플식당 1182,호프/통닭
1183,일반음식점,SAMPLE-01183,2017-06-03,영업/정상,,경기도 김포시 걸포동 1868-20,경기도 김포시 김포한강4로 232,샘플식당 1183,한식
1184,일반음식점,SAMPLE-01184,2017-06-03,폐업,2024-06-22,경기도 김포시 사우동 1384-9,경기도 김포시 고촌로 245,샘플식당 1184,커피숍
1185,일반음식점,SAMPLE-01185,2017-06-04,폐업,2026-08-30,경기도 김포시 풍무동 1693-17,경기도 김포시 김포한강4로 183,샘플식당 1185,한식
1186,일반음식점,SAMPLE-01186,2017-06-06,영업/정상,,경기도 김포시 월곶면 1133-6,경기도 김포시 고촌로 284,샘플식당 1186,기타
1187,일반음식점,SAMPLE-01187,2017-06-07,폐업,2020-07-06,경기도 김포시 장기동 153-19,경기도 김포시 통진로 213,샘플식당 1187,제과점영업
1188,일반음식점,SAMPLE-01188,2017-06-07,폐업,2019-03-21,경기도 김포시 북변동 1308-25,경기도 김포시 김포한강4로 77,샘플식당 1188,경양식
1189,일반음식점,SAMPLE-01189,2017-06-14,폐업,2019-02-06,경기도 김포시 구래동 1846-9,경기도 김포시 김포대로 235,샘플식당 1189,커피숍
1190,일반음식점,SAMPLE-01190,2017-06-16,영업/정상,,경기도 김포시 월곶면 536-19,경기도 김포시 김포한강4로 265,샘플식당 1190,한식
1191,일반음식점,SAMPLE-01191,2017-06-17,영업/정상,,경기도 김포시 북변동 140-3,경기도 김포시 봉화로 187,샘플식당 1191,한식
1192,일반음식점,SAMPLE-01192,2017-06-22,폐업,2023-03-20,경기도 김포시 사우동 392-12,경기도 김포시 통진로 49,샘플식당 1192,커피숍
1193,일반음식점,SAMPLE-01193,2017-06-26,폐업,2024-04-22,경기도 김포시 구래동 1806-10,경기도 김포시 양촌로 192,샘플식당 1193,분식
1194,일반음식점,SAMPLE-01194,2017-06-28,영업/정상,,경기도 김포시 구래동 273-28,경기도 김포시 김포한강4로 279,샘플식당 1194,호프/통닭
1195,일반음식점,SAMPLE-01195,2017-06-30,영업/정상,,경기도 김포시 풍무동 610-27,경기도 김포시 봉화로 50,샘플식당 1195,호프/통닭
1196,일반음식점,SAMPLE-01196,2017-07-02,폐업,2024-09-05,경기도 김포시 걸포동 1849-13,경기도 김포시 김포대로 175,샘플식당 1196,제과점영업
1197,일반음식점,SAMPLE-01197,2017-07-02,폐업,2019-05-14,경기도 김포시 운양동 40-12,경기도 김포시 봉화로 174,샘플식당 1197,한식
1198,일반음식점,SAMPLE-01198,2017-07-02,폐업,2022-10-14,경기도 김포시 구래동 1109-3,경기도 김포시 김포한강4로 284,샘플식당 1198,한식
1199,일반음식점,SAMPLE-01199,2017-07-02,영업/정상,,경기도 김포시 사우동 1797-28,경기도 김포시 승가로 106,샘플식당 1199,중국식
1200,일반음식점,SAMPLE-01200,2017-07-04,폐업,2021-07-19,경기도 김포시 감정동 1741-5,경기도 김포시 승가로 102,샘플식당 1200,기타
1201,일반음식점,SAMPLE-01201,2017-07-04,폐업,2018-04-28,경기도 김포시 장기동 1938-20,경기도 김포시 태장로 281,샘플식당 1201,정종/대포집/소주방
1202,일반음식점,SAMPLE-01202,2017-07-05,영업/정상,,경기도 김포시 장기동 476-28,경기도 김포시 태장로 133,샘플식당 1202,중국식
1203,일반음식점,SAMPLE-01203,2017-07-07,폐업,2024-08-16,경기도 김포시 구래동 1274-28,경기도 김포시 통진로 110,샘플식당 1203,한식
1204,일반음식점,SAMPLE-01204,2017-07-09,폐업,2023-08-27,경기도 김포시 마산동 682-7,경기도 김포시 승가로 69,샘플식당 1204,일식
1205,일반음식점,SAMPLE-01205,2017-07-11,폐업,2020-05-24,경기도 김포시 구래동 1926-10,경기도 김포시 승가로 153,샘플식당 1205,한식
1206,일반음식점,SAMPLE-01206,2017-07-12,폐업,2018-11-11,경기도 김포시 감정동 977-14,경기도 김포시 통진로 174,샘플식당 1206,기타
1207,일반음식점,SAMPLE-01207,2017-07-15,폐업,2021-10-31,경기도 김포시 양촌읍 997-1,경기도 김포시 고촌로 110,샘플식당 1207,호프/통닭
1208,일반음식점,SAMPLE-01208,2017-07-17,폐업,2018-10-20,경기도 김포시 고촌읍 1173-11,경기도 김포시 태장로 134,샘플식당 1208,한식
1209,일반음식점,SAMPLE-01209,2017-07-17,폐업,2023-07-29,경기도 김포시 장기동 1434-21,경기도 김포시 김포한강4로 217,샘플식당 1209,일식
1210,일반음식점,SAMPLE-01210,2017-07-20,폐업,2025-06-27,경기도 김포시 양촌읍 977-26,경기도 김포시 김포한강9로 91,샘플식당 1210,분식
1211,일반음식점,SAMPLE-01211,2017-07-24,폐업,2019-05-11,경기도 김포시 걸포동 1302-19,경기도 김포시 고촌로 20,샘플식당 1211,한식
1212,일반음식점,SAMPLE-01212,2017-07-25,폐업,2019-12-21,경기도 김포시 북변동 146-15,경기도 김포시 김포한강9로 46,샘플식당 1212,커피숍
1213,일반음식점,SAMPLE-01213,2017-07-26,폐업,2023-04-07,경기도 김포시 풍무동 1118-6,경기도 김포시 승가로 198,샘플식당 1213,분식
1214,일반음식점,SAMPLE-01214,2017-07-28,폐업,2019-06-26,경기도 김포시 북변동 1973-1,경기도 김포시 승가로 84,샘플식당 1214,경양식
1215,일반음식점,SAMPLE-01215,2017-08-01,폐업,2022-04-25,경기도 김포시 고촌읍 877-22,경기도 김포시 김포한강4로 93,샘플식당 1215,일식
1216,일반음식점,SAMPLE-01216,2017-08-02,영업/정상,,경기도 김포시 통진읍 1197-26,경기도 김포시 양촌로 260,샘플식당 1216,정종/대포집/소주방
1217,일반음식점,SAMPLE-01217,2017-08-03,영업/정상,,경기도 김포시 마산동 1389-15,경기도 김포시 김포한강4로 92,샘플식당 1217,김밥(도시락)
1218,일반음식점,SAMPLE-01218,2017-08-06,폐업,2018-12-30,경기도 김포시 장기동 692-24,경기도 김포시 김포대로 272,샘플식당 1218,정종/대포집/소주방
1219,일반음식점,SAMPLE-01219,2017-08-09,폐업,2021-11-01,경기도 김포시 사우동 427-28,경기도 김포시 통진로 144,샘플식당 1219,정종/대포집/소주방
1220,일반음식점,SAMPLE-01220,2017-08-10,폐업,2020-11-28,경기도 김포시 걸포동 1872-30,경기도 김포시 태장로 296,샘플식당 1220,정종/대포집/소주방
1221,일반음식점,SAMPLE-01221,2017-08-11,폐업,2022-12-15,경기도 김포시 구래동 177-19,경기도 김포시 승가로 21,샘플식당 1221,제과점영업
1222,일반음식점,SAMPLE-01222,2017-08-11,영업/정상,,경기도 김포시 장기동 1947-21,경기도 김포시 봉화로 90,샘플식당 1222,한식
1223,일반음식점,SAMPLE-01223,2017-08-11,폐업,2021-10-08,경기도 김포시 걸포동 1558-19,경기도 김포시 김포한강4로 204,샘플식당 1223,분식
1224,일반음식점,SAMPLE-01224,2017-08-13,폐업,2020-03-24,경기도 김포시 북변동 1866-13,경기도 김포시 태장로 144,샘플식당 1224,김밥(도시락)
1225,일반음식점,SAMPLE-01225,2017-08-16,영업/정상,,경기도 김포시 고촌읍 1123-16,경기도 김포시 봉화로 262,샘플식당 1225,분식
1226,일반음식점,SAMPLE-01226,2017-08-17,폐업,2026-06-24,경기도 김포시 장기동 327-14,경기도 김포시 김포한강9로 75,샘플식당 1226,커피숍
1227,일반음식점,SAMPLE-01227,2017-08-18,폐업,2023-06-22,경기도 김포시 구래동 135-24,경기도 김포시 봉화로 60,샘플식당 1227,일식
1228,일반음식점,SAMPLE-01228,2017-08-18,폐업,2025-08-18,경기도 김포시 통진읍 1814-12,경기도 김포시 김포대로 64,샘플식당 1228,한식
1229,일반음식점,SAMPLE-01229,2017-08-20,영업/정상,,경기도 김포시 걸포동 1543-13,경기도 김포시 양촌로 181,샘플식당 1229,커피숍
1230,일반음식점,SAMPLE-01230,2017-08-22,폐업,2026-09-15,경기도 김포시 구래동 755-23,경기도 김포시 태장로 186,샘플식당 1230,한식
1231,일반음식점,SAMPLE-01231,2017-08-25,영업/정상,,경기도 김포시 월곶면 1648-2,경기도 김포시 양촌로 134,샘플식당 1231,정종/대포집/소주방
1232,일반음식점,SAMPLE-01232,2017-08-28,폐업,2023-02-17,경기도 김포시 걸포동 1056-9,경기도 김포시 김포대로 99,샘플식당 1232,기타
1233,일반음식점,SAMPLE-01233,2017-08-29,폐업,2021-04-13,경기도 김포시 풍무동 179-12,경기도 김포시 통진로 191,샘플식당 1233,기타
1234,일반음식점,SAMPLE-01234,2017-08-30,영업/정상,,경기도 김포시 풍무동 939-14,경기도 김포시 태장로 106,샘플식당 1234,커피숍
1235,일반음식점,SAMPLE-01235,2017-09-02,폐업,2020-11-11,경기도 김포시 풍무동 1542-24,경기도 김포시 김포한강9로 205,샘플식당 1235,분식
1236,일반음식점,SAMPLE-01236,2017-09-04,폐업,2025-05-28,경기도 김포시 고촌읍 274-10,경기도 김포시 고촌로 6,샘플식당 1236,한식
1237,일반음식점,SAMPLE-01237,2017-09-05,영업/정상,,경기도 김포시 장기동 885-2,경기도 김포시 태장로 211,샘플식당 1237,기타
1238,일반음식점,SAMPLE-01238,2017-09-05,폐업,2025-03-04,경기도 김포시 고촌읍 1742-8,경기도 김포시 승가로 210,샘플식당 1238,분식
1239,일반음식점,SAMPLE-01239,2017-09-06,폐업,2019-09-13,경기도 김포시 장기동 1348-18,경기도 김포시 고촌로 170,샘플식당 1239,커피숍
1240,일반음식점,SAMPLE-01240,2017-09-08,폐업,2026-03-07,경기도 김포시 월곶면 701-21,경기도 김포시 양촌로 38,샘플식당 1240,기타
1241,일반음식점,SAMPLE-01241,2017-09-09,폐업,2019-02-26,경기도 김포시 운양동 842-7,경기도 김포시 김포한강4로 234,샘플식당 1241,한식
1242,일반음식점,SAMPLE-01242,2017-09-10,폐업,2021-04-10,경기도 김포시 걸포동 1030-10,경기도 김포시 김포한강4로 270,샘플식당 1242,김밥(도시락)
1243,일반음식점,SAMPLE-01243,2017-09-10,폐업,2024-01-21,경기도 김포시 마산동 717-19,경기도 김포시 김포대로 127,샘플식당 1243,한식
1244,일반음식점,SAMPLE-01244,2017-09-11,영업/정상,,경기도 김포시 걸포동 1139-5,경기도 김포시 김포대로 128,샘플식당 1244,분식
1245,일반음식점,SAMPLE-01245,2017-09-11,폐업,2018-09-12,경기도 김포시 고촌읍 706-29,경기도 김포시 김포한강4로 258,샘플식당 1245,경양식
1246,일반음식점,SAMPLE-01246,2017-09-13,영업/정상,,경기도 김포시 장기동 1290-19,경기도 김포시 김포한강9로 143,샘플식당 1246,일식
1247,일반음식점,SAMPLE-01247,2017-09-14,폐업,2018-12-28,경기도 김포시 사우동 437-22,경기도 김포시 김포한강4로 291,샘플식당 1247,한식
1248,일반음식점,SAMPLE-01248,2017-09-17,폐업,2023-06-19,경기도 김포시 북변동 56-28,경기도 김포시 봉화로 227,샘플식당 1248,분식
1249,일반음식점,SAMPLE-01249,2017-09-18,영업/정상,,경기도 김포시 양촌읍 1611-16,경기도 김포시 고촌로 228,샘플식당 1249,중국식
1250,일반음식점,SAMPLE-01250,2017-09-21,폐업,2018-05-18,경기도 김포시 장기동 927-22,경기도 김포시 김포한강9로 74,샘플식당 1250,김밥(도시락)
1251,일반음식점,SAMPLE-01251,2017-09-22,폐업,2024-01-23,경기도 김포시 양촌읍 517-19,경기도 김포시 승가로 285,샘플식당 1251,일식
1252,일반음식점,SAMPLE-01252,2017-09-26,폐업,2020-09-19,경기도 김포시 운양동 287-22,경기도 김포시 통진로 50,샘플식당 1252,분식
1253,일반음식점,SAMPLE-01253,2017-09-29,폐업,2024-08-19,경기도 김포시 장기동 153-6,경기도 김포시 김포한강4로 117,샘플식당 1253,한식
1254,일반음식점,SAMPLE-01254,2017-10-01,영업/정상,,경기도 김포시 고촌읍 707-6,경기도 김포시 김포한강4로 145,샘플식당 1254,한식
1255,일반음식점,SAMPLE-01255,2017-10-05,폐업,2024-07-14,경기도 김포시 운양동 680-17,경기도 김포시 봉화로 115,샘플식당 1255,중국식
1256,일반음식점,SAMPLE-01256,2017-10-08,폐업,2020-11-23,경기도 김포시 풍무동 780-10,경기도 김포시 김포한강9로 201,샘플식당 1256,분식
1257,일반음식점,SAMPLE-01257,2017-10-09,폐업,2022-12-12,경기도 김포시 운양동 724-20,경기도 김포시 양촌로 145,샘플식당 1257,한식
1258,일반음식점,SAMPLE-01258,2017-10-13,폐업,2020-04-10,경기도 김포시 고촌읍 666-24,경기도 김포시 통진로 100,샘플식당 1258,한식
1259,일반음식점,SAMPLE-01259,2017-10-15,영업/정상,,경기도 김포시 장기동 1953-27,경기도 김포시 고촌로 20,샘플식당 1259,한식
1260,일반음식점,SAMPLE-01260,2017-10-17,폐업,2019-07-27,경기도 김포시 북변동 502-1,경기도 김포시 김포한강9로 113,샘플식당 1260,분식
1261,일반음식점,SAMPLE-01261,2017-10-18,폐업,2019-10-31,경기도 김포시 고촌읍 657-12,경기도 김포시 양촌로 118,샘플식당 1261,정종/대포집/소주방
1262,일반음식점,SAMPLE-01262,2017-10-20,폐업,2020-05-25,경기도 김포시 운양동 1139-20,경기도 김포시 김포대로 57,샘플식당 1262,분식
1263,일반음식점,SAMPLE-01263,2017-10-24,영업/정상,,경기도 김포시 운양동 657-23,경기도 김포시 통진로 182,샘플식당 1263,기타
1264,일반음식점,SAMPLE-01264,2017-10-24,영업/정상,,경기도 김포시 구래동 495-6,경기도 김포시 통진로 36,샘플식당 1264,한식
1265,일반음식점,SAMPLE-01265,2017-10-25,폐업,2020-10-13,경기도 김포시 풍무동 1197-4,경기도 김포시 태장로 138,샘플식당 1265,김밥(도시락)
1266,일반음식점,SAMPLE-01266,2017-10-30,영업/정상,,경기도 김포시 고촌읍 350-20,경기도 김포시 통진로 290,샘플식당 1266,한식
1267,일반음식점,SAMPLE-01267,2017-11-02,폐업,2020-09-03,경기도 김포시 사우동 1370-23,경기도 김포시 통진로 11,샘플식당 1267,기타
1268,일반음식점,SAMPLE-01268,2017-11-05,폐업,2018-08-03,경기도 김포시 고촌읍 1678-19,경기도 김포시 통진로 76,샘플식당 1268,기타
1269,일반음식점,SAMPLE-01269,2017-11-05,폐업,2023-02-08,경기도 김포시 구래동 500-6,경기도 김포시 김포대로 219,샘플식당 1269,한식
1270,일반음식점,SAMPLE-01270,2017-11-09,영업/정상,,경기도 김포시 사우동 22-12,경기도 김포시 양촌로 260,샘플식당 1270,한식
1271,일반음식점,SAMPLE-01271,2017-11-09,영업/정상,,경기도 김포시 대곶면 1010-9,경기도 김포시 김포한강4로 121,샘플식당 1271,김밥(도시락)
1272,일반음식점,SAMPLE-01272,2017-11-14,폐업,2024-05-25,경기도 김포시 장기동 1001-22,경기도 김포시 승가로 64,샘플식당 1272,커피숍
1273,일반음식점,SAMPLE-01273,2017-11-14,폐업,2019-07-30,경기도 김포시 마산동 466-12,경기도 김포시 통진로 108,샘플식당 1273,기타
1274,일반음식점,SAMPLE-01274,2017-11-16,영업/정상,,경기도 김포시 대곶면 123-15,경기도 김포시 통진로 165,샘플식당 1274,호프/통닭
1275,일반음식점,SAMPLE-01275,2017-11-19,폐업,2023-03-07,경기도 김포시 사우동 1548-4,경기도 김포시 김포한강4로 283,샘플식당 1275,한식
1276,일반음식점,SAMPLE-01276,2017-11-21,폐업,2020-06-22,경기도 김포시 양촌읍 681-28,경기도 김포시 김포대로 180,샘플식당 1276,제과점영업
1277,일반음식점,SAMPLE-01277,2017-11-22,폐업,2019-10-26,경기도 김포시 사우동 1576-15,경기도 김포시 통진로 24,샘플식당 1277,분식
1278,일반음식점,SAMPLE-01278,2017-11-22,폐업,2021-03-26,경기도 김포시 대곶면 161-12,경기도 김포시 고촌로 205,샘플식당 1278,한식
1279,일반음식점,SAMPLE-01279,2017-11-24,폐업,2021-09-15,경기도 김포시 운양동 539-19,경기도 김포시 태장로 4,샘플식당 1279,호프/통닭
1280,일반음식점,SAMPLE-01280,2017-11-25,폐업,2024-11-15,경기도 김포시 구래동 1961-27,경기도 김포시 양촌로 17,샘플식당 1280,한식
1281,일반음식점,SAMPLE-01281,2017-11-28,폐업,2026-06-08,경기도 김포시 마산동 1728-26,경기도 김포시 김포한강9로 97,샘플식당 1281,한식
1282,일반음식점,SAMPLE-01282,2017-11-30,영업/정상,,경기도 김포시 구래동 1527-25,경기도 김포시 봉화로 142,샘플식당 1282,한식
1283,일반음식점,SAMPLE-01283,2017-12-01,폐업,2018-08-13,경기도 김포시 운양동 431-4,경기도 김포시 김포한강4로 186,샘플식당 1283,김밥(도시락)
1284,일반음식점,SAMPLE-01284,2017-12-03,폐업,2019-10-20,경기도 김포시 걸포동 1480-1,경기도 김포시 통진로 88,샘플식당 1284,중국식
1285,일반음식점,SAMPLE-01285,2017-12-08,폐업,2020-11-06,경기도 김포시 북변동 1990-28,경기도 김포시 고촌로 271,샘플식당 1285,기타
1286,일반음식점,SAMPLE-01286,2017-12-09,폐업,2019-02-05,경기도 김포시 고촌읍 1679-15,경기도 김포시 고촌로 43,샘플식당 1286,정종/대포집/소주방
1287,일반음식점,SAMPLE-01287,2017-12-12,폐업,2020-11-04,경기도 김포시 사우동 1613-21,경기도 김포시 고촌로 294,샘플식당 1287,호프/통닭
1288,일반음식점,SAMPLE-01288,2017-12-16,폐업,2019-04-07,경기도 김포시 구래동 1033-9,경기도 김포시 김포한강4로 159,샘플식당 1288,호프/통닭
1289,일반음식점,SAMPLE-01289,2017-12-17,폐업,2023-04-23,경기도 김포시 구래동 1727-21,경기도 김포시 태장로 230,샘플식당 1289,정종/대포집/소주방
1290,일반음식점,SAMPLE-01290,2017-12-17,폐업,2021-01-06,경기도 김포시 구래동 1108-16,경기도 김포시 봉화로 283,샘플식당 1290,분식
1291,일반음식점,SAMPLE-01291,2017-12-20,폐업,2022-10-14,경기도 김포시 사우동 482-8,경기도 김포시 양촌로 2,샘플식당 1291,한식
1292,일반음식점,SAMPLE-01292,2017-12-21,폐업,2024-05-02,경기도 김포시 운양동 247-20,경기도 김포시 양촌로 249,샘플식당 1292,제과점영업
1293,일반음식점,SAMPLE-01293,2017-12-28,영업/정상,,경기도 김포시 구래동 784-15,경기도 김포시 고촌로 295,샘플식당 1293,호프/통닭
1294,일반음식점,SAMPLE-01294,2017-12-29,영업/정상,,경기도 김포시 구래동 1545-2,경기도 김포시 봉화로 248,샘플식당 1294,한식
1295,일반음식점,SAMPLE-01295,2017-12-31,폐업,2019-05-26,경기도 김포시 운양동 1021-24,경기도 김포시 김포한강4로 132,샘플식당 1295,한식
1296,일반음식점,SAMPLE-01296,2018-01-01,폐업,2020-10-16,경기도 김포시 고촌읍 1544-1,경기도 김포시 태장로 252,샘플식당 1296,분식
1297,일반음식점,SAMPLE-01297,2018-01-03,폐업,2024-04-03,경기도 김포시 북변동 948-15,경기도 김포시 김포한강4로 11,샘플식당 1297,호프/통닭
1298,일반음식점,SAMPLE-01298,2018-01-11,폐업,2024-10-06,경기도 김포시 장기동 567-4,경기도 김포시 양촌로 103,샘플식당 1298,한식
1299,일반음식점,SAMPLE-01299,2018-01-12,폐업,2019-05-05,경기도 김포시 풍무동 1797-18,경기도 김포시 봉화로 224,샘플식당 1299,호프/통닭
1300,일반음식점,SAMPLE-01300,2018-01-14,폐업,2021-03-07,경기도 김포시 운양동 167-6,경기도 김포시 고촌로 249,샘플식당 1300,정종/대포집/소주방
1301,일반음식점,SAMPLE-01301,2018-01-16,폐업,2019-07-26,경기도 김포시 장기동 738-11,경기도 김포시 통진로 288,샘플식당 1301,정종/대포집/소주방
1302,일반음식점,SAMPLE-01302,2018-01-17,폐업,2019-12-30,경기도 김포시 양촌읍 1382-22,경기도 김포시 승가로 57,샘플식당 1302,커피숍
1303,일반음식점,SAMPLE-01303,2018-01-19,폐업,2021-12-14,경기도 김포시 고촌읍 450-6,경기도 김포시 태장로 252,샘플식당 1303,경양식
1304,일반음식점,SAMPLE-01304,2018-01-21,폐업,2024-08-07,경기도 김포시 대곶면 1552-2,경기도 김포시 김포한강9로 74,샘플식당 1304,한식
1305,일반음식점,SAMPLE-01305,2018-01-27,폐업,2020-03-19,경기도 김포시 사우동 1977-9,경기도 김포시 태장로 272,샘플식당 1305,기타
1306,일반음식점,SAMPLE-01306,2018-01-29,폐업,2022-05-08,경기도 김포시 대곶면 498-11,경기도 김포시 양촌로 145,샘플식당 1306,한식
1307,일반음식점,SAMPLE-01307,2018-01-30,폐업,2023-03-28,경기도 김포시 운양동 395-25,경기도 김포시 김포대로 207,샘플식당 1307,정종/대포집/소주방
1308,일반음식점,SAMPLE-01308,2018-02-02,폐업,2021-01-07,경기도 김포시 장기동 604-25,경기도 김포시 김포대로 200,샘플식당 1308,커피숍
1309,일반음식점,SAMPLE-01309,2018-02-02,폐업,2020-09-10,경기도 김포시 풍무동 1617-26,경기도 김포시 김포한강9로 120,샘플식당 1309,까페
1310,일반음식점,SAMPLE-01310,2018-02-04,폐업,2026-01-13,경기도 김포시 북변동 474-9,경기도 김포시 김포한강4로 8,샘플식당 1310,정종/대포집/소주방
1311,일반음식점,SAMPLE-01311,2018-02-04,폐업,2025-10-26,경기도 김포시 풍무동 238-24,경기도 김포시 김포한강4로 144,샘플식당 1311,분식
1312,일반음식점,SAMPLE-01312,2018-02-14,폐업,2023-04-04,경기도 김포시 양촌읍 1075-10,경기도 김포시 고촌로 236,샘플식당 1312,호프/통닭
1313,일반음식점,SAMPLE-01313,2018-02-20,폐업,2019-10-01,경기도 김포시 걸포동 1592-23,경기도 김포시 김포한강9로 250,샘플식당 1313,한식
1314,일반음식점,SAMPLE-01314,2018-02-22,폐업,2022-12-03,경기도 김포시 구래동 667-6,경기도 김포시 봉화로 242,샘플식당 1314,한식
1315,일반음식점,SAMPLE-01315,2018-02-24,폐업,2021-11-01,경기도 김포시 운양동 500-6,경기도 김포시 태장로 87,샘플식당 1315,정종/대포집/소주방
1316,일반음식점,SAMPLE-01316,2018-02-25,폐업,2023-03-07,경기도 김포시 구래동 175-9,경기도 김포시 태장로 34,샘플식당 1316,분식
1317,일반음식점,SAMPLE-01317,2018-02-27,영업/정상,,경기도 김포시 구래동 1597-13,경기도 김포시 통진로 249,샘플식당 1317,중국식
1318,일반음식점,SAMPLE-01318,2018-02-28,폐업,2024-07-13,경기도 김포시 통진읍 1350-28,경기도 김포시 김포한강9로 96,샘플식당 1318,한식
1319,일반음식점,SAMPLE-01319,2018-02-28,폐업,2023-03-29,경기도 김포시 북변동 1514-12,경기도 김포시 통진로 56,샘플식당 1319,한식
1320,일반음식점,SAMPLE-01320,2018-03-01,폐업,2024-06-19,경기도 김포시 풍무동 506-22,경기도 김포시 양촌로 79,샘플식당 1320,분식
1321,일반음식점,SAMPLE-01321,2018-03-03,영업/정상,,경기도 김포시 구래동 7-14,경기도 김포시 태장로 293,샘플식당 1321,까페
1322,일반음식점,SAMPLE-01322,2018-03-04,영업/정상,,경기도 김포시 고촌읍 323-15,경기도 김포시 태장로 290,샘플식당 1322,중국식
1323,일반음식점,SAMPLE-01323,2018-03-04,영업/정상,,경기도 김포시 걸포동 536-21,경기도 김포시 고촌로 242,샘플식당 1323,한식
1324,일반음식점,SAMPLE-01324,2018-03-05,폐업,2023-05-22,경기도 김포시 고촌읍 432-2,경기도 김포시 김포한강9로 241,샘플식당 1324,한식
1325,일반음식점,SAMPLE-01325,2018-03-06,폐업,2024-09-13,경기도 김포시 구래동 797-25,경기도 김포시 김포한강9로 140,샘플식당 1325,한식
1326,일반음식점,SAMPLE-01326,2018-03-06,영업/정상,,경기도 김포시 걸포동 1607-10,경기도 김포시 고촌로 97,샘플식당 1326,한식
1327,일반음식점,SAMPLE-01327,2018-03-07,폐업,2023-12-02,경기도 김포시 운양동 413-5,경기도 김포시 통진로 246,샘플식당 1327,한식
1328,일반음식점,SAMPLE-01328,2018-03-10,폐업,2023-09-01,경기도 김포시 마산동 1958-22,경기도 김포시 통진로 251,샘플식당 1328,까페
1329,일반음식점,SAMPLE-01329,2018-03-11,폐업,2025-06-09,경기도 김포시 고촌읍 613-22,경기도 김포시 고촌로 55,샘플식당 1329,한식
1330,일반음식점,SAMPLE-01330,2018-03-13,폐업,2021-11-01,경기도 김포시 감정동 1664-3,경기도 김포시 김포한강9로 36,샘플식당 1330,제과점영업
1331,일반음식점,SAMPLE-01331,2018-03-13,폐업,2025-12-25,경기도 김포시 운양동 1570-23,경기도 김포시 통진로 202,샘플식당 1331,한식
1332,일반음식점,SAMPLE-01332,2018-03-14,영업/정상,,경기도 김포시 양촌읍 1403-29,경기도 김포시 통진로 246,샘플식당 1332,한식
1333,일반음식점,SAMPLE-01333,2018-03-17,폐업,2021-07-23,경기도 김포시 고촌읍 413-2,경기도 김포시 고촌로 232,샘플식당 1333,한식
1334,일반음식점,SAMPLE-01334,2018-03-18,폐업,2020-07-08,경기도 김포시 마산동 1588-15,경기도 김포시 승가로 210,샘플식당 1334,한식
1335,일반음식점,SAMPLE-01335,2018-03-19,폐업,2026-06-23,경기도 김포시 풍무동 461-3,경기도 김포시 김포한강4로 167,샘플식당 1335,중국식
1336,일반음식점,SAMPLE-01336,2018-03-20,폐업,2021-07-01,경기도 김포시 운양동 330-11,경기도 김포시 김포대로 151,샘플식당 1336,커피숍
1337,일반음식점,SAMPLE-01337,2018-03-21,폐업,2026-05-03,경기도 김포시 고촌읍 696-19,경기도 김포시 태장로 227,샘플식당 1337,중국식
1338,일반음식점,SAMPLE-01338,2018-03-22,폐업,2025-07-25,경기도 김포시 풍무동 1029-30,경기도 김포시 김포한강9로 123,샘플식당 1338,한식
1339,일반음식점,SAMPLE-01339,2018-03-26,폐업,2020-04-05,경기도 김포시 걸포동 70-8,경기도 김포시 김포대로 231,샘플식당 1339,분식
1340,일반음식점,SAMPLE-01340,2018-03-27,폐업,2022-09-19,경기도 김포시 사우동 1707-9,경기도 김포시 봉화로 30,샘플식당 1340,한식
1341,일반음식점,SAMPLE-01341,2018-03-27,폐업,2023-11-15,경기도 김포시 고촌읍 1165-27,경기도 김포시 승가로 116,샘플식당 1341,한식
1342,일반음식점,SAMPLE-01342,2018-03-28,폐업,2024-04-15,경기도 김포시 감정동 948-26,경기도 김포시 고촌로 231,샘플식당 1342,커피숍
1343,일반음식점,SAMPLE-01343,2018-03-28,폐업,2022-03-01,경기도 김포시 풍무동 308-20,경기도 김포시 양촌로 155,샘플식당 1343,정종/대포집/소주방
1344,일반음식점,SAMPLE-01344,2018-03-28,폐업,2020-04-09,경기도 김포시 구래동 699-24,경기도 김포시 김포대로 244,샘플식당 1344,경양식
1345,일반음식점,SAMPLE-01345,2018-04-03,폐업,2020-06-23,경기도 김포시 고촌읍 859-6,경기도 김포시 태장로 72,샘플식당 1345,정종/대포집/소주방
1346,일반음식점,SAMPLE-01346,2018-04-04,폐업,2019-04-08,경기도 김포시 양촌읍 1380-5,경기도 김포시 통진로 4,샘플식당 1346,분식
1347,일반음식점,SAMPLE-01347,2018-04-06,영업/정상,,경기도 김포시 고촌읍 370-29,경기도 김포시 승가로 111,샘플식당 1347,까페
1348,일반음식점,SAMPLE-01348,2018-04-07,폐업,2021-07-11,경기도 김포시 통진읍 1403-22,경기도 김포시 승가로 114,샘플식당 1348,호프/통닭
1349,일반음식점,SAMPLE-01349,2018-04-14,폐업,2019-10-03,경기도 김포시 마산동 173-13,경기도 김포시 양촌로 262,샘플식당 1349,분식
1350,일반음식점,SAMPLE-01350,2018-04-14,폐업,2023-10-23,경기도 김포시 풍무동 700-23,경기도 김포시 김포한강4로 205,샘플식당 1350,한식
1351,일반음식점,SAMPLE-01351,2018-04-17,폐업,2020-05-02,경기도 김포시 운양동 489-21,경기도 김포시 김포한강4로 274,샘플식당 1351,일식
1352,일반음식점,SAMPLE-01352,2018-04-17,폐업,2023-02-14,경기도 김포시 풍무동 131-7,경기도 김포시 통진로 155,샘플식당 1352,한식
1353,일반음식점,SAMPLE-01353,2018-04-19,폐업,2025-01-22,경기도 김포시 구래동 671-9,경기도 김포시 승가로 281,샘플식당 1353,한식
1354,일반음식점,SAMPLE-01354,2018-04-23,폐업,2025-09-14,경기도 김포시 양촌읍 1600-11,경기도 김포시 태장로 174,샘플식당 1354,한식
1355,일반음식점,SAMPLE-01355,2018-05-02,영업/정상,,경기도 김포시 감정동 1010-11,경기도 김포시 고촌로 6,샘플식당 1355,한식
1356,일반음식점,SAMPLE-01356,2018-05-03,폐업,2022-05-24,경기도 김포시 고촌읍 1607-2,경기도 김포시 통진로 121,샘플식당 1356,호프/통닭
1357,일반음식점,SAMPLE-01357,2018-05-04,폐업,2021-07-24,경기도 김포시 운양동 1042-8,경기도 김포시 승가로 66,샘플식당 1357,한식
1358,일반음식점,SAMPLE-01358,2018-05-05,폐업,2021-11-28,경기도 김포시 구래동 529-16,경기도 김포시 태장로 281,샘플식당 1358,호프/통닭
1359,일반음식점,SAMPLE-01359,2018-05-05,폐업,2023-02-04,경기도 김포시 고촌읍 1347-29,경기도 김포시 승가로 181,샘플식당 1359,한식
1360,일반음식점,SAMPLE-01360,2018-05-09,폐업,2020-11-18,경기도 김포시 풍무동 291-28,경기도 김포시 봉화로 127,샘플식당 1360,기타
1361,일반음식점,SAMPLE-01361,2018-05-10,영업/정상,,경기도 김포시 고촌읍 1380-16,경기도 김포시 태장로 239,샘플식당 1361,호프/통닭
1362,일반음식점,SAMPLE-01362,2018-05-10,영업/정상,,경기도 김포시 구래동 78-1,경기도 김포시 김포한강4로 48,샘플식당 1362,분식
1363,일반음식점,SAMPLE-01363,2018-05-10,폐업,2020-01-23,경기도 김포시 양촌읍 1182-10,경기도 김포시 통진로 164,샘플식당 1363,한식
1364,일반음식점,SAMPLE-01364,2018-05-11,폐업,2022-10-22,경기도 김포시 장기동 796-21,경기도 김포시 승가로 98,샘플식당 1364,호프/통닭
1365,일반음식점,SAMPLE-01365,2018-05-12,폐업,2026-06-16,경기도 김포시 장기동 1954-10,경기도 김포시 김포대로 103,샘플식당 1365,정종/대포집/소주방
1366,일반음식점,SAMPLE-01366,2018-05-14,폐업,2024-11-23,경기도 김포시 장기동 446-16,경기도 김포시 승가로 192,샘플식당 1366,김밥(도시락)
1367,일반음식점,SAMPLE-01367,2018-05-16,폐업,2019-09-04,경기도 김포시 사우동 1677-28,경기도 김포시 통진로 40,샘플식당 1367,커피숍
1368,일반음식점,SAMPLE-01368,2018-05-17,폐업,2019-02-12,경기도 김포시 마산동 712-23,경기도 김포시 봉화로 147,샘플식당 1368,정종/대포집/소주방
1369,일반음식점,SAMPLE-01369,2018-05-18,폐업,2021-09-27,경기도 김포시 장기동 755-2,경기도 김포시 김포한강9로 79,샘플식당 1369,한식
1370,일반음식점,SAMPLE-01370,2018-05-18,폐업,2024-04-11,경기도 김포시 감정동 333-16,경기도 김포시 김포대로 279,샘플식당 1370,분식
1371,일반음식점,SAMPLE-01371,2018-05-24,폐업,2025-05-03,경기도 김포시 사우동 275-29,경기도 김포시 고촌로 162,샘플식당 1371,까페
1372,일반음식점,SAMPLE-01372,2018-05-25,폐업,2026-06-23,경기도 김포시 통진읍 620-14,경기도 김포시 고촌로 257,샘플식당 1372,한식
1373,일반음식점,SAMPLE-01373,2018-05-28,폐업,2019-05-26,경기도 김포시 운양동 1236-5,경기도 김포시 김포대로 165,샘플식당 1373,한식
1374,일반음식점,SAMPLE-01374,2018-05-30,영업/정상,,경기도 김포시 월곶면 457-12,경기도 김포시 김포한강9로 105,샘플식당 1374,한식
1375,일반음식점,SAMPLE-01375,2018-06-01,폐업,2023-10-30,경기도 김포시 걸포동 334-3,경기도 김포시 고촌로 120,샘플식당 1375,제과점영업
1376,일반음식점,SAMPLE-01376,2018-06-05,폐업,2019-09-27,경기도 김포시 운양동 1284-22,경기도 김포시 봉화로 169,샘플식당 1376,호프/통닭
1377,일반음식점,SAMPLE-01377,2018-06-06,폐업,2024-03-24,경기도 김포시 걸포동 1059-12,경기도 김포시 태장로 174,샘플식당 1377,일식
1378,일반음식점,SAMPLE-01378,2018-06-07,영업/정상,,경기도 김포시 사우동 189-22,경기도 김포시 김포한강9로 109,샘플식당 1378,한식
1379,일반음식점,SAMPLE-01379,2018-06-07,폐업,2019-08-14,경기도 김포시 월곶면 228-12,경기도 김포시 김포한강9로 266,샘플식당 1379,기타
1380,일반음식점,SAMPLE-01380,2018-06-07,영업/정상,,경기도 김포시 걸포동 1996-15,경기도 김포시 고촌로 19,샘플식당 1380,호프/통닭
1381,일반음식점,SAMPLE-01381,2018-06-12,폐업,2023-06-06,경기도 김포시 운양동 1201-28,경기도 김포시 태장로 1,샘플식당 1381,일식
1382,일반음식점,SAMPLE-01382,2018-06-13,영업/정상,,경기도 김포시 장기동 1057-8,경기도 김포시 김포대로 9,샘플식당 1382,한식
1383,일반음식점,SAMPLE-01383,2018-06-13,폐업,2024-06-14,경기도 김포시 풍무동 1549-3,경기도 김포시 통진로 43,샘플식당 1383,한식
1384,일반음식점,SAMPLE-01384,2018-06-15,폐업,2025-07-29,경기도 김포시 구래동 1729-3,경기도 김포시 김포한강4로 104,샘플식당 1384,한식
1385,일반음식점,SAMPLE-01385,2018-06-17,폐업,2018-09-12,경기도 김포시 감정동 1107-6,경기도 김포시 양촌로 282,샘플식당 1385,분식
1386,일반음식점,SAMPLE-01386,2018-06-18,영업/정상,,경기도 김포시 사우동 249-7,경기도 김포시 고촌로 58,샘플식당 1386,정종/대포집/소주방
1387,일반음식점,SAMPLE-01387,2018-06-21,폐업,2023-06-06,경기도 김포시 고촌읍 487-24,경기도 김포시 태장로 113,샘플식당 1387,한식
1388,일반음식점,SAMPLE-01388,2018-06-22,폐업,2023-09-03,경기도 김포시 구래동 506-4,경기도 김포시 김포대로 76,샘플식당 1388,호프/통닭
1389,일반음식점,SAMPLE-01389,2018-06-23,폐업,2019-12-28,경기도 김포시 운양동 1250-1,경기도 김포시 고촌로 212,샘플식당 1389,일식
1390,일반음식점,SAMPLE-01390,2018-06-24,폐업,2024-05-20,경기도 김포시 사우동 977-10,경기도 김포시 양촌로 16,샘플식당 1390,호프/통닭
1391,일반음식점,SAMPLE-01391,2018-06-24,폐업,2026-03-10,경기도 김포시 풍무동 333-2,경기도 김포시 양촌로 64,샘플식당 1391,커피숍
1392,일반음식점,SAMPLE-01392,2018-06-24,영업/정상,,경기도 김포시 장기동 1796-12,경기도 김포시 고촌로 243,샘플식당 1392,한식
1393,일반음식점,SAMPLE-01393,2018-06-25,폐업,2021-05-21,경기도 김포시 구래동 1008-4,경기도 김포시 승가로 224,샘플식당 1393,호프/통닭
1394,일반음식점,SAMPLE-01394,2018-06-26,영업/정상,,경기도 김포시 운양동 1320-3,경기도 김포시 봉화로 34,샘플식당 1394,김밥(도시락)
1395,일반음식점,SAMPLE-01395,2018-06-26,폐업,2026-03-11,경기도 김포시 장기동 58-14,경기도 김포시 양촌로 260,샘플식당 1395,한식
1396,일반음식점,SAMPLE-01396,2018-06-27,폐업,2025-01-02,경기도 김포시 마산동 624-10,경기도 김포시 고촌로 246,샘플식당 1396,한식
1397,일반음식점,SAMPLE-01397,2018-06-27,폐업,2020-02-17,경기도 김포시 북변동 61-21,경기도 김포시 승가로 123,샘플식당 1397,정종/대포집/소주방
1398,일반음식점,SAMPLE-01398,2018-06-29,폐업,2022-10-05,경기도 김포시 구래동 1217-14,경기도 김포시 김포대로 12,샘플식당 1398,호프/통닭
1399,일반음식점,SAMPLE-01399,2018-06-30,영업/정상,,경기도 김포시 감정동 987-6,경기도 김포시 양촌로 86,샘플식당 1399,경양식
1400,일반음식점,SAMPLE-01400,2018-07-04,영업/정상,,경기도 김포시 장기동 587-8,경기도 김포시 통진로 94,샘플식당 1400,제과점영업
1401,일반음식점,SAMPLE-01401,2018-07-06,폐업,2025-08-12,경기도 김포시 월곶면 352-1,경기도 김포시 고촌로 19,샘플식당 1401,호프/통닭
1402,일반음식점,SAMPLE-01402,2018-07-09,폐업,2025-12-03,경기도 김포시 양촌읍 625-1,경기도 김포시 봉화로 263,샘플식당 1402,김밥(도시락)
1403,일반음식점,SAMPLE-01403,2018-07-09,폐업,2021-10-05,경기도 김포시 구래동 407-5,경기도 김포시 통진로 297,샘플식당 1403,한식
1404,일반음식점,SAMPLE-01404,2018-07-15,폐업,2020-11-18,경기도 김포시 풍무동 1601-8,경기도 김포시 고촌로 36,샘플식당 1404,한식
1405,일반음식점,SAMPLE-01405,2018-07-15,폐업,2020-11-05,경기도 김포시 운양동 1574-3,경기도 김포시 양촌로 102,샘플식당 1405,분식
1406,일반음식점,SAMPLE-01406,2018-07-15,폐업,2024-01-12,경기도 김포시 양촌읍 534-9,경기도 김포시 태장로 78,샘플식당 1406,한식
1407,일반음식점,SAMPLE-01407,2018-07-16,폐업,2026-04-14,경기도 김포시 운양동 523-30,경기도 김포시 김포한강9로 153,샘플식당 1407,호프/통닭
1408,일반음식점,SAMPLE-01408,2018-07-16,폐업,2019-12-07,경기도 김포시 운양동 1750-8,경기도 김포시 통진로 237,샘플식당 1408,김밥(도시락)
1409,일반음식점,SAMPLE-01409,2018-07-22,영업/정상,,경기도 김포시 고촌읍 1000-4,경기도 김포시 김포한강9로 189,샘플식당 1409,커피숍
1410,일반음식점,SAMPLE-01410,2018-07-25,영업/정상,,경기도 김포시 마산동 541-12,경기도 김포시 양촌로 258,샘플식당 1410,한식
1411,일반음식점,SAMPLE-01411,2018-07-26,폐업,2022-01-18,경기도 김포시 마산동 1603-22,경기도 김포시 양촌로 136,샘플식당 1411,제과점영업
1412,일반음식점,SAMPLE-01412,2018-07-26,영업/정상,,경기도 김포시 양촌읍 1102-17,경기도 김포시 김포대로 148,샘플식당 1412,정종/대포집/소주방
1413,일반음식점,SAMPLE-01413,2018-07-28,폐업,2025-05-01,경기도 김포시 장기동 1653-18,경기도 김포시 승가로 177,샘플식당 1413,한식
1414,일반음식점,SAMPLE-01414,2018-07-29,폐업,2024-07-17,경기도 김포시 풍무동 1693-6,경기도 김포시 김포한강4로 48,샘플식당 1414,분식
1415,일반음식점,SAMPLE-01415,2018-07-29,폐업,2021-06-29,경기도 김포시 북변동 1741-29,경기도 김포시 양촌로 139,샘플식당 1415,커피숍
1416,일반음식점,SAMPLE-01416,2018-07-31,영업/정상,,경기도 김포시 하성면 1690-11,경기도 김포시 태장로 46,샘플식당 1416,한식
1417,일반음식점,SAMPLE-01417,2018-08-03,영업/정상,,경기도 김포시 걸포동 170-14,경기도 김포시 고촌로 48,샘플식당 1417,한식
1418,일반음식점,SAMPLE-01418,2018-08-04,폐업,2023-08-29,경기도 김포시 풍무동 556-6,경기도 김포시 태장로 210,샘플식당 1418,한식
1419,일반음식점,SAMPLE-01419,2018-08-04,폐업,2020-08-31,경기도 김포시 운양동 256-13,경기도 김포시 통진로 104,샘플식당 1419,기타
1420,일반음식점,SAMPLE-01420,2018-08-05,폐업,2022-12-12,경기도 김포시 풍무동 1551-21,경기도 김포시 통진로 263,샘플식당 1420,한식
1421,일반음식점,SAMPLE-01421,2018-08-07,폐업,2022-03-16,경기도 김포시 풍무동 1172-13,경기도 김포시 통진로 72,샘플식당 1421,까페
1422,일반음식점,SAMPLE-01422,2018-08-09,폐업,2025-06-03,경기도 김포시 운양동 957-9,경기도 김포시 봉화로 258,샘플식당 1422,한식
1423,일반음식점,SAMPLE-01423,2018-08-10,폐업,2025-10-27,경기도 김포시 구래동 1418-19,경기도 김포시 통진로 77,샘플식당 1423,한식
1424,일반음식점,SAMPLE-01424,2018-08-10,폐업,2020-12-20,경기도 김포시 장기동 1576-23,경기도 김포시 통진로 47,샘플식당 1424,정종/대포집/소주방
1425,일반음식점,SAMPLE-01425,2018-08-12,영업/정상,,경기도 김포시 대곶면 1983-8,경기도 김포시 김포대로 252,샘플식당 1425,한식
1426,일반음식점,SAMPLE-01426,2018-08-12,폐업,2020-01-27,경기도 김포시 풍무동 219-3,경기도 김포시 김포한강9로 41,샘플식당 1426,중국식
1427,일반음식점,SAMPLE-01427,2018-08-13,폐업,2020-08-10,경기도 김포시 장기동 631-7,경기도 김포시 봉화로 149,샘플식당 1427,일식
1428,일반음식점,SAMPLE-01428,2018-08-13,폐업,2023-10-12,경기도 김포시 운양동 257-17,경기도 김포시 김포한강9로 1,샘플식당 1428,김밥(도시락)
1429,일반음식점,SAMPLE-01429,2018-08-14,영업/정상,,경기도 김포시 북변동 1227-8,경기도 김포시 봉화로 76,샘플식당 1429,한식
1430,일반음식점,SAMPLE-01430,2018-08-15,폐업,2024-01-13,경기도 김포시 운양동 875-28,경기도 김포시 고촌로 288,샘플식당 1430,한식
1431,일반음식점,SAMPLE-01431,2018-08-15,폐업,2021-01-11,경기도 김포시 사우동 1079-11,경기도 김포시 김포한강9로 120,샘플식당 1431,호프/통닭
1432,일반음식점,SAMPLE-01432,2018-08-16,영업/정상,,경기도 김포시 사우동 1678-6,경기도 김포시 양촌로 297,샘플식당 1432,호프/통닭
1433,일반음식점,SAMPLE-01433,2018-08-18,폐업,2019-07-28,경기도 김포시 고촌읍 125-18,경기도 김포시 태장로 134,샘플식당 1433,정종/대포집/소주방
1434,일반음식점,SAMPLE-01434,2018-08-20,폐업,2023-08-16,경기도 김포시 통진읍 1462-2,경기도 김포시 태장로 106,샘플식당 1434,분식
1435,일반음식점,SAMPLE-01435,2018-08-20,폐업,2024-09-04,경기도 김포시 구래동 455-6,경기도 김포시 봉화로 240,샘플식당 1435,분식
1436,일반음식점,SAMPLE-01436,2018-08-26,폐업,2023-09-05,경기도 김포시 구래동 1564-1,경기도 김포시 김포한강9로 22,샘플식당 1436,분식
1437,일반음식점,SAMPLE-01437,2018-08-26,폐업,2022-11-14,경기도 김포시 마산동 203-25,경기도 김포시 김포한강4로 45,샘플식당 1437,호프/통닭
1438,일반음식점,SAMPLE-01438,2018-08-28,영업/정상,,경기도 김포시 운양동 389-17,경기도 김포시 김포한강9로 258,샘플식당 1438,일식
1439,일반음식점,SAMPLE-01439,2018-08-28,폐업,2020-05-11,경기도 김포시 장기동 613-8,경기도 김포시 양촌로 209,샘플식당 1439,정종/대포집/소주방
1440,일반음식점,SAMPLE-01440,2018-08-30,폐업,2019-01-04,경기도 김포시 구래동 887-2,경기도 김포시 태장로 9,샘플식당 1440,기타
1441,일반음식점,SAMPLE-01441,2018-08-31,영업/정상,,경기도 김포시 풍무동 1142-21,경기도 김포시 태장로 154,샘플식당 1441,중국식
1442,일반음식점,SAMPLE-01442,2018-09-02,폐업,2021-01-16,경기도 김포시 운양동 766-26,경기도 김포시 태장로 280,샘플식당 1442,정종/대포집/소주방
1443,일반음식점,SAMPLE-01443,2018-09-04,폐업,2025-11-02,경기도 김포시 운양동 1651-29,경기도 김포시 통진로 154,샘플식당 1443,호프/통닭
1444,일반음식점,SAMPLE-01444,2018-09-05,폐업,2025-06-02,경기도 김포시 걸포동 764-24,경기도 김포시 양촌로 28,샘플식당 1444,기타
1445,일반음식점,SAMPLE-01445,2018-09-09,폐업,2022-04-27,경기도 김포시 풍무동 924-22,경기도 김포시 김포한강4로 260,샘플식당 1445,분식
1446,일반음식점,SAMPLE-01446,2018-09-14,폐업,2022-05-25,경기도 김포시 북변동 989-5,경기도 김포시 승가로 40,샘플식당 1446,일식
1447,일반음식점,SAMPLE-01447,2018-09-15,영업/정상,,경기도 김포시 운양동 1951-24,경기도 김포시 봉화로 157,샘플식당 1447,정종/대포집/소주방
1448,일반음식점,SAMPLE-01448,2018-09-15,영업/정상,,경기도 김포시 양촌읍 1043-12,경기도 김포시 김포대로 237,샘플식당 1448,한식
1449,일반음식점,SAMPLE-01449,2018-09-16,폐업,2026-06-08,경기도 김포시 구래동 927-3,경기도 김포시 승가로 295,샘플식당 1449,한식
1450,일반음식점,SAMPLE-01450,2018-09-19,폐업,2026-05-31,경기도 김포시 통진읍 1578-12,경기도 김포시 통진로 44,샘플식당 1450,한식
1451,일반음식점,SAMPLE-01451,2018-09-19,폐업,2021-02-07,경기도 김포시 운양동 1396-10,경기도 김포시 김포대로 228,샘플식당 1451,한식
1452,일반음식점,SAMPLE-01452,2018-09-22,영업/정상,,경기도 김포시 통진읍 1788-23,경기도 김포시 김포대로 127,샘플식당 1452,한식
1453,일반음식점,SAMPLE-01453,2018-09-24,폐업,2024-10-02,경기도 김포시 운양동 726-24,경기도 김포시 김포한강4로 19,샘플식당 1453,일식
1454,일반음식점,SAMPLE-01454,2018-09-27,영업/정상,,경기도 김포시 감정동 700-14,경기도 김포시 봉화로 190,샘플식당 1454,분식
1455,일반음식점,SAMPLE-01455,2018-09-28,폐업,2020-02-09,경기도 김포시 구래동 386-21,경기도 김포시 봉화로 153,샘플식당 1455,정종/대포집/소주방
1456,일반음식점,SAMPLE-01456,2018-10-03,폐업,2023-01-23,경기도 김포시 풍무동 1441-10,경기도 김포시 고촌로 178,샘플식당 1456,한식
1457,일반음식점,SAMPLE-01457,2018-10-03,폐업,2022-02-21,경기도 김포시 구래동 440-9,경기도 김포시 태장로 12,샘플식당 1457,호프/통닭
1458,일반음식점,SAMPLE-01458,2018-10-04,폐업,2019-04-15,경기도 김포시 북변동 1191-2,경기도 김포시 태장로 112,샘플식당 1458,정종/대포집/소주방
1459,일반음식점,SAMPLE-01459,2018-10-05,폐업,2021-10-06,경기도 김포시 감정동 50-18,경기도 김포시 통진로 105,샘플식당 1459,까페
1460,일반음식점,SAMPLE-01460,2018-10-13,영업/정상,,경기도 김포시 마산동 613-11,경기도 김포시 통진로 261,샘플식당 1460,제과점영업
1461,일반음식점,SAMPLE-01461,2018-10-14,영업/정상,,경기도 김포시 풍무동 1103-24,경기도 김포시 김포한강9로 204,샘플식당 1461,한식
1462,일반음식점,SAMPLE-01462,2018-10-16,폐업,2026-08-12,경기도 김포시 풍무동 554-15,경기도 김포시 양촌로 260,샘플식당 1462,한식
1463,일반음식점,SAMPLE-01463,2018-10-16,폐업,2022-04-24,경기도 김포시 사우동 31-21,경기도 김포시 양촌로 251,샘플식당 1463,한식
1464,일반음식점,SAMPLE-01464,2018-10-17,폐업,2020-04-23,경기도 김포시 구래동 1732-5,경기도 김포시 봉화로 96,샘플식당 1464,커피숍
1465,일반음식점,SAMPLE-01465,2018-10-17,폐업,2023-01-05,경기도 김포시 북변동 507-20,경기도 김포시 김포대로 108,샘플식당 1465,분식
1466,일반음식점,SAMPLE-01466,2018-10-19,영업/정상,,경기도 김포시 양촌읍 944-12,경기도 김포시 고촌로 93,샘플식당 1466,기타
1467,일반음식점,SAMPLE-01467,2018-10-24,영업/정상,,경기도 김포시 마산동 546-19,경기도 김포시 김포한강4로 54,샘플식당 1467,분식
1468,일반음식점,SAMPLE-01468,2018-10-25,폐업,2021-06-07,경기도 김포시 양촌읍 1021-5,경기도 김포시 승가로 238,샘플식당 1468,정종/대포집/소주방
1469,일반음식점,SAMPLE-01469,2018-10-30,영업/정상,,경기도 김포시 구래동 1258-2,경기도 김포시 김포한강4로 187,샘플식당 1469,한식
1470,일반음식점,SAMPLE-01470,2018-11-05,폐업,2021-09-27,경기도 김포시 장기동 1862-25,경기도 김포시 봉화로 189,샘플식당 1470,정종/대포집/소주방
1471,일반음식점,SAMPLE-01471,2018-11-06,폐업,2023-10-21,경기도 김포시 구래동 307-1,경기도 김포시 김포대로 73,샘플식당 1471,호프/통닭
1472,일반음식점,SAMPLE-01472,2018-11-06,폐업,2020-12-05,경기도 김포시 운양동 1078-3,경기도 김포시 태장로 19,샘플식당 1472,호프/통닭
1473,일반음식점,SAMPLE-01473,2018-11-09,폐업,2022-03-23,경기도 김포시 구래동 1710-10,경기도 김포시 태장로 277,샘플식당 1473,기타
1474,일반음식점,SAMPLE-01474,2018-11-10,영업/정상,,경기도 김포시 사우동 1128-2,경기도 김포시 승가로 240,샘플식당 1474,제과점영업
1475,일반음식점,SAMPLE-01475,2018-11-14,폐업,2022-05-19,경기도 김포시 운양동 1952-10,경기도 김포시 봉화로 160,샘플식당 1475,한식
1476,일반음식점,SAMPLE-01476,2018-11-18,폐업,2020-08-04,경기도 김포시 고촌읍 1341-21,경기도 김포시 양촌로 241,샘플식당 1476,정종/대포집/소주방
1477,일반음식점,SAMPLE-01477,2018-11-18,영업/정상,,경기도 김포시 고촌읍 162-22,경기도 김포시 김포대로 98,샘플식당 1477,한식
1478,일반음식점,SAMPLE-01478,2018-11-20,폐업,2020-06-13,경기도 김포시 마산동 1087-16,경기도 김포시 김포대로 104,샘플식당 1478,일식
1479,일반음식점,SAMPLE-01479,2018-11-22,폐업,2021-01-14,경기도 김포시 양촌읍 136-3,경기도 김포시 승가로 168,샘플식당 1479,호프/통닭
1480,일반음식점,SAMPLE-01480,2018-11-23,영업/정상,,경기도 김포시 구래동 649-18,경기도 김포시 태장로 134,샘플식당 1480,한식
1481,일반음식점,SAMPLE-01481,2018-11-26,폐업,2021-09-16,경기도 김포시 구래동 863-14,경기도 김포시 양촌로 213,샘플식당 1481,한식
1482,일반음식점,SAMPLE-01482,2018-11-26,폐업,2026-02-26,경기도 김포시 마산동 834-1,경기도 김포시 김포한강4로 218,샘플식당 1482,한식
1483,일반음식점,SAMPLE-01483,2018-11-27,폐업,2023-02-07,경기도 김포시 대곶면 1453-14,경기도 김포시 김포한강4로 15,샘플식당 1483,분식
1484,일반음식점,SAMPLE-01484,2018-11-29,폐업,2020-07-03,경기도 김포시 양촌읍 643-24,경기도 김포시 김포대로 274,샘플식당 1484,호프/통닭
1485,일반음식점,SAMPLE-01485,2018-12-07,영업/정상,,경기도 김포시 대곶면 1373-16,경기도 김포시 김포대로 65,샘플식당 1485,한식
1486,일반음식점,SAMPLE-01486,2018-12-08,영업/정상,,경기도 김포시 풍무동 85-1,경기도 김포시 통진로 154,샘플식당 1486,제과점영업
1487,일반음식점,SAMPLE-01487,2018-12-09,영업/정상,,경기도 김포시 통진읍 659-30,경기도 김포시 태장로 36,샘플식당 1487,호프/통닭
1488,일반음식점,SAMPLE-01488,2018-12-11,폐업,2025-09-02,경기도 김포시 양촌읍 331-18,경기도 김포시 김포한강4로 236,샘플식당 1488,경양식
1489,일반음식점,SAMPLE-01489,2018-12-12,폐업,2023-01-17,경기도 김포시 고촌읍 1088-28,경기도 김포시 김포한강4로 16,샘플식당 1489,중국식
1490,일반음식점,SAMPLE-01490,2018-12-14,영업/정상,,경기도 김포시 구래동 1643-8,경기도 김포시 태장로 110,샘플식당 1490,정종/대포집/소주방
1491,일반음식점,SAMPLE-01491,2018-12-18,폐업,2021-01-17,경기도 김포시 장기동 1547-16,경기도 김포시 통진로 232,샘플식당 1491,정종/대포집/소주방
1492,일반음식점,SAMPLE-01492,2018-12-18,폐업,2021-07-16,경기도 김포시 사우동 555-30,경기도 김포시 통진로 212,샘플식당 1492,정종/대포집/소주방
1493,일반음식점,SAMPLE-01493,2018-12-19,영업/정상,,경기도 김포시 운양동 1775-23,경기도 김포시 봉화로 22,샘플식당 1493,기타
1494,일반음식점,SAMPLE-01494,2018-12-19,폐업,2022-01-21,경기도 김포시 북변동 826-3,경기도 김포시 봉화로 277,샘플식당 1494,기타
1495,일반음식점,SAMPLE-01495,2018-12-22,폐업,2021-09-30,경기도 김포시 장기동 1480-28,경기도 김포시 태장로 143,샘플식당 1495,한식
1496,일반음식점,SAMPLE-01496,2018-12-24,폐업,2025-04-16,경기도 김포시 사우동 1067-23,경기도 김포시 승가로 288,샘플식당 1496,호프/통닭
1497,일반음식점,SAMPLE-01497,2018-12-25,영업/정상,,경기도 김포시 고촌읍 847-2,경기도 김포시 봉화로 178,샘플식당 1497,김밥(도시락)
1498,일반음식점,SAMPLE-01498,2018-12-28,영업/정상,,경기도 김포시 장기동 639-14,경기도 김포시 김포한강9로 17,샘플식당 1498,까페
1499,일반음식점,SAMPLE-01499,2019-01-01,폐업,2026-03-14,경기도 김포시 양촌읍 586-25,경기도 김포시 김포한강9로 26,샘플식당 1499,한식
1500,일반음식점,SAMPLE-01500,2019-01-03,폐업,2025-12-08,경기도 김포시 사우동 653-1,경기도 김포시 김포대로 191,샘플식당 1500,한식
1501,일반음식점,SAMPLE-01501,2019-01-03,폐업,2024-09-20,경기도 김포시 양촌읍 1892-27,경기도 김포시 승가로 176,샘플식당 1501,중국식
1502,일반음식점,SAMPLE-01502,2019-01-10,폐업,2026-01-18,경기도 김포시 장기동 748-21,경기도 김포시 양촌로 49,샘플식당 1502,한식
1503,일반음식점,SAMPLE-01503,2019-01-10,폐업,2024-10-12,경기도 김포시 하성면 1431-25,경기도 김포시 봉화로 22,샘플식당 1503,한식
1504,일반음식점,SAMPLE-01504,2019-01-13,폐업,2020-07-12,경기도 김포시 구래동 303-27,경기도 김포시 고촌로 208,샘플식당 1504,제과점영업
1505,일반음식점,SAMPLE-01505,2019-01-16,폐업,2024-12-30,경기도 김포시 월곶면 686-16,경기도 김포시 김포한강9로 168,샘플식당 1505,호프/통닭
1506,일반음식점,SAMPLE-01506,2019-01-18,영업/정상,,경기도 김포시 구래동 1968-23,경기도 김포시 김포한강4로 93,샘플식당 1506,호프/통닭
1507,일반음식점,SAMPLE-01507,2019-01-19,영업/정상,,경기도 김포시 구래동 971-4,경기도 김포시 김포한강9로 1,샘플식당 1507,커피숍
1508,일반음식점,SAMPLE-01508,2019-01-19,폐업,2023-06-15,경기도 김포시 풍무동 1694-22,경기도 김포시 김포한강9로 94,샘플식당 1508,정종/대포집/소주방
1509,일반음식점,SAMPLE-01509,2019-01-20,폐업,2019-10-29,경기도 김포시 걸포동 732-15,경기도 김포시 김포한강9로 146,샘플식당 1509,분식
1510,일반음식점,SAMPLE-01510,2019-01-21,폐업,2021-10-04,경기도 김포시 북변동 528-16,경기도 김포시 양촌로 193,샘플식당 1510,분식
1511,일반음식점,SAMPLE-01511,2019-01-22,영업/정상,,경기도 김포시 구래동 1227-15,경기도 김포시 승가로 170,샘플식당 1511,한식
1512,일반음식점,SAMPLE-01512,2019-01-24,폐업,2021-02-01,경기도 김포시 고촌읍 1532-25,경기도 김포시 김포한강9로 119,샘플식당 1512,커피숍
1513,일반음식점,SAMPLE-01513,2019-01-25,영업/정상,,경기도 김포시 풍무동 183-7,경기도 김포시 고촌로 109,샘플식당 1513,한식
1514,일반음식점,SAMPLE-01514,2019-01-28,폐업,2019-11-14,경기도 김포시 운양동 857-15,경기도 김포시 승가로 294,샘플식당 1514,한식
1515,일반음식점,SAMPLE-01515,2019-01-28,폐업,2026-09-24,경기도 김포시 북변동 880-25,경기도 김포시 김포한강9로 233,샘플식당 1515,호프/통닭
1516,일반음식점,SAMPLE-01516,2019-02-01,폐업,2021-06-25,경기도 김포시 고촌읍 606-14,경기도 김포시 통진로 45,샘플식당 1516,커피숍
1517,일반음식점,SAMPLE-01517,2019-02-05,폐업,2020-10-30,경기도 김포시 운양동 960-4,경기도 김포시 승가로 183,샘플식당 1517,기타
1518,일반음식점,SAMPLE-01518,2019-02-05,폐업,2024-03-19,경기도 김포시 장기동 1319-27,경기도 김포시 김포한강4로 218,샘플식당 1518,정종/대포집/소주방
1519,일반음식점,SAMPLE-01519,2019-02-07,영업/정상,,경기도 김포시 구래동 1867-4,경기도 김포시 고촌로 195,샘플식당 1519,한식
1520,일반음식점,SAMPLE-01520,2019-02-07,영업/정상,,경기도 김포시 풍무동 1525-16,경기도 김포시 김포한강9로 100,샘플식당 1520,제과점영업
1521,일반음식점,SAMPLE-01521,2019-02-09,폐업,2021-05-03,경기도 김포시 구래동 40-15,경기도 김포시 양촌로 23,샘플식당 1521,까페
1522,일반음식점,SAMPLE-01522,2019-02-13,폐업,2024-07-21,경기도 김포시 풍무동 755-9,경기도 김포시 양촌로 15,샘플식당 1522,커피숍
1523,일반음식점,SAMPLE-01523,2019-02-15,폐업,2022-08-18,경기도 김포시 장기동 1517-19,경기도 김포시 승가로 15,샘플식당 1523,커피숍
1524,일반음식점,SAMPLE-01524,2019-02-15,영업/정상,,경기도 김포시 양촌읍 1066-20,경기도 김포시 김포대로 264,샘플식당 1524,한식
1525,일반음식점,SAMPLE-01525,2019-02-15,영업/정상,,경기도 김포시 운양동 837-12,경기도 김포시 승가로 160,샘플식당 1525,기타
1526,일반음식점,SAMPLE-01526,2019-02-16,영업/정상,,경기도 김포시 하성면 1539-28,경기도 김포시 통진로 62,샘플식당 1526,제과점영업
1527,일반음식점,SAMPLE-01527,2019-02-17,폐업,2023-10-05,경기도 김포시 운양동 1365-16,경기도 김포시 김포한강9로 278,샘플식당 1527,분식
1528,일반음식점,SAMPLE-01528,2019-02-17,영업/정상,,경기도 김포시 고촌읍 915-5,경기도 김포시 승가로 277,샘플식당 1528,한식
1529,일반음식점,SAMPLE-01529,2019-02-18,폐업,2022-08-16,경기도 김포시 사우동 1664-3,경기도 김포시 김포한강4로 130,샘플식당 1529,김밥(도시락)
1530,일반음식점,SAMPLE-01530,2019-02-19,폐업,2022-07-14,경기도 김포시 걸포동 833-23,경기도 김포시 태장로 145,샘플식당 1530,정종/대포집/소주방
1531,일반음식점,SAMPLE-01531,2019-02-20,폐업,2023-04-29,경기도 김포시 양촌읍 1141-2,경기도 김포시 태장로 94,샘플식당 1531,호프/통닭
1532,일반음식점,SAMPLE-01532,2019-02-22,영업/정상,,경기도 김포시 풍무동 453-12,경기도 김포시 봉화로 88,샘플식당 1532,중국식
1533,일반음식점,SAMPLE-01533,2019-02-24,영업/정상,,경기도 김포시 고촌읍 600-9,경기도 김포시 고촌로 122,샘플식당 1533,한식
1534,일반음식점,SAMPLE-01534,2019-03-02,영업/정상,,경기도 김포시 구래동 1209-22,경기도 김포시 봉화로 254,샘플식당 1534,한식
1535,일반음식점,SAMPLE-01535,2019-03-02,폐업,2021-05-02,경기도 김포시 풍무동 377-15,경기도 김포시 봉화로 148,샘플식당 1535,정종/대포집/소주방
1536,일반음식점,SAMPLE-01536,2019-03-06,폐업,2020-09-29,경기도 김포시 양촌읍 1349-3,경기도 김포시 양촌로 277,샘플식당 1536,분식
1537,일반음식점,SAMPLE-01537,2019-03-07,영업/정상,,경기도 김포시 구래동 1511-2,경기도 김포시 김포한강9로 117,샘플식당 1537,제과점영업
1538,일반음식점,SAMPLE-01538,2019-03-07,폐업,2021-08-13,경기도 김포시 월곶면 1222-14,경기도 김포시 태장로 89,샘플식당 1538,기타
1539,일반음식점,SAMPLE-01539,2019-03-08,폐업,2019-09-27,경기도 김포시 통진읍 1559-13,경기도 김포시 태장로 30,샘플식당 1539,커피숍
1540,일반음식점,SAMPLE-01540,2019-03-10,폐업,2025-07-25,경기도 김포시 사우동 1149-28,경기도 김포시 김포한강4로 124,샘플식당 1540,호프/통닭
1541,일반음식점,SAMPLE-01541,2019-03-11,영업/정상,,경기도 김포시 양촌읍 159-22,경기도 김포시 김포한강4로 127,샘플식당 1541,분식
1542,일반음식점,SAMPLE-01542,2019-03-11,폐업,2022-04-15,경기도 김포시 사우동 318-24,경기도 김포시 승가로 100,샘플식당 1542,한식
1543,일반음식점,SAMPLE-01543,2019-03-12,영업/정상,,경기도 김포시 북변동 1209-15,경기도 김포시 봉화로 219,샘플식당 1543,한식
1544,일반음식점,SAMPLE-01544,2019-03-14,폐업,2021-08-10,경기도 김포시 구래동 1611-21,경기도 김포시 김포한강9로 293,샘플식당 1544,한식
1545,일반음식점,SAMPLE-01545,2019-03-15,폐업,2022-09-28,경기도 김포시 마산동 1902-11,경기도 김포시 봉화로 63,샘플식당 1545,분식
1546,일반음식점,SAMPLE-01546,2019-03-19,영업/정상,,경기도 김포시 풍무동 1506-11,경기도 김포시 양촌로 183,샘플식당 1546,제과점영업
1547,일반음식점,SAMPLE-01547,2019-03-19,폐업,2022-05-29,경기도 김포시 통진읍 1163-23,경기도 김포시 김포한강9로 53,샘플식당 1547,일식
1548,일반음식점,SAMPLE-01548,2019-03-20,폐업,2023-07-02,경기도 김포시 운양동 1817-15,경기도 김포시 양촌로 274,샘플식당 1548,호프/통닭
1549,일반음식점,SAMPLE-01549,2019-03-20,폐업,2021-05-13,경기도 김포시 사우동 316-27,경기도 김포시 봉화로 137,샘플식당 1549,한식
1550,일반음식점,SAMPLE-01550,2019-03-21,영업/정상,,경기도 김포시 걸포동 1071-13,경기도 김포시 김포한강4로 29,샘플식당 1550,한식
1551,일반음식점,SAMPLE-01551,2019-03-24,폐업,2023-04-20,경기도 김포시 북변동 1907-8,경기도 김포시 김포한강9로 76,샘플식당 1551,한식
1552,일반음식점,SAMPLE-01552,2019-03-27,폐업,2023-03-20,경기도 김포시 장기동 1101-10,경기도 김포시 승가로 298,샘플식당 1552,한식
1553,일반음식점,SAMPLE-01553,2019-03-31,폐업,2025-12-22,경기도 김포시 운양동 398-7,경기도 김포시 고촌로 12,샘플식당 1553,호프/통닭
1554,일반음식점,SAMPLE-01554,2019-04-05,폐업,2020-09-22,경기도 김포시 장기동 1877-27,경기도 김포시 통진로 160,샘플식당 1554,커피숍
1555,일반음식점,SAMPLE-01555,2019-04-05,폐업,2022-06-22,경기도 김포시 북변동 1657-11,경기도 김포시 양촌로 161,샘플식당 1555,정종/대포집/소주방
1556,일반음식점,SAMPLE-01556,2019-04-06,폐업,2020-08-15,경기도 김포시 사우동 1126-21,경기도 김포시 양촌로 2,샘플식당 1556,커피숍
1557,일반음식점,SAMPLE-01557,2019-04-08,폐업,2025-02-27,경기도 김포시 고촌읍 146-15,경기도 김포시 통진로 21,샘플식당 1557,기타
1558,일반음식점,SAMPLE-01558,2019-04-08,폐업,2022-03-23,경기도 김포시 하성면 553-27,경기도 김포시 봉화로 231,샘플식당 1558,경양식
1559,일반음식점,SAMPLE-01559,2019-04-09,영업/정상,,경기도 김포시 구래동 1017-5,경기도 김포시 양촌로 118,샘플식당 1559,호프/통닭
1560,일반음식점,SAMPLE-01560,2019-04-10,폐업,2020-06-23,경기도 김포시 마산동 1673-19,경기도 김포시 김포한강9로 33,샘플식당 1560,커피숍
1561,일반음식점,SAMPLE-01561,2019-04-10,폐업,2022-02-16,경기도 김포시 구래동 1338-14,경기도 김포시 승가로 37,샘플식당 1561,한식
1562,일반음식점,SAMPLE-01562,2019-04-12,폐업,2021-04-14,경기도 김포시 양촌읍 3-2,경기도 김포시 봉화로 299,샘플식당 1562,한식
1563,일반음식점,SAMPLE-01563,2019-04-12,폐업,2020-07-22,경기도 김포시 양촌읍 308-27,경기도 김포시 김포대로 160,샘플식당 1563,분식
1564,일반음식점,SAMPLE-01564,2019-04-14,폐업,2021-06-29,경기도 김포시 북변동 1105-4,경기도 김포시 양촌로 294,샘플식당 1564,한식
1565,일반음식점,SAMPLE-01565,2019-04-17,폐업,2020-03-21,경기도 김포시 장기동 549-25,경기도 김포시 고촌로 265,샘플식당 1565,정종/대포집/소주방
1566,일반음식점,SAMPLE-01566,2019-04-18,폐업,2023-10-01,경기도 김포시 고촌읍 366-15,경기도 김포시 봉화로 12,샘플식당 1566,중국식
1567,일반음식점,SAMPLE-01567,2019-04-22,폐업,2022-08-23,경기도 김포시 북변동 509-1,경기도 김포시 김포대로 186,샘플식당 1567,호프/통닭
1568,일반음식점,SAMPLE-01568,2019-04-24,폐업,2024-06-25,경기도 김포시 운양동 1869-16,경기도 김포시 김포대로 221,샘플식당 1568,한식
1569,일반음식점,SAMPLE-01569,2019-04-24,폐업,2021-03-31,경기도 김포시 하성면 1580-5,경기도 김포시 통진로 161,샘플식당 1569,한식
1570,일반음식점,SAMPLE-01570,2019-04-28,폐업,2025-10-02,경기도 김포시 구래동 1681-22,경기도 김포시 승가로 290,샘플식당 1570,한식
1571,일반음식점,SAMPLE-01571,2019-04-30,폐업,2025-09-18,경기도 김포시 구래동 1923-24,경기도 김포시 태장로 166,샘플식당 1571,정종/대포집/소주방
1572,일반음식점,SAMPLE-01572,2019-04-30,폐업,2021-05-14,경기도 김포시 장기동 1417-1,경기도 김포시 승가로 28,샘플식당 1572,정종/대포집/소주방
1573,일반음식점,SAMPLE-01573,2019-05-02,폐업,2025-08-23,경기도 김포시 장기동 400-12,경기도 김포시 양촌로 233,샘플식당 1573,한식
1574,일반음식점,SAMPLE-01574,2019-05-04,폐업,2022-01-09,경기도 김포시 마산동 709-9,경기도 김포시 김포한강4로 197,샘플식당 1574,정종/대포집/소주방
1575,일반음식점,SAMPLE-01575,2019-05-06,폐업,2023-06-04,경기도 김포시 마산동 1274-8,경기도 김포시 봉화로 263,샘플식당 1575,중국식
1576,일반음식점,SAMPLE-01576,2019-05-07,폐업,2022-03-05,경기도 김포시 북변동 1698-19,경기도 김포시 태장로 167,샘플식당 1576,중국식
1577,일반음식점,SAMPLE-01577,2019-05-07,영업/정상,,경기도 김포시 구래동 986-5,경기도 김포시 승가로 209,샘플식당 1577,일식
1578,일반음식점,SAMPLE-01578,2019-05-07,폐업,2023-03-23,경기도 김포시 걸포동 256-11,경기도 김포시 양촌로 191,샘플식당 1578,분식
1579,일반음식점,SAMPLE-01579,2019-05-07,폐업,2021-06-24,경기도 김포시 고촌읍 1878-16,경기도 김포시 통진로 5,샘플식당 1579,분식
1580,일반음식점,SAMPLE-01580,2019-05-08,폐업,2024-03-09,경기도 김포시 고촌읍 1014-30,경기도 김포시 통진로 79,샘플식당 1580,호프/통닭
1581,일반음식점,SAMPLE-01581,2019-05-08,폐업,2025-08-11,경기도 김포시 운양동 60-7,경기도 김포시 김포한강9로 171,샘플식당 1581,일식
1582,일반음식점,SAMPLE-01582,2019-05-08,영업/정상,,경기도 김포시 장기동 176-8,경기도 김포시 태장로 283,샘플식당 1582,정종/대포집/소주방
1583,일반음식점,SAMPLE-01583,2019-05-09,영업/정상,,경기도 김포시 북변동 1212-14,경기도 김포시 김포한강9로 46,샘플식당 1583,기타
1584,일반음식점,SAMPLE-01584,2019-05-12,폐업,2023-11-12,경기도 김포시 걸포동 1633-20,경기도 김포시 통진로 216,샘플식당 1584,호프/통닭
1585,일반음식점,SAMPLE-01585,2019-05-15,폐업,2020-11-06,경기도 김포시 운양동 3-10,경기도 김포시 승가로 289,샘플식당 1585,호프/통닭
1586,일반음식점,SAMPLE-01586,2019-05-16,영업/정상,,경기도 김포시 고촌읍 1344-13,경기도 김포시 김포대로 115,샘플식당 1586,호프/통닭
1587,일반음식점,SAMPLE-01587,2019-05-17,폐업,2022-11-05,경기도 김포시 풍무동 1169-25,경기도 김포시 김포한강4로 67,샘플식당 1587,커피숍
1588,일반음식점,SAMPLE-01588,2019-05-20,폐업,2022-05-11,경기도 김포시 구래동 21-14,경기도 김포시 김포한강9로 23,샘플식당 1588,제과점영업
1589,일반음식점,SAMPLE-01589,2019-05-21,영업/정상,,경기도 김포시 통진읍 813-21,경기도 김포시 김포한강9로 206,샘플식당 1589,한식
1590,일반음식점,SAMPLE-01590,2019-05-21,영업/정상,,경기도 김포시 풍무동 1744-13,경기도 김포시 양촌로 295,샘플식당 1590,분식
1591,일반음식점,SAMPLE-01591,2019-05-21,폐업,2021-07-08,경기도 김포시 북변동 108-4,경기도 김포시 통진로 93,샘플식당 1591,일식
1592,일반음식점,SAMPLE-01592,2019-05-22,영업/정상,,경기도 김포시 북변동 1962-13,경기도 김포시 김포대로 243,샘플식당 1592,한식
1593,일반음식점,SAMPLE-01593,2019-05-22,영업/정상,,경기도 김포시 마산동 574-4,경기도 김포시 김포한강9로 165,샘플식당 1593,한식
1594,일반음식점,SAMPLE-01594,2019-05-22,영업/정상,,경기도 김포시 장기동 1428-14,경기도 김포시 김포한강9로 68,샘플식당 1594,한식
1595,일반음식점,SAMPLE-01595,2019-05-24,폐업,2023-08-23,경기도 김포시 장기동 1207-25,경기도 김포시 김포한강4로 120,샘플식당 1595,한식
1596,일반음식점,SAMPLE-01596,2019-05-24,폐업,2024-05-19,경기도 김포시 걸포동 585-27,경기도 김포시 태장로 63,샘플식당 1596,한식
1597,일반음식점,SAMPLE-01597,2019-05-27,폐업,2024-09-19,경기도 김포시 월곶면 1080-30,경기도 김포시 김포한강4로 215,샘플식당 1597,기타
1598,일반음식점,SAMPLE-01598,2019-05-30,영업/정상,,경기도 김포시 사우동 1924-27,경기도 김포시 양촌로 74,샘플식당 1598,한식
1599,일반음식점,SAMPLE-01599,2019-06-02,폐업,2025-07-15,경기도 김포시 사우동 1267-19,경기도 김포시 봉화로 232,샘플식당 1599,기타
1600,일반음식점,SAMPLE-01600,2019-06-02,폐업,2019-12-20,경기도 김포시 고촌읍 1276-18,경기도 김포시 봉화로 231,샘플식당 1600,제과점영업
1601,일반음식점,SAMPLE-01601,2019-06-07,폐업,2023-09-18,경기도 김포시 마산동 494-2,경기도 김포시 김포한강9로 239,샘플식당 1601,기타
1602,일반음식점,SAMPLE-01602,2019-06-08,폐업,2023-05-14,경기도 김포시 구래동 1596-6,경기도 김포시 통진로 146,샘플식당 1602,까페
1603,일반음식점,SAMPLE-01603,2019-06-09,폐업,2023-04-18,경기도 김포시 풍무동 1347-1,경기도 김포시 김포한강4로 188,샘플식당 1603,한식
1604,일반음식점,SAMPLE-01604,2019-06-09,폐업,2024-12-09,경기도 김포시 구래동 347-23,경기도 김포시 봉화로 123,샘플식당 1604,한식
1605,일반음식점,SAMPLE-01605,2019-06-09,폐업,2023-01-14,경기도 김포시 하성면 574-25,경기도 김포시 봉화로 55,샘플식당 1605,커피숍
1606,일반음식점,SAMPLE-01606,2019-06-11,폐업,2021-04-08,경기도 김포시 운양동 716-19,경기도 김포시 김포한강9로 245,샘플식당 1606,호프/통닭
1607,일반음식점,SAMPLE-01607,2019-06-13,폐업,2022-01-10,경기도 김포시 양촌읍 1228-17,경기도 김포시 통진로 173,샘플식당 1607,까페
1608,일반음식점,SAMPLE-01608,2019-06-14,폐업,2021-01-16,경기도 김포시 북변동 141-12,경기도 김포시 고촌로 222,샘플식당 1608,기타
1609,일반음식점,SAMPLE-01609,2019-06-16,폐업,2021-02-17,경기도 김포시 운양동 1690-18,경기도 김포시 통진로 234,샘플식당 1609,기타
1610,일반음식점,SAMPLE-01610,2019-06-18,폐업,2024-05-08,경기도 김포시 양촌읍 491-19,경기도 김포시 김포한강4로 220,샘플식당 1610,정종/대포집/소주방
1611,일반음식점,SAMPLE-01611,2019-06-19,폐업,2023-01-27,경기도 김포시 장기동 1893-27,경기도 김포시 태장로 185,샘플식당 1611,정종/대포집/소주방
1612,일반음식점,SAMPLE-01612,2019-06-21,영업/정상,,경기도 김포시 운양동 631-21,경기도 김포시 고촌로 199,샘플식당 1612,경양식
1613,일반음식점,SAMPLE-01613,2019-06-23,폐업,2023-09-08,경기도 김포시 운양동 1011-18,경기도 김포시 태장로 80,샘플식당 1613,한식
1614,일반음식점,SAMPLE-01614,2019-06-24,폐업,2020-06-15,경기도 김포시 구래동 1404-10,경기도 김포시 고촌로 2,샘플식당 1614,호프/통닭
1615,일반음식점,SAMPLE-01615,2019-06-28,폐업,2022-11-27,경기도 김포시 장기동 1377-6,경기도 김포시 김포한강4로 178,샘플식당 1615,호프/통닭
1616,일반음식점,SAMPLE-01616,2019-06-29,폐업,2022-05-09,경기도 김포시 장기동 836-13,경기도 김포시 양촌로 85,샘플식당 1616,호프/통닭
1617,일반음식점,SAMPLE-01617,2019-06-30,폐업,2021-02-17,경기도 김포시 장기동 1902-23,경기도 김포시 태장로 296,샘플식당 1617,김밥(도시락)
1618,일반음식점,SAMPLE-01618,2019-07-01,폐업,2023-12-31,경기도 김포시 북변동 615-16,경기도 김포시 양촌로 106,샘플식당 1618,까페
1619,일반음식점,SAMPLE-01619,2019-07-02,폐업,2024-02-06,경기도 김포시 양촌읍 888-21,경기도 김포시 통진로 116,샘플식당 1619,한식
1620,일반음식점,SAMPLE-01620,2019-07-03,영업/정상,,경기도 김포시 감정동 361-29,경기도 김포시 태장로 242,샘플식당 1620,제과점영업
1621,일반음식점,SAMPLE-01621,2019-07-04,폐업,2022-06-06,경기도 김포시 장기동 539-20,경기도 김포시 태장로 297,샘플식당 1621,한식
1622,일반음식점,SAMPLE-01622,2019-07-05,영업/정상,,경기도 김포시 마산동 1995-2,경기도 김포시 승가로 86,샘플식당 1622,중국식
1623,일반음식점,SAMPLE-01623,2019-07-10,폐업,2020-04-01,경기도 김포시 양촌읍 329-3,경기도 김포시 통진로 150,샘플식당 1623,정종/대포집/소주방
1624,일반음식점,SAMPLE-01624,2019-07-12,폐업,2022-08-24,경기도 김포시 마산동 1071-23,경기도 김포시 김포한강4로 182,샘플식당 1624,한식
1625,일반음식점,SAMPLE-01625,2019-07-13,폐업,2023-02-01,경기도 김포시 감정동 20-10,경기도 김포시 김포한강9로 29,샘플식당 1625,한식
1626,일반음식점,SAMPLE-01626,2019-07-15,폐업,2022-03-24,경기도 김포시 장기동 1313-12,경기도 김포시 김포한강4로 53,샘플식당 1626,한식
1627,일반음식점,SAMPLE-01627,2019-07-16,영업/정상,,경기도 김포시 북변동 1639-27,경기도 김포시 고촌로 10,샘플식당 1627,중국식
1628,일반음식점,SAMPLE-01628,2019-07-18,폐업,2024-05-06,경기도 김포시 사우동 872-3,경기도 김포시 양촌로 145,샘플식당 1628,일식
1629,일반음식점,SAMPLE-01629,2019-07-19,폐업,2024-07-20,경기도 김포시 구래동 1058-10,경기도 김포시 양촌로 40,샘플식당 1629,중국식
1630,일반음식점,SAMPLE-01630,2019-07-19,폐업,2025-02-02,경기도 김포시 장기동 1637-8,경기도 김포시 통진로 204,샘플식당 1630,한식
1631,일반음식점,SAMPLE-01631,2019-07-22,폐업,2026-02-12,경기도 김포시 구래동 1921-13,경기도 김포시 통진로 2,샘플식당 1631,호프/통닭
1632,일반음식점,SAMPLE-01632,2019-07-22,폐업,2024-10-13,경기도 김포시 고촌읍 911-2,경기도 김포시 승가로 113,샘플식당 1632,한식
1633,일반음식점,SAMPLE-01633,2019-07-28,폐업,2023-08-04,경기도 김포시 구래동 1102-2,경기도 김포시 김포한강9로 215,샘플식당 1633,한식
1634,일반음식점,SAMPLE-01634,2019-07-28,폐업,2024-05-14,경기도 김포시 북변동 182-28,경기도 김포시 김포한강9로 263,샘플식당 1634,한식
1635,일반음식점,SAMPLE-01635,2019-07-30,폐업,2021-03-22,경기도 김포시 구래동 1476-13,경기도 김포시 김포대로 164,샘플식당 1635,정종/대포집/소주방
1636,일반음식점,SAMPLE-01636,2019-08-01,폐업,2021-06-29,경기도 김포시 구래동 910-25,경기도 김포시 김포한강9로 272,샘플식당 1636,정종/대포집/소주방
1637,일반음식점,SAMPLE-01637,2019-08-01,폐업,2024-08-20,경기도 김포시 장기동 1681-23,경기도 김포시 통진로 167,샘플식당 1637,분식
1638,일반음식점,SAMPLE-01638,2019-08-03,영업/정상,,경기도 김포시 사우동 1230-10,경기도 김포시 봉화로 288,샘플식당 1638,호프/통닭
1639,일반음식점,SAMPLE-01639,2019-08-03,폐업,2023-04-23,경기도 김포시 사우동 1186-10,경기도 김포시 김포한강9로 293,샘플식당 1639,호프/통닭
1640,일반음식점,SAMPLE-01640,2019-08-04,영업/정상,,경기도 김포시 마산동 1797-20,경기도 김포시 김포대로 141,샘플식당 1640,중국식
1641,일반음식점,SAMPLE-01641,2019-08-05,폐업,2023-06-19,경기도 김포시 고촌읍 198-7,경기도 김포시 승가로 163,샘플식당 1641,커피숍
1642,일반음식점,SAMPLE-01642,2019-08-09,폐업,2024-05-28,경기도 김포시 구래동 34-25,경기도 김포시 김포대로 270,샘플식당 1642,분식
1643,일반음식점,SAMPLE-01643,2019-08-09,폐업,2022-06-20,경기도 김포시 사우동 1722-21,경기도 김포시 통진로 212,샘플식당 1643,정종/대포집/소주방
1644,일반음식점,SAMPLE-01644,2019-08-09,폐업,2023-10-06,경기도 김포시 풍무동 76-2,경기도 김포시 태장로 249,샘플식당 1644,한식
1645,일반음식점,SAMPLE-01645,2019-08-11,폐업,2023-06-18,경기도 김포시 걸포동 1237-25,경기도 김포시 승가로 223,샘플식당 1645,한식
1646,일반음식점,SAMPLE-01646,2019-08-12,폐업,2023-07-16,경기도 김포시 구래동 89-2,경기도 김포시 김포한강9로 258,샘플식당 1646,한식
1647,일반음식점,SAMPLE-01647,2019-08-13,폐업,2021-03-09,경기도 김포시 장기동 405-7,경기도 김포시 봉화로 128,샘플식당 1647,기타
1648,일반음식점,SAMPLE-01648,2019-08-13,영업/정상,,경기도 김포시 북변동 138-6,경기도 김포시 승가로 43,샘플식당 1648,커피숍
1649,일반음식점,SAMPLE-01649,2019-08-13,영업/정상,,경기도 김포시 구래동 1340-3,경기도 김포시 봉화로 205,샘플식당 1649,한식
1650,일반음식점,SAMPLE-01650,2019-08-14,폐업,2022-06-05,경기도 김포시 장기동 237-8,경기도 김포시 태장로 296,샘플식당 1650,분식
1651,일반음식점,SAMPLE-01651,2019-08-15,폐업,2021-12-31,경기도 김포시 풍무동 388-19,경기도 김포시 양촌로 86,샘플식당 1651,호프/통닭
1652,일반음식점,SAMPLE-01652,2019-08-16,폐업,2026-05-05,경기도 김포시 감정동 1904-23,경기도 김포시 김포한강9로 64,샘플식당 1652,제과점영업
1653,일반음식점,SAMPLE-01653,2019-08-19,폐업,2022-03-06,경기도 김포시 장기동 37-7,경기도 김포시 봉화로 128,샘플식당 1653,경양식
1654,일반음식점,SAMPLE-01654,2019-08-22,폐업,2022-06-23,경기도 김포시 운양동 208-15,경기도 김포시 태장로 272,샘플식당 1654,정종/대포집/소주방
1655,일반음식점,SAMPLE-01655,2019-08-22,폐업,2022-11-16,경기도 김포시 양촌읍 855-6,경기도 김포시 김포한강9로 299,샘플식당 1655,호프/통닭
1656,일반음식점,SAMPLE-01656,2019-08-22,영업/정상,,경기도 김포시 구래동 187-25,경기도 김포시 김포한강4로 127,샘플식당 1656,호프/통닭
1657,일반음식점,SAMPLE-01657,2019-08-24,폐업,2024-05-27,경기도 김포시 사우동 464-28,경기도 김포시 태장로 17,샘플식당 1657,김밥(도시락)
1658,일반음식점,SAMPLE-01658,2019-08-24,영업/정상,,경기도 김포시 통진읍 1947-6,경기도 김포시 양촌로 129,샘플식당 1658,한식
1659,일반음식점,SAMPLE-01659,2019-08-29,폐업,2025-02-25,경기도 김포시 북변동 443-28,경기도 김포시 김포한강9로 254,샘플식당 1659,한식
1660,일반음식점,SAMPLE-01660,2019-09-07,영업/정상,,경기도 김포시 사우동 1751-14,경기도 김포시 양촌로 149,샘플식당 1660,한식
1661,일반음식점,SAMPLE-01661,2019-09-10,폐업,2025-04-09,경기도 김포시 사우동 1511-24,경기도 김포시 김포한강9로 153,샘플식당 1661,호프/통닭
1662,일반음식점,SAMPLE-01662,2019-09-10,폐업,2026-09-29,경기도 김포시 사우동 1018-7,경기도 김포시 양촌로 56,샘플식당 1662,일식
1663,일반음식점,SAMPLE-01663,2019-09-10,폐업,2020-03-26,경기도 김포시 감정동 1033-24,경기도 김포시 승가로 76,샘플식당 1663,정종/대포집/소주방
1664,일반음식점,SAMPLE-01664,2019-09-11,영업/정상,,경기도 김포시 구래동 1239-1,경기도 김포시 김포한강9로 287,샘플식당 1664,까페
1665,일반음식점,SAMPLE-01665,2019-09-12,폐업,2021-12-29,경기도 김포시 대곶면 747-25,경기도 김포시 김포한강9로 89,샘플식당 1665,한식
1666,일반음식점,SAMPLE-01666,2019-09-13,폐업,2023-04-15,경기도 김포시 감정동 868-19,경기도 김포시 김포대로 210,샘플식당 1666,한식
1667,일반음식점,SAMPLE-01667,2019-09-16,영업/정상,,경기도 김포시 걸포동 156-4,경기도 김포시 태장로 106,샘플식당 1667,한식
1668,일반음식점,SAMPLE-01668,2019-09-20,폐업,2021-02-22,경기도 김포시 장기동 1339-24,경기도 김포시 고촌로 190,샘플식당 1668,한식
1669,일반음식점,SAMPLE-01669,2019-09-21,폐업,2022-06-30,경기도 김포시 운양동 1749-16,경기도 김포시 양촌로 153,샘플식당 1669,호프/통닭
1670,일반음식점,SAMPLE-01670,2019-09-22,영업/정상,,경기도 김포시 장기동 1363-27,경기도 김포시 고촌로 203,샘플식당 1670,호프/통닭
1671,일반음식점,SAMPLE-01671,2019-09-22,폐업,2021-11-05,경기도 김포시 사우동 700-1,경기도 김포시 김포한강9로 197,샘플식당 1671,일식
1672,일반음식점,SAMPLE-01672,2019-09-23,영업/정상,,경기도 김포시 구래동 423-1,경기도 김포시 김포한강9로 186,샘플식당 1672,중국식
1673,일반음식점,SAMPLE-01673,2019-09-23,폐업,2023-01-07,경기도 김포시 장기동 1800-28,경기도 김포시 양촌로 185,샘플식당 1673,정종/대포집/소주방
1674,일반음식점,SAMPLE-01674,2019-09-23,영업/정상,,경기도 김포시 운양동 1871-22,경기도 김포시 김포대로 78,샘플식당 1674,호프/통닭
1675,일반음식점,SAMPLE-01675,2019-09-26,영업/정상,,경기도 김포시 사우동 1132-17,경기도 김포시 김포한강9로 280,샘플식당 1675,정종/대포집/소주방
1676,일반음식점,SAMPLE-01676,2019-09-27,폐업,2022-12-22,경기도 김포시 풍무동 1477-20,경기도 김포시 고촌로 54,샘플식당 1676,한식
1677,일반음식점,SAMPLE-01677,2019-09-27,폐업,2022-11-01,경기도 김포시 장기동 279-24,경기도 김포시 통진로 265,샘플식당 1677,호프/통닭
1678,일반음식점,SAMPLE-01678,2019-09-27,영업/정상,,경기도 김포시 장기동 1276-22,경기도 김포시 고촌로 233,샘플식당 1678,분식
1679,일반음식점,SAMPLE-01679,2019-09-28,폐업,2021-10-03,경기도 김포시 걸포동 1375-9,경기도 김포시 승가로 261,샘플식당 1679,한식
1680,일반음식점,SAMPLE-01680,2019-09-28,폐업,2026-09-10,경기도 김포시 운양동 1424-20,경기도 김포시 양촌로 261,샘플식당 1680,중국식
1681,일반음식점,SAMPLE-01681,2019-09-28,폐업,2024-10-28,경기도 김포시 고촌읍 251-28,경기도 김포시 태장로 172,샘플식당 1681,한식
1682,일반음식점,SAMPLE-01682,2019-09-29,폐업,2023-05-12,경기도 김포시 북변동 809-5,경기도 김포시 봉화로 62,샘플식당 1682,한식
1683,일반음식점,SAMPLE-01683,2019-09-30,폐업,2020-12-02,경기도 김포시 걸포동 601-24,경기도 김포시 김포한강4로 106,샘플식당 1683,커피숍
1684,일반음식점,SAMPLE-01684,2019-09-30,폐업,2020-08-26,경기도 김포시 감정동 1868-1,경기도 김포시 태장로 75,샘플식당 1684,정종/대포집/소주방
1685,일반음식점,SAMPLE-01685,2019-09-30,영업/정상,,경기도 김포시 풍무동 753-2,경기도 김포시 통진로 251,샘플식당 1685,한식
1686,일반음식점,SAMPLE-01686,2019-10-02,폐업,2023-05-10,경기도 김포시 양촌읍 557-10,경기도 김포시 양촌로 42,샘플식당 1686,정종/대포집/소주방
1687,일반음식점,SAMPLE-01687,2019-10-03,폐업,2021-06-06,경기도 김포시 월곶면 609-25,경기도 김포시 고촌로 53,샘플식당 1687,정종/대포집/소주방
1688,일반음식점,SAMPLE-01688,2019-10-04,폐업,2024-08-21,경기도 김포시 양촌읍 803-16,경기도 김포시 태장로 55,샘플식당 1688,김밥(도시락)
1689,일반음식점,SAMPLE-01689,2019-10-05,폐업,2026-05-01,경기도 김포시 감정동 1971-1,경기도 김포시 승가로 46,샘플식당 1689,호프/통닭
1690,일반음식점,SAMPLE-01690,2019-10-07,영업/정상,,경기도 김포시 고촌읍 1651-1,경기도 김포시 통진로 225,샘플식당 1690,한식
1691,일반음식점,SAMPLE-01691,2019-10-08,폐업,2026-01-18,경기도 김포시 운양동 310-28,경기도 김포시 태장로 83,샘플식당 1691,호프/통닭
1692,일반음식점,SAMPLE-01692,2019-10-08,폐업,2020-04-03,경기도 김포시 장기동 796-21,경기도 김포시 태장로 87,샘플식당 1692,일식
1693,일반음식점,SAMPLE-01693,2019-10-08,폐업,2024-10-06,경기도 김포시 풍무동 1814-6,경기도 김포시 통진로 260,샘플식당 1693,커피숍
1694,일반음식점,SAMPLE-01694,2019-10-08,폐업,2023-08-10,경기도 김포시 마산동 448-29,경기도 김포시 통진로 50,샘플식당 1694,정종/대포집/소주방
1695,일반음식점,SAMPLE-01695,2019-10-09,폐업,2023-01-05,경기도 김포시 북변동 1684-13,경기도 김포시 봉화로 14,샘플식당 1695,중국식
1696,일반음식점,SAMPLE-01696,2019-10-12,폐업,2022-09-05,경기도 김포시 사우동 1823-8,경기도 김포시 통진로 156,샘플식당 1696,한식
1697,일반음식점,SAMPLE-01697,2019-10-13,폐업,2022-10-29,경기도 김포시 운양동 213-22,경기도 김포시 김포한강9로 275,샘플식당 1697,정종/대포집/소주방
1698,일반음식점,SAMPLE-01698,2019-10-14,폐업,2021-04-30,경기도 김포시 북변동 846-9,경기도 김포시 고촌로 19,샘플식당 1698,까페
1699,일반음식점,SAMPLE-01699,2019-10-16,폐업,2023-01-18,경기도 김포시 걸포동 452-18,경기도 김포시 김포한강4로 82,샘플식당 1699,커피숍
1700,일반음식점,SAMPLE-01700,2019-10-17,폐업,2022-10-30,경기도 김포시 감정동 858-15,경기도 김포시 양촌로 74,샘플식당 1700,정종/대포집/소주방
1701,일반음식점,SAMPLE-01701,2019-10-18,영업/정상,,경기도 김포시 풍무동 1160-13,경기도 김포시 봉화로 185,샘플식당 1701,한식
1702,일반음식점,SAMPLE-01702,2019-10-19,영업/정상,,경기도 김포시 걸포동 1838-10,경기도 김포시 승가로 25,샘플식당 1702,분식
1703,일반음식점,SAMPLE-01703,2019-10-21,폐업,2025-09-21,경기도 김포시 장기동 213-1,경기도 김포시 태장로 281,샘플식당 1703,커피숍
1704,일반음식점,SAMPLE-01704,2019-10-24,영업/정상,,경기도 김포시 사우동 250-11,경기도 김포시 태장로 144,샘플식당 1704,분식
1705,일반음식점,SAMPLE-01705,2019-10-27,폐업,2021-12-03,경기도 김포시 양촌읍 429-17,경기도 김포시 통진로 26,샘플식당 1705,제과점영업
1706,일반음식점,SAMPLE-01706,2019-10-29,폐업,2021-09-12,경기도 김포시 감정동 638-23,경기도 김포시 김포한강9로 177,샘플식당 1706,한식
1707,일반음식점,SAMPLE-01707,2019-10-30,영업/정상,,경기도 김포시 고촌읍 1586-29,경기도 김포시 태장로 22,샘플식당 1707,한식
1708,일반음식점,SAMPLE-01708,2019-11-01,영업/정상,,경기도 김포시 장기동 1604-17,경기도 김포시 통진로 141,샘플식당 1708,까페
1709,일반음식점,SAMPLE-01709,2019-11-01,폐업,2021-04-15,경기도 김포시 걸포동 1580-6,경기도 김포시 김포대로 69,샘플식당 1709,한식
1710,일반음식점,SAMPLE-01710,2019-11-03,폐업,2024-03-15,경기도 김포시 고촌읍 1842-22,경기도 김포시 통진로 120,샘플식당 1710,경양식
1711,일반음식점,SAMPLE-01711,2019-11-03,폐업,2022-03-17,경기도 김포시 걸포동 814-20,경기도 김포시 태장로 189,샘플식당 1711,정종/대포집/소주방
1712,일반음식점,SAMPLE-01712,2019-11-05,영업/정상,,경기도 김포시 걸포동 1488-8,경기도 김포시 통진로 130,샘플식당 1712,한식
1713,일반음식점,SAMPLE-01713,2019-11-06,폐업,2023-05-11,경기도 김포시 마산동 346-12,경기도 김포시 김포한강4로 255,샘플식당 1713,기타
1714,일반음식점,SAMPLE-01714,2019-11-08,폐업,2024-03-19,경기도 김포시 풍무동 1750-13,경기도 김포시 승가로 140,샘플식당 1714,한식
1715,일반음식점,SAMPLE-01715,2019-11-09,폐업,2020-06-12,경기도 김포시 장기동 1032-5,경기도 김포시 봉화로 251,샘플식당 1715,정종/대포집/소주방
1716,일반음식점,SAMPLE-01716,2019-11-12,영업/정상,,경기도 김포시 풍무동 350-10,경기도 김포시 김포한강9로 133,샘플식당 1716,일식
1717,일반음식점,SAMPLE-01717,2019-11-17,폐업,2021-07-25,경기도 김포시 고촌읍 999-27,경기도 김포시 승가로 110,샘플식당 1717,한식
1718,일반음식점,SAMPLE-01718,2019-11-18,폐업,2020-08-05,경기도 김포시 걸포동 1506-30,경기도 김포시 김포한강4로 15,샘플식당 1718,커피숍
1719,일반음식점,SAMPLE-01719,2019-11-18,폐업,2026-07-23,경기도 김포시 장기동 1778-22,경기도 김포시 승가로 64,샘플식당 1719,제과점영업
1720,일반음식점,SAMPLE-01720,2019-11-18,폐업,2021-08-27,경기도 김포시 구래동 835-7,경기도 김포시 김포한강4로 16,샘플식당 1720,호프/통닭
1721,일반음식점,SAMPLE-01721,2019-11-19,영업/정상,,경기도 김포시 구래동 690-27,경기도 김포시 태장로 207,샘플식당 1721,분식
1722,일반음식점,SAMPLE-01722,2019-11-20,영업/정상,,경기도 김포시 구래동 1390-25,경기도 김포시 봉화로 225,샘플식당 1722,한식
1723,일반음식점,SAMPLE-01723,2019-11-21,폐업,2026-09-26,경기도 김포시 장기동 1746-17,경기도 김포시 고촌로 39,샘플식당 1723,한식
1724,일반음식점,SAMPLE-01724,2019-11-21,폐업,2024-02-12,경기도 김포시 풍무동 1911-4,경기도 김포시 태장로 136,샘플식당 1724,한식
1725,일반음식점,SAMPLE-01725,2019-11-21,폐업,2024-07-16,경기도 김포시 풍무동 984-3,경기도 김포시 김포한강9로 131,샘플식당 1725,까페
1726,일반음식점,SAMPLE-01726,2019-11-22,폐업,2022-03-14,경기도 김포시 장기동 102-6,경기도 김포시 김포한강4로 100,샘플식당 1726,일식
1727,일반음식점,SAMPLE-01727,2019-11-23,폐업,2022-02-02,경기도 김포시 걸포동 1825-29,경기도 김포시 통진로 167,샘플식당 1727,기타
1728,일반음식점,SAMPLE-01728,2019-11-26,영업/정상,,경기도 김포시 풍무동 246-23,경기도 김포시 승가로 44,샘플식당 1728,한식
1729,일반음식점,SAMPLE-01729,2019-11-26,폐업,2022-09-09,경기도 김포시 사우동 486-6,경기도 김포시 승가로 163,샘플식당 1729,커피숍
1730,일반음식점,SAMPLE-01730,2019-11-27,폐업,2022-05-13,경기도 김포시 고촌읍 931-7,경기도 김포시 김포한강4로 123,샘플식당 1730,정종/대포집/소주방
1731,일반음식점,SAMPLE-01731,2019-11-28,폐업,2024-09-30,경기도 김포시 풍무동 1481-22,경기도 김포시 통진로 263,샘플식당 1731,한식
1732,일반음식점,SAMPLE-01732,2019-11-29,영업/정상,,경기도 김포시 고촌읍 720-2,경기도 김포시 양촌로 72,샘플식당 1732,커피숍
1733,일반음식점,SAMPLE-01733,2019-11-29,영업/정상,,경기도 김포시 걸포동 659-17,경기도 김포시 양촌로 183,샘플식당 1733,한식
1734,일반음식점,SAMPLE-01734,2019-11-30,폐업,2025-06-20,경기도 김포시 양촌읍 16-2,경기도 김포시 고촌로 174,샘플식당 1734,일식
1735,일반음식점,SAMPLE-01735,2019-12-03,폐업,2024-03-13,경기도 김포시 마산동 659-12,경기도 김포시 김포한강4로 245,샘플식당 1735,한식
1736,일반음식점,SAMPLE-01736,2019-12-09,폐업,2021-10-16,경기도 김포시 장기동 1103-30,경기도 김포시 고촌로 256,샘플식당 1736,기타
1737,일반음식점,SAMPLE-01737,2019-12-14,영업/정상,,경기도 김포시 풍무동 538-15,경기도 김포시 양촌로 198,샘플식당 1737,정종/대포집/소주방
1738,일반음식점,SAMPLE-01738,2019-12-15,영업/정상,,경기도 김포시 걸포동 1205-26,경기도 김포시 김포대로 17,샘플식당 1738,경양식
1739,일반음식점,SAMPLE-01739,2019-12-16,폐업,2024-10-18,경기도 김포시 대곶면 1347-21,경기도 김포시 김포대로 153,샘플식당 1739,일식
1740,일반음식점,SAMPLE-01740,2019-12-17,폐업,2022-02-13,경기도 김포시 풍무동 713-13,경기도 김포시 양촌로 286,샘플식당 1740,호프/통닭
1741,일반음식점,SAMPLE-01741,2019-12-18,영업/정상,,경기도 김포시 장기동 1682-5,경기도 김포시 김포대로 14,샘플식당 1741,한식
1742,일반음식점,SAMPLE-01742,2019-12-19,영업/정상,,경기도 김포시 구래동 672-10,경기도 김포시 김포한강4로 277,샘플식당 1742,한식
1743,일반음식점,SAMPLE-01743,2019-12-21,영업/정상,,경기도 김포시 구래동 1614-8,경기도 김포시 김포한강4로 82,샘플식당 1743,분식
1744,일반음식점,SAMPLE-01744,2019-12-23,폐업,2025-07-05,경기도 김포시 북변동 531-1,경기도 김포시 김포한강4로 207,샘플식당 1744,커피숍
1745,일반음식점,SAMPLE-01745,2019-12-26,영업/정상,,경기도 김포시 장기동 881-29,경기도 김포시 봉화로 277,샘플식당 1745,경양식
1746,일반음식점,SAMPLE-01746,2019-12-27,폐업,2024-01-26,경기도 김포시 구래동 264-28,경기도 김포시 김포한강4로 176,샘플식당 1746,경양식
1747,일반음식점,SAMPLE-01747,2019-12-28,폐업,2023-06-19,경기도 김포시 걸포동 833-4,경기도 김포시 김포한강4로 81,샘플식당 1747,일식
1748,일반음식점,SAMPLE-01748,2019-12-29,영업/정상,,경기도 김포시 북변동 1796-18,경기도 김포시 승가로 99,샘플식당 1748,커피숍
1749,일반음식점,SAMPLE-01749,2019-12-30,영업/정상,,경기도 김포시 구래동 834-3,경기도 김포시 고촌로 240,샘플식당 1749,기타
1750,일반음식점,SAMPLE-01750,2019-12-30,폐업,2025-01-01,경기도 김포시 운양동 70-5,경기도 김포시 고촌로 253,샘플식당 1750,호프/통닭
1751,일반음식점,SAMPLE-01751,2020-01-03,영업/정상,,경기도 김포시 대곶면 899-13,경기도 김포시 고촌로 29,샘플식당 1751,호프/통닭
1752,일반음식점,SAMPLE-01752,2020-01-07,폐업,2023-06-19,경기도 김포시 운양동 1832-30,경기도 김포시 김포한강4로 116,샘플식당 1752,까페
1753,일반음식점,SAMPLE-01753,2020-01-07,영업/정상,,경기도 김포시 마산동 31-15,경기도 김포시 김포한강9로 71,샘플식당 1753,김밥(도시락)
1754,일반음식점,SAMPLE-01754,2020-01-11,폐업,2021-09-08,경기도 김포시 고촌읍 150-5,경기도 김포시 김포한강9로 42,샘플식당 1754,한식
1755,일반음식점,SAMPLE-01755,2020-01-13,폐업,2026-06-17,경기도 김포시 운양동 607-11,경기도 김포시 김포한강4로 107,샘플식당 1755,까페
1756,일반음식점,SAMPLE-01756,2020-01-13,폐업,2021-08-28,경기도 김포시 사우동 1102-28,경기도 김포시 김포대로 101,샘플식당 1756,한식
1757,일반음식점,SAMPLE-01757,2020-01-15,폐업,2022-03-04,경기도 김포시 마산동 1303-3,경기도 김포시 김포한강4로 224,샘플식당 1757,제과점영업
1758,일반음식점,SAMPLE-01758,2020-01-16,폐업,2024-08-18,경기도 김포시 사우동 1337-5,경기도 김포시 김포대로 260,샘플식당 1758,김밥(도시락)
1759,일반음식점,SAMPLE-01759,2020-01-17,폐업,2024-01-14,경기도 김포시 통진읍 1543-8,경기도 김포시 김포한강4로 116,샘플식당 1759,호프/통닭
1760,일반음식점,SAMPLE-01760,2020-01-19,폐업,2022-02-05,경기도 김포시 풍무동 1124-13,경기도 김포시 김포한강4로 279,샘플식당 1760,제과점영업
1761,일반음식점,SAMPLE-01761,2020-01-20,폐업,2020-11-26,경기도 김포시 구래동 1081-18,경기도 김포시 고촌로 244,샘플식당 1761,기타
1762,일반음식점,SAMPLE-01762,2020-01-21,폐업,2022-03-11,경기도 김포시 마산동 476-22,경기도 김포시 양촌로 229,샘플식당 1762,한식
1763,일반음식점,SAMPLE-01763,2020-01-21,폐업,2025-05-03,경기도 김포시 운양동 995-5,경기도 김포시 김포한강9로 214,샘플식당 1763,한식
1764,일반음식점,SAMPLE-01764,2020-01-23,폐업,2026-04-18,경기도 김포시 북변동 672-4,경기도 김포시 김포대로 52,샘플식당 1764,호프/통닭
1765,일반음식점,SAMPLE-01765,2020-01-24,영업/정상,,경기도 김포시 대곶면 1932-27,경기도 김포시 김포대로 78,샘플식당 1765,한식
1766,일반음식점,SAMPLE-01766,2020-01-25,폐업,2025-06-23,경기도 김포시 구래동 1168-7,경기도 김포시 통진로 121,샘플식당 1766,한식
1767,일반음식점,SAMPLE-01767,2020-01-25,영업/정상,,경기도 김포시 풍무동 1433-22,경기도 김포시 김포한강9로 175,샘플식당 1767,일식
1768,일반음식점,SAMPLE-01768,2020-01-31,폐업,2022-09-28,경기도 김포시 장기동 1842-6,경기도 김포시 김포한강4로 290,샘플식당 1768,호프/통닭
1769,일반음식점,SAMPLE-01769,2020-01-31,영업/정상,,경기도 김포시 운양동 1480-2,경기도 김포시 고촌로 261,샘플식당 1769,한식
1770,일반음식점,SAMPLE-01770,2020-02-02,폐업,2022-07-20,경기도 김포시 장기동 845-27,경기도 김포시 태장로 128,샘플식당 1770,기타
1771,일반음식점,SAMPLE-01771,2020-02-02,영업/정상,,경기도 김포시 장기동 965-12,경기도 김포시 양촌로 251,샘플식당 1771,경양식
1772,일반음식점,SAMPLE-01772,2020-02-05,영업/정상,,경기도 김포시 구래동 608-3,경기도 김포시 김포한강4로 77,샘플식당 1772,한식
1773,일반음식점,SAMPLE-01773,2020-02-05,폐업,2021-09-13,경기도 김포시 장기동 1612-10,경기도 김포시 양촌로 14,샘플식당 1773,까페
1774,일반음식점,SAMPLE-01774,2020-02-05,폐업,2023-02-11,경기도 김포시 운양동 698-10,경기도 김포시 통진로 94,샘플식당 1774,한식
1775,일반음식점,SAMPLE-01775,2020-02-06,영업/정상,,경기도 김포시 고촌읍 1560-30,경기도 김포시 태장로 272,샘플식당 1775,한식
1776,일반음식점,SAMPLE-01776,2020-02-07,영업/정상,,경기도 김포시 북변동 341-10,경기도 김포시 김포한강9로 73,샘플식당 1776,정종/대포집/소주방
1777,일반음식점,SAMPLE-01777,2020-02-11,영업/정상,,경기도 김포시 풍무동 1500-2,경기도 김포시 고촌로 176,샘플식당 1777,제과점영업
1778,일반음식점,SAMPLE-01778,2020-02-14,폐업,2026-07-28,경기도 김포시 마산동 1449-4,경기도 김포시 김포한강9로 82,샘플식당 1778,정종/대포집/소주방
1779,일반음식점,SAMPLE-01779,2020-02-15,영업/정상,,경기도 김포시 마산동 544-21,경기도 김포시 양촌로 272,샘플식당 1779,한식
1780,일반음식점,SAMPLE-01780,2020-02-16,폐업,2021-08-09,경기도 김포시 고촌읍 1018-22,경기도 김포시 태장로 191,샘플식당 1780,커피숍
1781,일반음식점,SAMPLE-01781,2020-02-16,영업/정상,,경기도 김포시 운양동 661-26,경기도 김포시 김포한강4로 55,샘플식당 1781,일식
1782,일반음식점,SAMPLE-01782,2020-02-18,폐업,2023-10-17,경기도 김포시 구래동 1105-7,경기도 김포시 통진로 279,샘플식당 1782,호프/통닭
1783,일반음식점,SAMPLE-01783,2020-02-20,영업/정상,,경기도 김포시 구래동 824-7,경기도 김포시 고촌로 131,샘플식당 1783,호프/통닭
1784,일반음식점,SAMPLE-01784,2020-02-21,영업/정상,,경기도 김포시 운양동 1809-30,경기도 김포시 승가로 178,샘플식당 1784,분식
1785,일반음식점,SAMPLE-01785,2020-02-21,영업/정상,,경기도 김포시 운양동 1374-15,경기도 김포시 김포한강4로 9,샘플식당 1785,한식
1786,일반음식점,SAMPLE-01786,2020-02-22,폐업,2022-03-16,경기도 김포시 하성면 1646-16,경기도 김포시 김포한강4로 291,샘플식당 1786,한식
1787,일반음식점,SAMPLE-01787,2020-02-23,폐업,2023-08-01,경기도 김포시 양촌읍 830-18,경기도 김포시 김포한강4로 2,샘플식당 1787,까페
1788,일반음식점,SAMPLE-01788,2020-02-24,영업/정상,,경기도 김포시 대곶면 1663-1,경기도 김포시 고촌로 248,샘플식당 1788,한식
1789,일반음식점,SAMPLE-01789,2020-02-24,영업/정상,,경기도 김포시 사우동 1616-29,경기도 김포시 김포한강9로 170,샘플식당 1789,호프/통닭
1790,일반음식점,SAMPLE-01790,2020-02-26,영업/정상,,경기도 김포시 양촌읍 524-21,경기도 김포시 태장로 65,샘플식당 1790,한식
1791,일반음식점,SAMPLE-01791,2020-02-26,폐업,2025-01-28,경기도 김포시 마산동 1557-21,경기도 김포시 태장로 51,샘플식당 1791,중국식
1792,일반음식점,SAMPLE-01792,2020-02-27,폐업,2021-10-29,경기도 김포시 풍무동 708-29,경기도 김포시 태장로 125,샘플식당 1792,중국식
1793,일반음식점,SAMPLE-01793,2020-02-27,폐업,2024-10-07,경기도 김포시 운양동 453-7,경기도 김포시 고촌로 27,샘플식당 1793,커피숍
1794,일반음식점,SAMPLE-01794,2020-02-28,영업/정상,,경기도 김포시 월곶면 120-15,경기도 김포시 태장로 269,샘플식당 1794,호프/통닭
1795,일반음식점,SAMPLE-01795,2020-02-29,폐업,2021-11-20,경기도 김포시 운양동 787-8,경기도 김포시 통진로 201,샘플식당 1795,분식
1796,일반음식점,SAMPLE-01796,2020-02-29,폐업,2024-08-29,경기도 김포시 운양동 308-27,경기도 김포시 통진로 28,샘플식당 1796,호프/통닭
1797,일반음식점,SAMPLE-01797,2020-03-01,영업/정상,,경기도 김포시 구래동 577-2,경기도 김포시 김포대로 223,샘플식당 1797,한식
1798,일반음식점,SAMPLE-01798,2020-03-02,폐업,2025-09-26,경기도 김포시 감정동 1320-30,경기도 김포시 통진로 41,샘플식당 1798,분식
1799,일반음식점,SAMPLE-01799,2020-03-03,폐업,2024-10-09,경기도 김포시 구래동 701-9,경기도 김포시 김포한강9로 84,샘플식당 1799,분식
1800,일반음식점,SAMPLE-01800,2020-03-07,폐업,2021-10-30,경기도 김포시 구래동 629-23,경기도 김포시 통진로 250,샘플식당 1800,기타
1801,일반음식점,SAMPLE-01801,2020-03-08,폐업,2020-08-22,경기도 김포시 구래동 1054-8,경기도 김포시 태장로 164,샘플식당 1801,까페
1802,일반음식점,SAMPLE-01802,2020-03-09,영업/정상,,경기도 김포시 운양동 1642-25,경기도 김포시 태장로 204,샘플식당 1802,중국식
1803,일반음식점,SAMPLE-01803,2020-03-10,폐업,2022-07-10,경기도 김포시 구래동 873-4,경기도 김포시 김포대로 217,샘플식당 1803,까페
1804,일반음식점,SAMPLE-01804,2020-03-11,폐업,2025-09-28,경기도 김포시 풍무동 904-16,경기도 김포시 고촌로 245,샘플식당 1804,분식
1805,일반음식점,SAMPLE-01805,2020-03-14,폐업,2022-11-12,경기도 김포시 장기동 1347-27,경기도 김포시 고촌로 154,샘플식당 1805,호프/통닭
1806,일반음식점,SAMPLE-01806,2020-03-16,영업/정상,,경기도 김포시 풍무동 890-13,경기도 김포시 고촌로 181,샘플식당 1806,정종/대포집/소주방
1807,일반음식점,SAMPLE-01807,2020-03-16,영업/정상,,경기도 김포시 월곶면 663-19,경기도 김포시 통진로 145,샘플식당 1807,일식
1808,일반음식점,SAMPLE-01808,2020-03-18,폐업,2020-10-11,경기도 김포시 마산동 1483-1,경기도 김포시 양촌로 138,샘플식당 1808,한식
1809,일반음식점,SAMPLE-01809,2020-03-19,영업/정상,,경기도 김포시 사우동 550-9,경기도 김포시 김포한강4로 270,샘플식당 1809,한식
1810,일반음식점,SAMPLE-01810,2020-03-25,폐업,2024-02-05,경기도 김포시 운양동 1088-29,경기도 김포시 통진로 1,샘플식당 1810,한식
1811,일반음식점,SAMPLE-01811,2020-03-26,영업/정상,,경기도 김포시 고촌읍 1208-23,경기도 김포시 양촌로 151,샘플식당 1811,한식
1812,일반음식점,SAMPLE-01812,2020-03-30,영업/정상,,경기도 김포시 장기동 967-8,경기도 김포시 태장로 223,샘플식당 1812,일식
1813,일반음식점,SAMPLE-01813,2020-03-31,영업/정상,,경기도 김포시 양촌읍 194-9,경기도 김포시 김포대로 174,샘플식당 1813,한식
1814,일반음식점,SAMPLE-01814,2020-04-07,영업/정상,,경기도 김포시 구래동 357-28,경기도 김포시 봉화로 91,샘플식당 1814,한식
1815,일반음식점,SAMPLE-01815,2020-04-07,영업/정상,,경기도 김포시 구래동 1957-3,경기도 김포시 양촌로 111,샘플식당 1815,한식
1816,일반음식점,SAMPLE-01816,2020-04-08,폐업,2022-09-21,경기도 김포시 구래동 35-28,경기도 김포시 고촌로 253,샘플식당 1816,정종/대포집/소주방
1817,일반음식점,SAMPLE-01817,2020-04-09,영업/정상,,경기도 김포시 감정동 1473-12,경기도 김포시 승가로 66,샘플식당 1817,한식
1818,일반음식점,SAMPLE-01818,2020-04-10,폐업,2022-03-12,경기도 김포시 장기동 1954-10,경기도 김포시 봉화로 270,샘플식당 1818,분식
1819,일반음식점,SAMPLE-01819,2020-04-10,폐업,2025-02-09,경기도 김포시 양촌읍 1867-7,경기도 김포시 봉화로 145,샘플식당 1819,한식
1820,일반음식점,SAMPLE-01820,2020-04-11,영업/정상,,경기도 김포시 구래동 398-20,경기도 김포시 고촌로 22,샘플식당 1820,호프/통닭
1821,일반음식점,SAMPLE-01821,2020-04-13,폐업,2026-05-11,경기도 김포시 사우동 1814-22,경기도 김포시 양촌로 128,샘플식당 1821,기타
1822,일반음식점,SAMPLE-01822,2020-04-14,폐업,2021-01-13,경기도 김포시 마산동 697-27,경기도 김포시 통진로 261,샘플식당 1822,커피숍
1823,일반음식점,SAMPLE-01823,2020-04-16,영업/정상,,경기도 김포시 감정동 506-20,경기도 김포시 양촌로 170,샘플식당 1823,분식
1824,일반음식점,SAMPLE-01824,2020-04-16,영업/정상,,경기도 김포시 대곶면 1748-19,경기도 김포시 김포한강4로 300,샘플식당 1824,한식
1825,일반음식점,SAMPLE-01825,2020-04-17,영업/정상,,경기도 김포시 구래동 1233-24,경기도 김포시 태장로 268,샘플식당 1825,까페
1826,일반음식점,SAMPLE-01826,2020-04-20,영업/정상,,경기도 김포시 북변동 1559-30,경기도 김포시 고촌로 253,샘플식당 1826,한식
1827,일반음식점,SAMPLE-01827,2020-04-20,폐업,2021-07-11,경기도 김포시 장기동 597-24,경기도 김포시 승가로 261,샘플식당 1827,정종/대포집/소주방
1828,일반음식점,SAMPLE-01828,2020-04-24,폐업,2024-02-15,경기도 김포시 감정동 1988-19,경기도 김포시 고촌로 181,샘플식당 1828,정종/대포집/소주방
1829,일반음식점,SAMPLE-01829,2020-04-25,폐업,2023-12-28,경기도 김포시 운양동 1938-29,경기도 김포시 고촌로 181,샘플식당 1829,분식
1830,일반음식점,SAMPLE-01830,2020-05-02,영업/정상,,경기도 김포시 운양동 965-6,경기도 김포시 김포한강4로 129,샘플식당 1830,한식
1831,일반음식점,SAMPLE-01831,2020-05-02,영업/정상,,경기도 김포시 장기동 899-19,경기도 김포시 봉화로 127,샘플식당 1831,한식
1832,일반음식점,SAMPLE-01832,2020-05-05,폐업,2023-04-22,경기도 김포시 통진읍 322-5,경기도 김포시 태장로 46,샘플식당 1832,경양식
1833,일반음식점,SAMPLE-01833,2020-05-06,영업/정상,,경기도 김포시 장기동 1610-15,경기도 김포시 김포한강9로 126,샘플식당 1833,제과점영업
1834,일반음식점,SAMPLE-01834,2020-05-07,폐업,2025-11-30,경기도 김포시 통진읍 606-7,경기도 김포시 김포한강4로 69,샘플식당 1834,한식
1835,일반음식점,SAMPLE-01835,2020-05-07,영업/정상,,경기도 김포시 고촌읍 1929-14,경기도 김포시 승가로 125,샘플식당 1835,한식
1836,일반음식점,SAMPLE-01836,2020-05-11,폐업,2024-12-14,경기도 김포시 사우동 1662-15,경기도 김포시 봉화로 44,샘플식당 1836,분식
1837,일반음식점,SAMPLE-01837,2020-05-12,폐업,2021-11-23,경기도 김포시 마산동 1663-17,경기도 김포시 봉화로 87,샘플식당 1837,중국식
1838,일반음식점,SAMPLE-01838,2020-05-15,폐업,2024-06-08,경기도 김포시 장기동 1665-2,경기도 김포시 통진로 239,샘플식당 1838,한식
1839,일반음식점,SAMPLE-01839,2020-05-18,영업/정상,,경기도 김포시 사우동 1635-15,경기도 김포시 김포한강9로 7,샘플식당 1839,한식
1840,일반음식점,SAMPLE-01840,2020-05-22,폐업,2024-01-03,경기도 김포시 구래동 1057-21,경기도 김포시 봉화로 8,샘플식당 1840,한식
1841,일반음식점,SAMPLE-01841,2020-05-23,폐업,2022-06-05,경기도 김포시 하성면 1978-26,경기도 김포시 통진로 40,샘플식당 1841,분식
1842,일반음식점,SAMPLE-01842,2020-05-27,영업/정상,,경기도 김포시 마산동 1157-26,경기도 김포시 고촌로 72,샘플식당 1842,호프/통닭
1843,일반음식점,SAMPLE-01843,2020-05-28,폐업,2021-03-24,경기도 김포시 장기동 13-19,경기도 김포시 봉화로 213,샘플식당 1843,까페
1844,일반음식점,SAMPLE-01844,2020-05-30,폐업,2023-11-16,경기도 김포시 북변동 1239-25,경기도 김포시 김포한강4로 208,샘플식당 1844,호프/통닭
1845,일반음식점,SAMPLE-01845,2020-06-02,영업/정상,,경기도 김포시 마산동 1240-13,경기도 김포시 승가로 146,샘플식당 1845,한식
1846,일반음식점,SAMPLE-01846,2020-06-02,영업/정상,,경기도 김포시 장기동 674-4,경기도 김포시 김포한강4로 8,샘플식당 1846,한식
1847,일반음식점,SAMPLE-01847,2020-06-02,폐업,2022-08-16,경기도 김포시 운양동 1986-20,경기도 김포시 양촌로 8,샘플식당 1847,한식
1848,일반음식점,SAMPLE-01848,2020-06-03,폐업,2025-10-15,경기도 김포시 구래동 1793-28,경기도 김포시 봉화로 167,샘플식당 1848,김밥(도시락)
1849,일반음식점,SAMPLE-01849,2020-06-03,영업/정상,,경기도 김포시 풍무동 1050-14,경기도 김포시 김포한강9로 159,샘플식당 1849,커피숍
1850,일반음식점,SAMPLE-01850,2020-06-08,영업/정상,,경기도 김포시 장기동 1775-21,경기도 김포시 김포대로 242,샘플식당 1850,중국식
1851,일반음식점,SAMPLE-01851,2020-06-09,폐업,2022-01-12,경기도 김포시 감정동 454-20,경기도 김포시 승가로 173,샘플식당 1851,한식
1852,일반음식점,SAMPLE-01852,2020-06-09,영업/정상,,경기도 김포시 풍무동 743-16,경기도 김포시 승가로 217,샘플식당 1852,호프/통닭
1853,일반음식점,SAMPLE-01853,2020-06-10,폐업,2021-08-20,경기도 김포시 마산동 263-21,경기도 김포시 김포한강9로 192,샘플식당 1853,까페
1854,일반음식점,SAMPLE-01854,2020-06-11,영업/정상,,경기도 김포시 운양동 1722-24,경기도 김포시 승가로 258,샘플식당 1854,한식
1855,일반음식점,SAMPLE-01855,2020-06-14,폐업,2021-10-05,경기도 김포시 운양동 328-14,경기도 김포시 양촌로 299,샘플식당 1855,커피숍
1856,일반음식점,SAMPLE-01856,2020-06-15,영업/정상,,경기도 김포시 사우동 1715-21,경기도 김포시 김포한강4로 55,샘플식당 1856,호프/통닭
1857,일반음식점,SAMPLE-01857,2020-06-15,영업/정상,,경기도 김포시 장기동 407-23,경기도 김포시 김포한강9로 39,샘플식당 1857,커피숍
1858,일반음식점,SAMPLE-01858,2020-06-16,폐업,2025-09-17,경기도 김포시 양촌읍 1626-15,경기도 김포시 김포한강9로 135,샘플식당 1858,중국식
1859,일반음식점,SAMPLE-01859,2020-06-17,영업/정상,,경기도 김포시 장기동 858-29,경기도 김포시 김포한강9로 155,샘플식당 1859,한식
1860,일반음식점,SAMPLE-01860,2020-06-17,폐업,2025-06-26,경기도 김포시 운양동 1602-20,경기도 김포시 김포한강9로 94,샘플식당 1860,정종/대포집/소주방
1861,일반음식점,SAMPLE-01861,2020-06-22,폐업,2021-08-08,경기도 김포시 장기동 1134-2,경기도 김포시 김포한강9로 281,샘플식당 1861,호프/통닭
1862,일반음식점,SAMPLE-01862,2020-06-23,폐업,2023-07-17,경기도 김포시 풍무동 1131-7,경기도 김포시 통진로 123,샘플식당 1862,김밥(도시락)
1863,일반음식점,SAMPLE-01863,2020-06-23,영업/정상,,경기도 김포시 장기동 1209-12,경기도 김포시 김포한강9로 277,샘플식당 1863,호프/통닭
1864,일반음식점,SAMPLE-01864,2020-06-26,영업/정상,,경기도 김포시 장기동 1911-22,경기도 김포시 양촌로 9,샘플식당 1864,한식
1865,일반음식점,SAMPLE-01865,2020-06-26,폐업,2023-12-04,경기도 김포시 마산동 1248-4,경기도 김포시 태장로 84,샘플식당 1865,한식
1866,일반음식점,SAMPLE-01866,2020-06-27,폐업,2024-06-28,경기도 김포시 운양동 451-22,경기도 김포시 고촌로 277,샘플식당 1866,커피숍
1867,일반음식점,SAMPLE-01867,2020-06-28,폐업,2023-02-24,경기도 김포시 사우동 1343-28,경기도 김포시 태장로 274,샘플식당 1867,한식
1868,일반음식점,SAMPLE-01868,2020-06-29,폐업,2022-07-27,경기도 김포시 구래동 464-22,경기도 김포시 봉화로 157,샘플식당 1868,일식
1869,일반음식점,SAMPLE-01869,2020-06-30,폐업,2025-01-20,경기도 김포시 북변동 1100-23,경기도 김포시 승가로 109,샘플식당 1869,한식
1870,일반음식점,SAMPLE-01870,2020-07-03,영업/정상,,경기도 김포시 고촌읍 1741-15,경기도 김포시 김포대로 87,샘플식당 1870,한식
1871,일반음식점,SAMPLE-01871,2020-07-07,폐업,2021-08-01,경기도 김포시 걸포동 609-15,경기도 김포시 승가로 182,샘플식당 1871,정종/대포집/소주방
1872,일반음식점,SAMPLE-01872,2020-07-09,폐업,2022-10-13,경기도 김포시 운양동 1112-1,경기도 김포시 김포한강4로 67,샘플식당 1872,호프/통닭
1873,일반음식점,SAMPLE-01873,2020-07-10,폐업,2025-10-16,경기도 김포시 운양동 1063-20,경기도 김포시 양촌로 113,샘플식당 1873,한식
1874,일반음식점,SAMPLE-01874,2020-07-10,영업/정상,,경기도 김포시 구래동 712-4,경기도 김포시 고촌로 269,샘플식당 1874,경양식
1875,일반음식점,SAMPLE-01875,2020-07-12,영업/정상,,경기도 김포시 양촌읍 1310-16,경기도 김포시 승가로 37,샘플식당 1875,까페
1876,일반음식점,SAMPLE-01876,2020-07-14,폐업,2023-05-27,경기도 김포시 장기동 695-7,경기도 김포시 승가로 127,샘플식당 1876,한식
1877,일반음식점,SAMPLE-01877,2020-07-16,폐업,2023-09-12,경기도 김포시 풍무동 76-12,경기도 김포시 봉화로 146,샘플식당 1877,한식
1878,일반음식점,SAMPLE-01878,2020-07-16,폐업,2023-09-03,경기도 김포시 고촌읍 442-22,경기도 김포시 봉화로 61,샘플식당 1878,호프/통닭
1879,일반음식점,SAMPLE-01879,2020-07-16,폐업,2022-02-13,경기도 김포시 고촌읍 1982-1,경기도 김포시 고촌로 284,샘플식당 1879,한식
1880,일반음식점,SAMPLE-01880,2020-07-18,폐업,2023-02-16,경기도 김포시 장기동 1904-24,경기도 김포시 양촌로 96,샘플식당 1880,까페
1881,일반음식점,SAMPLE-01881,2020-07-19,영업/정상,,경기도 김포시 마산동 1425-27,경기도 김포시 봉화로 230,샘플식당 1881,호프/통닭
1882,일반음식점,SAMPLE-01882,2020-07-23,폐업,2023-12-12,경기도 김포시 양촌읍 485-9,경기도 김포시 봉화로 74,샘플식당 1882,분식
1883,일반음식점,SAMPLE-01883,2020-07-23,폐업,2021-12-11,경기도 김포시 걸포동 620-10,경기도 김포시 태장로 148,샘플식당 1883,일식
1884,일반음식점,SAMPLE-01884,2020-07-23,폐업,2023-12-10,경기도 김포시 북변동 1225-1,경기도 김포시 고촌로 270,샘플식당 1884,분식
1885,일반음식점,SAMPLE-01885,2020-07-24,폐업,2022-07-05,경기도 김포시 장기동 188-21,경기도 김포시 김포대로 296,샘플식당 1885,한식
1886,일반음식점,SAMPLE-01886,2020-07-25,폐업,2025-10-22,경기도 김포시 풍무동 444-9,경기도 김포시 태장로 205,샘플식당 1886,기타
1887,일반음식점,SAMPLE-01887,2020-07-25,폐업,2021-11-18,경기도 김포시 구래동 1472-22,경기도 김포시 봉화로 135,샘플식당 1887,호프/통닭
1888,일반음식점,SAMPLE-01888,2020-07-26,영업/정상,,경기도 김포시 북변동 1276-17,경기도 김포시 승가로 216,샘플식당 1888,한식
1889,일반음식점,SAMPLE-01889,2020-07-29,영업/정상,,경기도 김포시 마산동 905-21,경기도 김포시 통진로 284,샘플식당 1889,한식
1890,일반음식점,SAMPLE-01890,2020-07-29,폐업,2021-12-02,경기도 김포시 북변동 601-8,경기도 김포시 양촌로 79,샘플식당 1890,일식
1891,일반음식점,SAMPLE-01891,2020-07-31,폐업,2023-06-09,경기도 김포시 사우동 870-22,경기도 김포시 고촌로 162,샘플식당 1891,호프/통닭
1892,일반음식점,SAMPLE-01892,2020-08-03,폐업,2022-11-19,경기도 김포시 풍무동 1106-27,경기도 김포시 김포한강9로 265,샘플식당 1892,한식
1893,일반음식점,SAMPLE-01893,2020-08-06,폐업,2022-09-19,경기도 김포시 구래동 389-20,경기도 김포시 김포한강9로 233,샘플식당 1893,한식
1894,일반음식점,SAMPLE-01894,2020-08-07,영업/정상,,경기도 김포시 장기동 1996-15,경기도 김포시 승가로 287,샘플식당 1894,정종/대포집/소주방
1895,일반음식점,SAMPLE-01895,2020-08-08,폐업,2025-04-20,경기도 김포시 양촌읍 1173-15,경기도 김포시 김포한강4로 282,샘플식당 1895,호프/통닭
1896,일반음식점,SAMPLE-01896,2020-08-09,폐업,2025-06-02,경기도 김포시 장기동 393-21,경기도 김포시 통진로 108,샘플식당 1896,한식
1897,일반음식점,SAMPLE-01897,2020-08-10,영업/정상,,경기도 김포시 고촌읍 408-15,경기도 김포시 통진로 214,샘플식당 1897,분식
1898,일반음식점,SAMPLE-01898,2020-08-10,폐업,2026-09-14,경기도 김포시 감정동 398-22,경기도 김포시 고촌로 231,샘플식당 1898,호프/통닭
1899,일반음식점,SAMPLE-01899,2020-08-11,영업/정상,,경기도 김포시 통진읍 1817-16,경기도 김포시 김포대로 140,샘플식당 1899,분식
1900,일반음식점,SAMPLE-01900,2020-08-12,폐업,2025-05-22,경기도 김포시 사우동 504-2,경기도 김포시 통진로 182,샘플식당 1900,호프/통닭
1901,일반음식점,SAMPLE-01901,2020-08-13,폐업,2023-07-11,경기도 김포시 양촌읍 225-28,경기도 김포시 양촌로 90,샘플식당 1901,정종/대포집/소주방
1902,일반음식점,SAMPLE-01902,2020-08-13,폐업,2023-04-17,경기도 김포시 하성면 1653-4,경기도 김포시 김포대로 13,샘플식당 1902,정종/대포집/소주방
1903,일반음식점,SAMPLE-01903,2020-08-14,폐업,2022-09-12,경기도 김포시 월곶면 1611-28,경기도 김포시 통진로 41,샘플식당 1903,호프/통닭
1904,일반음식점,SAMPLE-01904,2020-08-14,영업/정상,,경기도 김포시 운양동 1814-14,경기도 김포시 봉화로 29,샘플식당 1904,제과점영업
1905,일반음식점,SAMPLE-01905,2020-08-14,영업/정상,,경기도 김포시 구래동 1297-12,경기도 김포시 고촌로 43,샘플식당 1905,제과점영업
1906,일반음식점,SAMPLE-01906,2020-08-15,폐업,2021-07-03,경기도 김포시 대곶면 303-25,경기도 김포시 김포한강4로 166,샘플식당 1906,기타
1907,일반음식점,SAMPLE-01907,2020-08-15,영업/정상,,경기도 김포시 풍무동 1389-7,경기도 김포시 양촌로 132,샘플식당 1907,분식
1908,일반음식점,SAMPLE-01908,2020-08-15,영업/정상,,경기도 김포시 감정동 817-14,경기도 김포시 김포한강4로 140,샘플식당 1908,한식
1909,일반음식점,SAMPLE-01909,2020-08-16,폐업,2023-06-27,경기도 김포시 통진읍 1232-14,경기도 김포시 김포한강9로 225,샘플식당 1909,호프/통닭
1910,일반음식점,SAMPLE-01910,2020-08-18,폐업,2022-05-22,경기도 김포시 걸포동 131-17,경기도 김포시 김포한강9로 121,샘플식당 1910,일식
1911,일반음식점,SAMPLE-01911,2020-08-20,폐업,2022-05-09,경기도 김포시 월곶면 572-4,경기도 김포시 태장로 195,샘플식당 1911,커피숍
1912,일반음식점,SAMPLE-01912,2020-08-20,폐업,2022-12-27,경기도 김포시 고촌읍 1483-20,경기도 김포시 고촌로 147,샘플식당 1912,정종/대포집/소주방
1913,일반음식점,SAMPLE-01913,2020-08-21,폐업,2026-09-04,경기도 김포시 풍무동 1030-3,경기도 김포시 김포한강9로 82,샘플식당 1913,한식
1914,일반음식점,SAMPLE-01914,2020-08-22,영업/정상,,경기도 김포시 구래동 1238-18,경기도 김포시 김포한강9로 296,샘플식당 1914,한식
1915,일반음식점,SAMPLE-01915,2020-08-24,폐업,2021-07-16,경기도 김포시 장기동 1904-17,경기도 김포시 태장로 218,샘플식당 1915,정종/대포집/소주방
1916,일반음식점,SAMPLE-01916,2020-08-24,영업/정상,,경기도 김포시 양촌읍 643-27,경기도 김포시 양촌로 138,샘플식당 1916,한식
1917,일반음식점,SAMPLE-01917,2020-08-25,영업/정상,,경기도 김포시 운양동 1176-28,경기도 김포시 김포대로 30,샘플식당 1917,한식
1918,일반음식점,SAMPLE-01918,2020-08-26,폐업,2025-05-12,경기도 김포시 양촌읍 1121-24,경기도 김포시 김포한강9로 53,샘플식당 1918,중국식
1919,일반음식점,SAMPLE-01919,2020-08-28,폐업,2023-06-12,경기도 김포시 풍무동 1849-1,경기도 김포시 양촌로 183,샘플식당 1919,정종/대포집/소주방
1920,일반음식점,SAMPLE-01920,2020-08-29,폐업,2025-04-20,경기도 김포시 구래동 1431-30,경기도 김포시 승가로 164,샘플식당 1920,까페
1921,일반음식점,SAMPLE-01921,2020-08-30,영업/정상,,경기도 김포시 고촌읍 475-7,경기도 김포시 봉화로 142,샘플식당 1921,호프/통닭
1922,일반음식점,SAMPLE-01922,2020-08-31,폐업,2023-12-16,경기도 김포시 장기동 578-13,경기도 김포시 통진로 13,샘플식당 1922,한식
1923,일반음식점,SAMPLE-01923,2020-09-01,영업/정상,,경기도 김포시 고촌읍 1057-22,경기도 김포시 김포대로 289,샘플식당 1923,호프/통닭
1924,일반음식점,SAMPLE-01924,2020-09-02,폐업,2022-08-13,경기도 김포시 걸포동 893-16,경기도 김포시 태장로 89,샘플식당 1924,커피숍
1925,일반음식점,SAMPLE-01925,2020-09-02,영업/정상,,경기도 김포시 구래동 604-3,경기도 김포시 김포한강9로 265,샘플식당 1925,분식
1926,일반음식점,SAMPLE-01926,2020-09-03,폐업,2022-11-30,경기도 김포시 양촌읍 1356-25,경기도 김포시 양촌로 170,샘플식당 1926,김밥(도시락)
1927,일반음식점,SAMPLE-01927,2020-09-03,폐업,2024-05-14,경기도 김포시 고촌읍 64-10,경기도 김포시 통진로 10,샘플식당 1927,중국식
1928,일반음식점,SAMPLE-01928,2020-09-04,폐업,2021-10-30,경기도 김포시 양촌읍 867-23,경기도 김포시 김포대로 31,샘플식당 1928,제과점영업
1929,일반음식점,SAMPLE-01929,2020-09-04,폐업,2022-12-02,경기도 김포시 풍무동 774-21,경기도 김포시 김포한강4로 173,샘플식당 1929,호프/통닭
1930,일반음식점,SAMPLE-01930,2020-09-06,폐업,2025-03-14,경기도 김포시 마산동 692-1,경기도 김포시 김포한강9로 122,샘플식당 1930,한식
1931,일반음식점,SAMPLE-01931,2020-09-06,폐업,2022-01-06,경기도 김포시 구래동 986-20,경기도 김포시 태장로 63,샘플식당 1931,경양식
1932,일반음식점,SAMPLE-01932,2020-09-07,영업/정상,,경기도 김포시 풍무동 1355-15,경기도 김포시 승가로 53,샘플식당 1932,호프/통닭
1933,일반음식점,SAMPLE-01933,2020-09-07,영업/정상,,경기도 김포시 양촌읍 1211-17,경기도 김포시 태장로 194,샘플식당 1933,한식
1934,일반음식점,SAMPLE-01934,2020-09-08,폐업,2023-09-18,경기도 김포시 대곶면 332-25,경기도 김포시 고촌로 92,샘플식당 1934,분식
1935,일반음식점,SAMPLE-01935,2020-09-08,폐업,2024-12-23,경기도 김포시 운양동 1644-14,경기도 김포시 봉화로 192,샘플식당 1935,정종/대포집/소주방
1936,일반음식점,SAMPLE-01936,2020-09-10,폐업,2025-05-27,경기도 김포시 구래동 1953-12,경기도 김포시 양촌로 165,샘플식당 1936,정종/대포집/소주방
1937,일반음식점,SAMPLE-01937,2020-09-11,영업/정상,,경기도 김포시 고촌읍 884-9,경기도 김포시 태장로 19,샘플식당 1937,한식
1938,일반음식점,SAMPLE-01938,2020-09-11,폐업,2022-09-26,경기도 김포시 구래동 847-5,경기도 김포시 승가로 229,샘플식당 1938,커피숍
1939,일반음식점,SAMPLE-01939,2020-09-13,폐업,2022-04-10,경기도 김포시 고촌읍 1636-16,경기도 김포시 승가로 260,샘플식당 1939,한식
1940,일반음식점,SAMPLE-01940,2020-09-13,폐업,2024-06-08,경기도 김포시 감정동 1218-23,경기도 김포시 김포한강9로 1,샘플식당 1940,한식
1941,일반음식점,SAMPLE-01941,2020-09-14,폐업,2022-12-22,경기도 김포시 구래동 587-23,경기도 김포시 태장로 178,샘플식당 1941,정종/대포집/소주방
1942,일반음식점,SAMPLE-01942,2020-09-16,영업/정상,,경기도 김포시 양촌읍 885-18,경기도 김포시 양촌로 176,샘플식당 1942,커피숍
1943,일반음식점,SAMPLE-01943,2020-09-19,폐업,2024-01-19,경기도 김포시 통진읍 239-26,경기도 김포시 김포대로 151,샘플식당 1943,일식
1944,일반음식점,SAMPLE-01944,2020-09-20,영업/정상,,경기도 김포시 풍무동 1470-18,경기도 김포시 고촌로 213,샘플식당 1944,한식
1945,일반음식점,SAMPLE-01945,2020-09-21,폐업,2022-06-23,경기도 김포시 사우동 537-23,경기도 김포시 고촌로 98,샘플식당 1945,분식
1946,일반음식점,SAMPLE-01946,2020-09-22,영업/정상,,경기도 김포시 구래동 1559-24,경기도 김포시 봉화로 114,샘플식당 1946,커피숍
1947,일반음식점,SAMPLE-01947,2020-09-22,폐업,2022-07-24,경기도 김포시 장기동 357-7,경기도 김포시 김포한강4로 111,샘플식당 1947,김밥(도시락)
1948,일반음식점,SAMPLE-01948,2020-09-23,영업/정상,,경기도 김포시 마산동 233-22,경기도 김포시 김포한강4로 41,샘플식당 1948,한식
1949,일반음식점,SAMPLE-01949,2020-09-23,폐업,2023-06-25,경기도 김포시 사우동 1985-10,경기도 김포시 승가로 133,샘플식당 1949,한식
1950,일반음식점,SAMPLE-01950,2020-09-25,폐업,2022-02-28,경기도 김포시 운양동 441-1,경기도 김포시 김포대로 270,샘플식당 1950,커피숍
1951,일반음식점,SAMPLE-01951,2020-09-25,영업/정상,,경기도 김포시 장기동 299-18,경기도 김포시 고촌로 37,샘플식당 1951,분식
1952,일반음식점,SAMPLE-01952,2020-10-02,영업/정상,,경기도 김포시 걸포동 1183-29,경기도 김포시 통진로 138,샘플식당 1952,정종/대포집/소주방
1953,일반음식점,SAMPLE-01953,2020-10-04,폐업,2024-08-29,경기도 김포시 구래동 1046-9,경기도 김포시 봉화로 199,샘플식당 1953,한식
1954,일반음식점,SAMPLE-01954,2020-10-05,폐업,2025-02-01,경기도 김포시 구래동 1115-1,경기도 김포시 고촌로 17,샘플식당 1954,기타
1955,일반음식점,SAMPLE-01955,2020-10-05,영업/정상,,경기도 김포시 운양동 514-15,경기도 김포시 양촌로 118,샘플식당 1955,한식
1956,일반음식점,SAMPLE-01956,2020-10-09,영업/정상,,경기도 김포시 대곶면 672-20,경기도 김포시 태장로 15,샘플식당 1956,한식
1957,일반음식점,SAMPLE-01957,2020-10-09,영업/정상,,경기도 김포시 북변동 316-25,경기도 김포시 양촌로 137,샘플식당 1957,제과점영업
1958,일반음식점,SAMPLE-01958,2020-10-11,폐업,2023-04-16,경기도 김포시 걸포동 127-3,경기도 김포시 승가로 55,샘플식당 1958,한식
1959,일반음식점,SAMPLE-01959,2020-10-13,폐업,2025-12-21,경기도 김포시 장기동 595-7,경기도 김포시 승가로 22,샘플식당 1959,호프/통닭
1960,일반음식점,SAMPLE-01960,2020-10-19,영업/정상,,경기도 김포시 운양동 107-17,경기도 김포시 통진로 112,샘플식당 1960,한식
1961,일반음식점,SAMPLE-01961,2020-10-20,폐업,2021-12-29,경기도 김포시 고촌읍 1041-30,경기도 김포시 양촌로 79,샘플식당 1961,경양식
1962,일반음식점,SAMPLE-01962,2020-10-21,폐업,2023-08-25,경기도 김포시 풍무동 614-1,경기도 김포시 통진로 143,샘플식당 1962,한식
1963,일반음식점,SAMPLE-01963,2020-10-21,영업/정상,,경기도 김포시 구래동 1177-5,경기도 김포시 통진로 258,샘플식당 1963,호프/통닭
1964,일반음식점,SAMPLE-01964,2020-10-22,폐업,2021-12-01,경기도 김포시 장기동 629-7,경기도 김포시 양촌로 164,샘플식당 1964,분식
1965,일반음식점,SAMPLE-01965,2020-10-23,영업/정상,,경기도 김포시 감정동 69-8,경기도 김포시 양촌로 110,샘플식당 1965,한식
1966,일반음식점,SAMPLE-01966,2020-10-23,영업/정상,,경기도 김포시 걸포동 1323-17,경기도 김포시 승가로 279,샘플식당 1966,제과점영업
1967,일반음식점,SAMPLE-01967,2020-10-24,영업/정상,,경기도 김포시 구래동 1916-11,경기도 김포시 승가로 294,샘플식당 1967,경양식
1968,일반음식점,SAMPLE-01968,2020-10-25,폐업,2021-08-25,경기도 김포시 고촌읍 1215-24,경기도 김포시 승가로 160,샘플식당 1968,일식
1969,일반음식점,SAMPLE-01969,2020-10-26,폐업,2022-03-20,경기도 김포시 통진읍 1129-28,경기도 김포시 통진로 188,샘플식당 1969,한식
1970,일반음식점,SAMPLE-01970,2020-10-26,폐업,2026-02-24,경기도 김포시 고촌읍 172-18,경기도 김포시 승가로 173,샘플식당 1970,한식
1971,일반음식점,SAMPLE-01971,2020-10-26,영업/정상,,경기도 김포시 구래동 1799-7,경기도 김포시 통진로 190,샘플식당 1971,기타
1972,일반음식점,SAMPLE-01972,2020-10-27,폐업,2021-09-25,경기도 김포시 운양동 22-22,경기도 김포시 김포대로 238,샘플식당 1972,한식
1973,일반음식점,SAMPLE-01973,2020-10-29,영업/정상,,경기도 김포시 걸포동 1492-18,경기도 김포시 태장로 126,샘플식당 1973,정종/대포집/소주방
1974,일반음식점,SAMPLE-01974,2020-10-30,폐업,2026-09-01,경기도 김포시 걸포동 1822-24,경기도 김포시 고촌로 26,샘플식당 1974,한식
1975,일반음식점,SAMPLE-01975,2020-11-02,영업/정상,,경기도 김포시 장기동 337-5,경기도 김포시 김포한강4로 159,샘플식당 1975,한식
1976,일반음식점,SAMPLE-01976,2020-11-03,폐업,2025-11-04,경기도 김포시 구래동 1475-2,경기도 김포시 통진로 172,샘플식당 1976,한식
1977,일반음식점,SAMPLE-01977,2020-11-06,폐업,2023-04-28,경기도 김포시 양촌읍 20-7,경기도 김포시 태장로 265,샘플식당 1977,한식
1978,일반음식점,SAMPLE-01978,2020-11-07,폐업,2021-07-17,경기도 김포시 풍무동 1460-18,경기도 김포시 통진로 259,샘플식당 1978,커피숍
1979,일반음식점,SAMPLE-01979,2020-11-07,폐업,2023-12-09,경기도 김포시 마산동 1958-19,경기도 김포시 통진로 255,샘플식당 1979,일식
1980,일반음식점,SAMPLE-01980,2020-11-07,폐업,2024-02-03,경기도 김포시 고촌읍 1818-1,경기도 김포시 양촌로 38,샘플식당 1980,정종/대포집/소주방
1981,일반음식점,SAMPLE-01981,2020-11-07,폐업,2022-11-17,경기도 김포시 북변동 1350-16,경기도 김포시 양촌로 38,샘플식당 1981,일식
1982,일반음식점,SAMPLE-01982,2020-11-08,영업/정상,,경기도 김포시 마산동 577-3,경기도 김포시 김포대로 183,샘플식당 1982,한식
1983,일반음식점,SAMPLE-01983,2020-11-09,폐업,2026-08-25,경기도 김포시 운양동 597-13,경기도 김포시 김포한강4로 126,샘플식당 1983,분식
1984,일반음식점,SAMPLE-01984,2020-11-09,영업/정상,,경기도 김포시 걸포동 924-22,경기도 김포시 통진로 229,샘플식당 1984,한식
1985,일반음식점,SAMPLE-01985,2020-11-09,영업/정상,,경기도 김포시 운양동 574-21,경기도 김포시 태장로 196,샘플식당 1985,한식
1986,일반음식점,SAMPLE-01986,2020-11-10,폐업,2024-08-12,경기도 김포시 하성면 109-16,경기도 김포시 통진로 68,샘플식당 1986,일식
1987,일반음식점,SAMPLE-01987,2020-11-11,영업/정상,,경기도 김포시 사우동 710-14,경기도 김포시 김포대로 103,샘플식당 1987,한식
1988,일반음식점,SAMPLE-01988,2020-11-12,폐업,2024-06-13,경기도 김포시 구래동 1104-2,경기도 김포시 봉화로 73,샘플식당 1988,한식
1989,일반음식점,SAMPLE-01989,2020-11-12,영업/정상,,경기도 김포시 대곶면 1804-2,경기도 김포시 통진로 36,샘플식당 1989,한식
1990,일반음식점,SAMPLE-01990,2020-11-13,폐업,2023-01-13,경기도 김포시 풍무동 681-7,경기도 김포시 봉화로 297,샘플식당 1990,한식
1991,일반음식점,SAMPLE-01991,2020-11-14,폐업,2024-09-17,경기도 김포시 운양동 296-23,경기도 김포시 승가로 175,샘플식당 1991,한식
1992,일반음식점,SAMPLE-01992,2020-11-17,영업/정상,,경기도 김포시 하성면 1635-7,경기도 김포시 고촌로 14,샘플식당 1992,한식
1993,일반음식점,SAMPLE-01993,2020-11-19,폐업,2023-09-14,경기도 김포시 구래동 562-27,경기도 김포시 김포한강9로 26,샘플식당 1993,한식
1994,일반음식점,SAMPLE-01994,2020-11-20,영업/정상,,경기도 김포시 양촌읍 704-22,경기도 김포시 승가로 101,샘플식당 1994,중국식
1995,일반음식점,SAMPLE-01995,2020-11-21,영업/정상,,경기도 김포시 마산동 1966-10,경기도 김포시 김포한강9로 204,샘플식당 1995,한식
1996,일반음식점,SAMPLE-01996,2020-11-25,폐업,2026-05-07,경기도 김포시 사우동 520-9,경기도 김포시 고촌로 273,샘플식당 1996,한식
1997,일반음식점,SAMPLE-01997,2020-11-26,영업/정상,,경기도 김포시 운양동 786-1,경기도 김포시 봉화로 140,샘플식당 1997,김밥(도시락)
1998,일반음식점,SAMPLE-01998,2020-11-28,폐업,2026-04-22,경기도 김포시 양촌읍 599-15,경기도 김포시 김포대로 222,샘플식당 1998,분식
1999,일반음식점,SAMPLE-01999,2020-12-02,영업/정상,,경기도 김포시 양촌읍 1269-2,경기도 김포시 김포한강9로 244,샘플식당 1999,일식
2000,일반음식점,SAMPLE-02000,2020-12-03,영업/정상,,경기도 김포시 운양동 1785-7,경기도 김포시 봉화로 258,샘플식당 2000,기타
2001,일반음식점,SAMPLE-02001,2020-12-03,폐업,2024-09-01,경기도 김포시 장기동 1724-11,경기도 김포시 김포한강4로 236,샘플식당 2001,까페
2002,일반음식점,SAMPLE-02002,2020-12-05,폐업,2026-02-21,경기도 김포시 운양동 1323-11,경기도 김포시 고촌로 114,샘플식당 2002,일식
2003,일반음식점,SAMPLE-02003,2020-12-06,영업/정상,,경기도 김포시 운양동 993-18,경기도 김포시 봉화로 193,샘플식당 2003,분식
2004,일반음식점,SAMPLE-02004,2020-12-08,폐업,2022-06-23,경기도 김포시 감정동 1347-20,경기도 김포시 봉화로 209,샘플식당 2004,커피숍
2005,일반음식점,SAMPLE-02005,2020-12-11,영업/정상,,경기도 김포시 북변동 251-6,경기도 김포시 고촌로 155,샘플식당 2005,호프/통닭
2006,일반음식점,SAMPLE-02006,2020-12-11,영업/정상,,경기도 김포시 운양동 619-27,경기도 김포시 양촌로 206,샘플식당 2006,한식
2007,일반음식점,SAMPLE-02007,2020-12-11,폐업,2023-11-23,경기도 김포시 월곶면 671-8,경기도 김포시 통진로 95,샘플식당 2007,정종/대포집/소주방
2008,일반음식점,SAMPLE-02008,2020-12-12,영업/정상,,경기도 김포시 구래동 1480-24,경기도 김포시 승가로 99,샘플식당 2008,한식
2009,일반음식점,SAMPLE-02009,2020-12-12,폐업,2023-03-23,경기도 김포시 사우동 630-10,경기도 김포시 김포한강9로 91,샘플식당 2009,까페
2010,일반음식점,SAMPLE-02010,2020-12-15,폐업,2023-05-19,경기도 김포시 장기동 1702-28,경기도 김포시 김포한강4로 158,샘플식당 2010,정종/대포집/소주방
2011,일반음식점,SAMPLE-02011,2020-12-16,폐업,2022-04-13,경기도 김포시 사우동 1612-30,경기도 김포시 양촌로 12,샘플식당 2011,한식
2012,일반음식점,SAMPLE-02012,2020-12-16,폐업,2024-02-06,경기도 김포시 통진읍 1401-17,경기도 김포시 승가로 34,샘플식당 2012,김밥(도시락)
2013,일반음식점,SAMPLE-02013,2020-12-17,폐업,2023-09-23,경기도 김포시 걸포동 1438-9,경기도 김포시 태장로 93,샘플식당 2013,한식
2014,일반음식점,SAMPLE-02014,2020-12-18,폐업,2022-06-28,경기도 김포시 풍무동 1838-22,경기도 김포시 김포한강9로 280,샘플식당 2014,호프/통닭
2015,일반음식점,SAMPLE-02015,2020-12-21,폐업,2024-01-04,경기도 김포시 풍무동 1873-6,경기도 김포시 양촌로 101,샘플식당 2015,커피숍
2016,일반음식점,SAMPLE-02016,2020-12-21,폐업,2025-01-05,경기도 김포시 풍무동 1594-29,경기도 김포시 고촌로 141,샘플식당 2016,기타
2017,일반음식점,SAMPLE-02017,2020-12-23,폐업,2026-09-05,경기도 김포시 감정동 1138-20,경기도 김포시 고촌로 166,샘플식당 2017,호프/통닭
2018,일반음식점,SAMPLE-02018,2020-12-26,폐업,2022-12-01,경기도 김포시 구래동 1417-14,경기도 김포시 봉화로 92,샘플식당 2018,한식
2019,일반음식점,SAMPLE-02019,2020-12-27,영업/정상,,경기도 김포시 고촌읍 1175-18,경기도 김포시 김포한강9로 71,샘플식당 2019,한식
2020,일반음식점,SAMPLE-02020,2020-12-29,폐업,2022-02-15,경기도 김포시 장기동 219-18,경기도 김포시 통진로 237,샘플식당 2020,커피숍
2021,일반음식점,SAMPLE-02021,2021-01-01,영업/정상,,경기도 김포시 북변동 1384-4,경기도 김포시 양촌로 270,샘플식당 2021,한식
2022,일반음식점,SAMPLE-02022,2021-01-03,영업/정상,,경기도 김포시 사우동 359-12,경기도 김포시 고촌로 3,샘플식당 2022,한식
2023,일반음식점,SAMPLE-02023,2021-01-04,폐업,2024-10-31,경기도 김포시 걸포동 1587-28,경기도 김포시 김포한강4로 149,샘플식당 2023,한식
2024,일반음식점,SAMPLE-02024,2021-01-05,영업/정상,,경기도 김포시 감정동 1337-26,경기도 김포시 양촌로 99,샘플식당 2024,까페
2025,일반음식점,SAMPLE-02025,2021-01-06,폐업,2024-10-07,경기도 김포시 풍무동 1259-24,경기도 김포시 통진로 241,샘플식당 2025,한식
2026,일반음식점,SAMPLE-02026,2021-01-06,영업/정상,,경기도 김포시 장기동 256-29,경기도 김포시 양촌로 96,샘플식당 2026,한식
2027,일반음식점,SAMPLE-02027,2021-01-07,폐업,2022-04-22,경기도 김포시 운양동 294-10,경기도 김포시 김포한강9로 165,샘플식당 2027,호프/통닭
2028,일반음식점,SAMPLE-02028,2021-01-15,영업/정상,,경기도 김포시 양촌읍 302-25,경기도 김포시 양촌로 231,샘플식당 2028,중국식
2029,일반음식점,SAMPLE-02029,2021-01-18,폐업,2023-05-16,경기도 김포시 풍무동 575-3,경기도 김포시 김포한강4로 260,샘플식당 2029,제과점영업
2030,일반음식점,SAMPLE-02030,2021-01-19,영업/정상,,경기도 김포시 고촌읍 1720-11,경기도 김포시 봉화로 13,샘플식당 2030,김밥(도시락)
2031,일반음식점,SAMPLE-02031,2021-01-20,영업/정상,,경기도 김포시 걸포동 621-4,경기도 김포시 봉화로 164,샘플식당 2031,한식
2032,일반음식점,SAMPLE-02032,2021-01-20,폐업,2023-02-12,경기도 김포시 감정동 361-22,경기도 김포시 양촌로 250,샘플식당 2032,한식
2033,일반음식점,SAMPLE-02033,2021-01-20,폐업,2026-04-09,경기도 김포시 마산동 1612-4,경기도 김포시 양촌로 97,샘플식당 2033,제과점영업
2034,일반음식점,SAMPLE-02034,2021-01-24,영업/정상,,경기도 김포시 마산동 1762-1,경기도 김포시 봉화로 199,샘플식당 2034,한식
2035,일반음식점,SAMPLE-02035,2021-01-24,영업/정상,,경기도 김포시 사우동 769-10,경기도 김포시 고촌로 201,샘플식당 2035,한식
2036,일반음식점,SAMPLE-02036,2021-01-25,영업/정상,,경기도 김포시 운양동 548-25,경기도 김포시 양촌로 216,샘플식당 2036,한식
2037,일반음식점,SAMPLE-02037,2021-01-25,영업/정상,,경기도 김포시 감정동 1361-6,경기도 김포시 김포대로 279,샘플식당 2037,한식
2038,일반음식점,SAMPLE-02038,2021-01-28,영업/정상,,경기도 김포시 풍무동 1919-12,경기도 김포시 태장로 117,샘플식당 2038,한식
2039,일반음식점,SAMPLE-02039,2021-01-29,폐업,2022-12-16,경기도 김포시 감정동 1199-19,경기도 김포시 태장로 28,샘플식당 2039,한식
2040,일반음식점,SAMPLE-02040,2021-01-29,폐업,2023-01-07,경기도 김포시 양촌읍 545-30,경기도 김포시 김포한강4로 178,샘플식당 2040,한식
2041,일반음식점,SAMPLE-02041,2021-01-30,영업/정상,,경기도 김포시 운양동 6-24,경기도 김포시 고촌로 136,샘플식당 2041,중국식
2042,일반음식점,SAMPLE-02042,2021-01-30,폐업,2021-10-13,경기도 김포시 풍무동 1459-18,경기도 김포시 승가로 12,샘플식당 2042,커피숍
2043,일반음식점,SAMPLE-02043,2021-01-31,폐업,2024-07-23,경기도 김포시 풍무동 1176-12,경기도 김포시 고촌로 87,샘플식당 2043,한식
2044,일반음식점,SAMPLE-02044,2021-02-06,폐업,2025-09-16,경기도 김포시 양촌읍 97-6,경기도 김포시 고촌로 248,샘플식당 2044,정종/대포집/소주방
2045,일반음식점,SAMPLE-02045,2021-02-06,폐업,2026-07-09,경기도 김포시 풍무동 1527-24,경기도 김포시 김포대로 188,샘플식당 2045,한식
2046,일반음식점,SAMPLE-02046,2021-02-07,폐업,2023-07-18,경기도 김포시 고촌읍 476-7,경기도 김포시 고촌로 249,샘플식당 2046,정종/대포집/소주방
2047,일반음식점,SAMPLE-02047,2021-02-10,영업/정상,,경기도 김포시 북변동 388-14,경기도 김포시 양촌로 167,샘플식당 2047,한식
2048,일반음식점,SAMPLE-02048,2021-02-12,영업/정상,,경기도 김포시 걸포동 1983-24,경기도 김포시 봉화로 67,샘플식당 2048,한식
2049,일반음식점,SAMPLE-02049,2021-02-16,폐업,2023-03-19,경기도 김포시 감정동 981-22,경기도 김포시 김포한강9로 43,샘플식당 2049,정종/대포집/소주방
2050,일반음식점,SAMPLE-02050,2021-02-16,영업/정상,,경기도 김포시 사우동 343-25,경기도 김포시 통진로 247,샘플식당 2050,호프/통닭
2051,일반음식점,SAMPLE-02051,2021-02-19,영업/정상,,경기도 김포시 고촌읍 1689-17,경기도 김포시 김포한강4로 95,샘플식당 2051,커피숍
2052,일반음식점,SAMPLE-02052,2021-02-22,폐업,2023-03-28,경기도 김포시 구래동 1305-10,경기도 김포시 김포한강4로 38,샘플식당 2052,까페
2053,일반음식점,SAMPLE-02053,2021-02-23,영업/정상,,경기도 김포시 양촌읍 1248-4,경기도 김포시 고촌로 54,샘플식당 2053,한식
2054,일반음식점,SAMPLE-02054,2021-02-24,영업/정상,,경기도 김포시 사우동 207-27,경기도 김포시 김포대로 295,샘플식당 2054,한식
2055,일반음식점,SAMPLE-02055,2021-02-28,영업/정상,,경기도 김포시 사우동 1698-16,경기도 김포시 봉화로 76,샘플식당 2055,한식
2056,일반음식점,SAMPLE-02056,2021-03-02,폐업,2023-04-01,경기도 김포시 양촌읍 91-7,경기도 김포시 태장로 112,샘플식당 2056,중국식
2057,일반음식점,SAMPLE-02057,2021-03-03,폐업,2024-06-20,경기도 김포시 장기동 101-27,경기도 김포시 김포한강9로 35,샘플식당 2057,김밥(도시락)
2058,일반음식점,SAMPLE-02058,2021-03-06,폐업,2023-11-18,경기도 김포시 풍무동 736-9,경기도 김포시 김포대로 157,샘플식당 2058,커피숍
2059,일반음식점,SAMPLE-02059,2021-03-07,폐업,2024-09-15,경기도 김포시 마산동 1319-21,경기도 김포시 태장로 264,샘플식당 2059,일식
2060,일반음식점,SAMPLE-02060,2021-03-07,영업/정상,,경기도 김포시 마산동 1658-7,경기도 김포시 통진로 259,샘플식당 2060,김밥(도시락)
2061,일반음식점,SAMPLE-02061,2021-03-07,영업/정상,,경기도 김포시 마산동 1958-19,경기도 김포시 태장로 157,샘플식당 2061,한식
2062,일반음식점,SAMPLE-02062,2021-03-07,폐업,2026-09-13,경기도 김포시 운양동 524-3,경기도 김포시 김포한강9로 234,샘플식당 2062,일식
2063,일반음식점,SAMPLE-02063,2021-03-08,폐업,2023-05-11,경기도 김포시 풍무동 1655-4,경기도 김포시 통진로 17,샘플식당 2063,한식
2064,일반음식점,SAMPLE-02064,2021-03-13,폐업,2025-05-18,경기도 김포시 걸포동 1934-19,경기도 김포시 고촌로 252,샘플식당 2064,한식
2065,일반음식점,SAMPLE-02065,2021-03-14,폐업,2023-02-04,경기도 김포시 걸포동 1595-13,경기도 김포시 통진로 16,샘플식당 2065,호프/통닭
2066,일반음식점,SAMPLE-02066,2021-03-17,폐업,2022-09-05,경기도 김포시 양촌읍 86-10,경기도 김포시 통진로 129,샘플식당 2066,한식
2067,일반음식점,SAMPLE-02067,2021-03-19,영업/정상,,경기도 김포시 사우동 1191-30,경기도 김포시 승가로 164,샘플식당 2067,중국식
2068,일반음식점,SAMPLE-02068,2021-03-27,폐업,2023-09-02,경기도 김포시 구래동 1615-11,경기도 김포시 봉화로 7,샘플식당 2068,한식
2069,일반음식점,SAMPLE-02069,2021-03-29,폐업,2025-09-23,경기도 김포시 운양동 1093-14,경기도 김포시 태장로 168,샘플식당 2069,기타
2070,일반음식점,SAMPLE-02070,2021-03-29,폐업,2025-06-14,경기도 김포시 구래동 901-13,경기도 김포시 김포대로 89,샘플식당 2070,기타
2071,일반음식점,SAMPLE-02071,2021-04-01,영업/정상,,경기도 김포시 북변동 1203-14,경기도 김포시 통진로 284,샘플식당 2071,한식
2072,일반음식점,SAMPLE-02072,2021-04-02,폐업,2025-11-30,경기도 김포시 풍무동 151-5,경기도 김포시 고촌로 142,샘플식당 2072,호프/통닭
2073,일반음식점,SAMPLE-02073,2021-04-04,폐업,2026-01-12,경기도 김포시 하성면 1476-20,경기도 김포시 태장로 167,샘플식당 2073,기타
2074,일반음식점,SAMPLE-02074,2021-04-04,폐업,2021-10-26,경기도 김포시 마산동 106-7,경기도 김포시 고촌로 8,샘플식당 2074,커피숍
2075,일반음식점,SAMPLE-02075,2021-04-05,영업/정상,,경기도 김포시 마산동 994-28,경기도 김포시 김포한강9로 89,샘플식당 2075,정종/대포집/소주방
2076,일반음식점,SAMPLE-02076,2021-04-06,영업/정상,,경기도 김포시 감정동 446-30,경기도 김포시 봉화로 203,샘플식당 2076,한식
2077,일반음식점,SAMPLE-02077,2021-04-06,영업/정상,,경기도 김포시 하성면 1829-22,경기도 김포시 김포한강9로 269,샘플식당 2077,한식
2078,일반음식점,SAMPLE-02078,2021-04-07,폐업,2023-03-03,경기도 김포시 운양동 1615-11,경기도 김포시 태장로 100,샘플식당 2078,커피숍
2079,일반음식점,SAMPLE-02079,2021-04-08,폐업,2023-07-25,경기도 김포시 운양동 1827-28,경기도 김포시 양촌로 245,샘플식당 2079,한식
2080,일반음식점,SAMPLE-02080,2021-04-08,폐업,2023-09-19,경기도 김포시 풍무동 862-10,경기도 김포시 김포한강9로 215,샘플식당 2080,제과점영업
2081,일반음식점,SAMPLE-02081,2021-04-11,폐업,2023-04-21,경기도 김포시 구래동 1842-3,경기도 김포시 양촌로 87,샘플식당 2081,분식
2082,일반음식점,SAMPLE-02082,2021-04-13,영업/정상,,경기도 김포시 운양동 709-16,경기도 김포시 승가로 230,샘플식당 2082,기타
2083,일반음식점,SAMPLE-02083,2021-04-13,폐업,2023-06-17,경기도 김포시 장기동 57-15,경기도 김포시 김포한강4로 246,샘플식당 2083,커피숍
2084,일반음식점,SAMPLE-02084,2021-04-13,폐업,2023-09-20,경기도 김포시 감정동 604-27,경기도 김포시 태장로 148,샘플식당 2084,호프/통닭
2085,일반음식점,SAMPLE-02085,2021-04-14,폐업,2025-11-21,경기도 김포시 구래동 837-15,경기도 김포시 봉화로 139,샘플식당 2085,기타
2086,일반음식점,SAMPLE-02086,2021-04-15,폐업,2024-12-13,경기도 김포시 고촌읍 805-2,경기도 김포시 김포한강4로 270,샘플식당 2086,제과점영업
2087,일반음식점,SAMPLE-02087,2021-04-17,폐업,2021-10-16,경기도 김포시 풍무동 1806-4,경기도 김포시 봉화로 69,샘플식당 2087,김밥(도시락)
2088,일반음식점,SAMPLE-02088,2021-04-19,영업/정상,,경기도 김포시 걸포동 566-16,경기도 김포시 통진로 60,샘플식당 2088,커피숍
2089,일반음식점,SAMPLE-02089,2021-04-20,영업/정상,,경기도 김포시 감정동 761-26,경기도 김포시 태장로 227,샘플식당 2089,호프/통닭
2090,일반음식점,SAMPLE-02090,2021-04-21,영업/정상,,경기도 김포시 고촌읍 1405-26,경기도 김포시 김포한강4로 213,샘플식당 2090,한식
2091,일반음식점,SAMPLE-02091,2021-04-22,영업/정상,,경기도 김포시 운양동 456-25,경기도 김포시 김포한강9로 160,샘플식당 2091,한식
2092,일반음식점,SAMPLE-02092,2021-04-22,폐업,2025-11-22,경기도 김포시 고촌읍 807-20,경기도 김포시 봉화로 167,샘플식당 2092,한식
2093,일반음식점,SAMPLE-02093,2021-04-24,폐업,2023-10-14,경기도 김포시 운양동 633-29,경기도 김포시 김포한강9로 171,샘플식당 2093,커피숍
2094,일반음식점,SAMPLE-02094,2021-04-28,폐업,2025-07-18,경기도 김포시 고촌읍 588-19,경기도 김포시 승가로 219,샘플식당 2094,한식
2095,일반음식점,SAMPLE-02095,2021-04-28,폐업,2024-05-17,경기도 김포시 구래동 1148-10,경기도 김포시 김포한강9로 254,샘플식당 2095,한식
2096,일반음식점,SAMPLE-02096,2021-05-01,영업/정상,,경기도 김포시 고촌읍 1745-3,경기도 김포시 김포한강9로 104,샘플식당 2096,한식
2097,일반음식점,SAMPLE-02097,2021-05-01,영업/정상,,경기도 김포시 고촌읍 1714-9,경기도 김포시 통진로 168,샘플식당 2097,정종/대포집/소주방
2098,일반음식점,SAMPLE-02098,2021-05-01,폐업,2024-04-08,경기도 김포시 통진읍 1164-10,경기도 김포시 김포한강4로 78,샘플식당 2098,기타
2099,일반음식점,SAMPLE-02099,2021-05-02,폐업,2026-09-08,경기도 김포시 운양동 155-3,경기도 김포시 김포한강9로 229,샘플식당 2099,정종/대포집/소주방
2100,일반음식점,SAMPLE-02100,2021-05-02,폐업,2023-05-26,경기도 김포시 장기동 887-23,경기도 김포시 김포한강4로 183,샘플식당 2100,기타
2101,일반음식점,SAMPLE-02101,2021-05-03,폐업,2023-11-01,경기도 김포시 통진읍 442-18,경기도 김포시 승가로 182,샘플식당 2101,정종/대포집/소주방
2102,일반음식점,SAMPLE-02102,2021-05-03,영업/정상,,경기도 김포시 고촌읍 1347-27,경기도 김포시 통진로 58,샘플식당 2102,까페
2103,일반음식점,SAMPLE-02103,2021-05-05,폐업,2022-07-23,경기도 김포시 운양동 276-2,경기도 김포시 김포한강4로 7,샘플식당 2103,분식
2104,일반음식점,SAMPLE-02104,2021-05-05,영업/정상,,경기도 김포시 통진읍 1471-25,경기도 김포시 김포한강4로 258,샘플식당 2104,커피숍
2105,일반음식점,SAMPLE-02105,2021-05-07,폐업,2024-07-08,경기도 김포시 감정동 1975-18,경기도 김포시 봉화로 54,샘플식당 2105,호프/통닭
2106,일반음식점,SAMPLE-02106,2021-05-07,폐업,2024-03-30,경기도 김포시 고촌읍 741-17,경기도 김포시 승가로 83,샘플식당 2106,커피숍
2107,일반음식점,SAMPLE-02107,2021-05-08,영업/정상,,경기도 김포시 풍무동 653-16,경기도 김포시 양촌로 264,샘플식당 2107,한식
2108,일반음식점,SAMPLE-02108,2021-05-11,폐업,2024-10-26,경기도 김포시 북변동 281-5,경기도 김포시 통진로 227,샘플식당 2108,정종/대포집/소주방
2109,일반음식점,SAMPLE-02109,2021-05-11,영업/정상,,경기도 김포시 구래동 281-25,경기도 김포시 고촌로 180,샘플식당 2109,커피숍
2110,일반음식점,SAMPLE-02110,2021-05-14,영업/정상,,경기도 김포시 걸포동 497-14,경기도 김포시 김포대로 85,샘플식당 2110,한식
2111,일반음식점,SAMPLE-02111,2021-05-15,영업/정상,,경기도 김포시 구래동 505-1,경기도 김포시 김포한강9로 135,샘플식당 2111,한식
2112,일반음식점,SAMPLE-02112,2021-05-15,영업/정상,,경기도 김포시 통진읍 486-17,경기도 김포시 김포한강9로 209,샘플식당 2112,한식
2113,일반음식점,SAMPLE-02113,2021-05-18,영업/정상,,경기도 김포시 통진읍 1227-23,경기도 김포시 김포한강9로 131,샘플식당 2113,까페
2114,일반음식점,SAMPLE-02114,2021-05-20,폐업,2023-08-22,경기도 김포시 사우동 15-23,경기도 김포시 김포한강4로 121,샘플식당 2114,한식
2115,일반음식점,SAMPLE-02115,2021-05-20,폐업,2024-01-03,경기도 김포시 운양동 866-21,경기도 김포시 김포한강4로 77,샘플식당 2115,중국식
2116,일반음식점,SAMPLE-02116,2021-05-20,영업/정상,,경기도 김포시 고촌읍 120-12,경기도 김포시 태장로 175,샘플식당 2116,한식
2117,일반음식점,SAMPLE-02117,2021-05-21,영업/정상,,경기도 김포시 걸포동 1673-11,경기도 김포시 김포대로 251,샘플식당 2117,제과점영업
2118,일반음식점,SAMPLE-02118,2021-05-21,폐업,2023-11-26,경기도 김포시 마산동 906-14,경기도 김포시 김포한강4로 28,샘플식당 2118,한식
2119,일반음식점,SAMPLE-02119,2021-05-22,영업/정상,,경기도 김포시 고촌읍 525-11,경기도 김포시 김포한강9로 7,샘플식당 2119,분식
2120,일반음식점,SAMPLE-02120,2021-05-23,폐업,2023-12-24,경기도 김포시 장기동 623-29,경기도 김포시 김포한강4로 132,샘플식당 2120,한식
2121,일반음식점,SAMPLE-02121,2021-05-25,폐업,2023-02-17,경기도 김포시 구래동 32-24,경기도 김포시 양촌로 128,샘플식당 2121,정종/대포집/소주방
2122,일반음식점,SAMPLE-02122,2021-05-26,영업/정상,,경기도 김포시 마산동 1231-11,경기도 김포시 김포한강9로 119,샘플식당 2122,한식
2123,일반음식점,SAMPLE-02123,2021-05-27,폐업,2023-02-28,경기도 김포시 장기동 1156-11,경기도 김포시 통진로 275,샘플식당 2123,한식
2124,일반음식점,SAMPLE-02124,2021-05-27,폐업,2023-12-29,경기도 김포시 풍무동 555-1,경기도 김포시 통진로 206,샘플식당 2124,한식
2125,일반음식점,SAMPLE-02125,2021-05-28,폐업,2025-03-18,경기도 김포시 구래동 1189-16,경기도 김포시 태장로 80,샘플식당 2125,한식
2126,일반음식점,SAMPLE-02126,2021-05-29,폐업,2024-06-29,경기도 김포시 풍무동 1818-29,경기도 김포시 봉화로 158,샘플식당 2126,커피숍
2127,일반음식점,SAMPLE-02127,2021-06-01,영업/정상,,경기도 김포시 장기동 1224-18,경기도 김포시 김포한강4로 104,샘플식당 2127,한식
2128,일반음식점,SAMPLE-02128,2021-06-01,폐업,2022-07-21,경기도 김포시 풍무동 680-2,경기도 김포시 양촌로 252,샘플식당 2128,커피숍
2129,일반음식점,SAMPLE-02129,2021-06-03,폐업,2023-11-23,경기도 김포시 풍무동 1124-16,경기도 김포시 양촌로 215,샘플식당 2129,기타
2130,일반음식점,SAMPLE-02130,2021-06-04,영업/정상,,경기도 김포시 구래동 62-15,경기도 김포시 고촌로 72,샘플식당 2130,한식
2131,일반음식점,SAMPLE-02131,2021-06-05,폐업,2026-03-18,경기도 김포시 풍무동 840-27,경기도 김포시 고촌로 128,샘플식당 2131,커피숍
2132,일반음식점,SAMPLE-02132,2021-06-05,영업/정상,,경기도 김포시 북변동 105-7,경기도 김포시 승가로 50,샘플식당 2132,경양식
2133,일반음식점,SAMPLE-02133,2021-06-06,폐업,2024-01-17,경기도 김포시 풍무동 1093-3,경기도 김포시 김포한강9로 164,샘플식당 2133,경양식
2134,일반음식점,SAMPLE-02134,2021-06-07,폐업,2024-09-26,경기도 김포시 구래동 65-9,경기도 김포시 김포한강4로 3,샘플식당 2134,한식
2135,일반음식점,SAMPLE-02135,2021-06-07,폐업,2024-11-15,경기도 김포시 마산동 737-17,경기도 김포시 김포한강4로 81,샘플식당 2135,한식
2136,일반음식점,SAMPLE-02136,2021-06-11,영업/정상,,경기도 김포시 풍무동 592-25,경기도 김포시 승가로 182,샘플식당 2136,한식
2137,일반음식점,SAMPLE-02137,2021-06-11,폐업,2025-04-08,경기도 김포시 월곶면 138-24,경기도 김포시 태장로 36,샘플식당 2137,한식
2138,일반음식점,SAMPLE-02138,2021-06-12,영업/정상,,경기도 김포시 장기동 374-12,경기도 김포시 김포한강9로 150,샘플식당 2138,기타
2139,일반음식점,SAMPLE-02139,2021-06-12,영업/정상,,경기도 김포시 북변동 131-9,경기도 김포시 통진로 18,샘플식당 2139,기타
2140,일반음식점,SAMPLE-02140,2021-06-14,영업/정상,,경기도 김포시 구래동 1818-13,경기도 김포시 고촌로 217,샘플식당 2140,경양식
2141,일반음식점,SAMPLE-02141,2021-06-15,영업/정상,,경기도 김포시 구래동 431-23,경기도 김포시 통진로 30,샘플식당 2141,한식
2142,일반음식점,SAMPLE-02142,2021-06-20,영업/정상,,경기도 김포시 감정동 488-7,경기도 김포시 김포한강4로 96,샘플식당 2142,한식
2143,일반음식점,SAMPLE-02143,2021-06-22,영업/정상,,경기도 김포시 구래동 307-11,경기도 김포시 승가로 203,샘플식당 2143,한식
2144,일반음식점,SAMPLE-02144,2021-06-23,폐업,2023-12-15,경기도 김포시 걸포동 1246-12,경기도 김포시 고촌로 274,샘플식당 2144,기타
2145,일반음식점,SAMPLE-02145,2021-06-24,폐업,2026-08-08,경기도 김포시 운양동 1767-8,경기도 김포시 태장로 92,샘플식당 2145,호프/통닭
2146,일반음식점,SAMPLE-02146,2021-06-25,영업/정상,,경기도 김포시 풍무동 1866-29,경기도 김포시 통진로 245,샘플식당 2146,분식
2147,일반음식점,SAMPLE-02147,2021-06-25,영업/정상,,경기도 김포시 북변동 1748-9,경기도 김포시 봉화로 199,샘플식당 2147,일식
2148,일반음식점,SAMPLE-02148,2021-06-28,영업/정상,,경기도 김포시 월곶면 294-27,경기도 김포시 통진로 132,샘플식당 2148,정종/대포집/소주방
2149,일반음식점,SAMPLE-02149,2021-06-29,폐업,2022-02-17,경기도 김포시 통진읍 1894-8,경기도 김포시 태장로 59,샘플식당 2149,기타
2150,일반음식점,SAMPLE-02150,2021-06-29,폐업,2023-10-12,경기도 김포시 운양동 1412-4,경기도 김포시 고촌로 117,샘플식당 2150,중국식
2151,일반음식점,SAMPLE-02151,2021-06-30,폐업,2022-06-29,경기도 김포시 장기동 360-24,경기도 김포시 승가로 136,샘플식당 2151,기타
2152,일반음식점,SAMPLE-02152,2021-07-02,영업/정상,,경기도 김포시 운양동 1920-15,경기도 김포시 통진로 68,샘플식당 2152,한식
2153,일반음식점,SAMPLE-02153,2021-07-04,폐업,2024-01-30,경기도 김포시 하성면 1281-26,경기도 김포시 태장로 32,샘플식당 2153,한식
2154,일반음식점,SAMPLE-02154,2021-07-06,영업/정상,,경기도 김포시 구래동 755-10,경기도 김포시 통진로 22,샘플식당 2154,한식
2155,일반음식점,SAMPLE-02155,2021-07-07,영업/정상,,경기도 김포시 구래동 110-16,경기도 김포시 김포한강4로 84,샘플식당 2155,한식
2156,일반음식점,SAMPLE-02156,2021-07-08,영업/정상,,경기도 김포시 고촌읍 1369-17,경기도 김포시 승가로 190,샘플식당 2156,한식
2157,일반음식점,SAMPLE-02157,2021-07-10,폐업,2024-05-13,경기도 김포시 고촌읍 1744-16,경기도 김포시 봉화로 284,샘플식당 2157,기타
2158,일반음식점,SAMPLE-02158,2021-07-11,폐업,2025-01-23,경기도 김포시 풍무동 114-25,경기도 김포시 고촌로 161,샘플식당 2158,일식
2159,일반음식점,SAMPLE-02159,2021-07-11,영업/정상,,경기도 김포시 풍무동 943-25,경기도 김포시 양촌로 128,샘플식당 2159,한식
2160,일반음식점,SAMPLE-02160,2021-07-12,폐업,2025-02-07,경기도 김포시 운양동 812-23,경기도 김포시 김포한강9로 145,샘플식당 2160,호프/통닭
2161,일반음식점,SAMPLE-02161,2021-07-12,영업/정상,,경기도 김포시 월곶면 498-3,경기도 김포시 봉화로 103,샘플식당 2161,호프/통닭
2162,일반음식점,SAMPLE-02162,2021-07-18,폐업,2023-08-29,경기도 김포시 풍무동 980-18,경기도 김포시 태장로 15,샘플식당 2162,일식
2163,일반음식점,SAMPLE-02163,2021-07-21,영업/정상,,경기도 김포시 구래동 1538-5,경기도 김포시 김포한강9로 14,샘플식당 2163,일식
2164,일반음식점,SAMPLE-02164,2021-07-22,폐업,2024-09-28,경기도 김포시 풍무동 828-6,경기도 김포시 봉화로 53,샘플식당 2164,일식
2165,일반음식점,SAMPLE-02165,2021-07-23,영업/정상,,경기도 김포시 사우동 155-5,경기도 김포시 봉화로 183,샘플식당 2165,한식
2166,일반음식점,SAMPLE-02166,2021-07-24,영업/정상,,경기도 김포시 풍무동 1830-25,경기도 김포시 승가로 76,샘플식당 2166,경양식
2167,일반음식점,SAMPLE-02167,2021-07-26,영업/정상,,경기도 김포시 풍무동 1381-10,경기도 김포시 양촌로 238,샘플식당 2167,호프/통닭
2168,일반음식점,SAMPLE-02168,2021-07-26,영업/정상,,경기도 김포시 풍무동 856-15,경기도 김포시 태장로 292,샘플식당 2168,일식
2169,일반음식점,SAMPLE-02169,2021-07-27,폐업,2023-10-12,경기도 김포시 풍무동 1999-21,경기도 김포시 고촌로 229,샘플식당 2169,김밥(도시락)
2170,일반음식점,SAMPLE-02170,2021-07-28,폐업,2023-03-17,경기도 김포시 운양동 1245-25,경기도 김포시 통진로 185,샘플식당 2170,한식
2171,일반음식점,SAMPLE-02171,2021-07-30,폐업,2022-10-24,경기도 김포시 고촌읍 849-22,경기도 김포시 김포한강9로 190,샘플식당 2171,커피숍
2172,일반음식점,SAMPLE-02172,2021-08-02,폐업,2024-10-31,경기도 김포시 고촌읍 1349-29,경기도 김포시 양촌로 114,샘플식당 2172,기타
2173,일반음식점,SAMPLE-02173,2021-08-03,폐업,2024-07-29,경기도 김포시 운양동 1508-1,경기도 김포시 태장로 54,샘플식당 2173,커피숍
2174,일반음식점,SAMPLE-02174,2021-08-04,영업/정상,,경기도 김포시 풍무동 329-1,경기도 김포시 태장로 42,샘플식당 2174,분식
2175,일반음식점,SAMPLE-02175,2021-08-07,폐업,2024-04-27,경기도 김포시 구래동 1773-11,경기도 김포시 고촌로 259,샘플식당 2175,한식
2176,일반음식점,SAMPLE-02176,2021-08-08,폐업,2026-08-08,경기도 김포시 풍무동 1409-22,경기도 김포시 양촌로 207,샘플식당 2176,한식
2177,일반음식점,SAMPLE-02177,2021-08-13,폐업,2024-05-27,경기도 김포시 운양동 1798-2,경기도 김포시 김포한강9로 97,샘플식당 2177,한식
2178,일반음식점,SAMPLE-02178,2021-08-13,폐업,2024-09-16,경기도 김포시 마산동 1002-29,경기도 김포시 고촌로 30,샘플식당 2178,한식
2179,일반음식점,SAMPLE-02179,2021-08-14,폐업,2025-07-24,경기도 김포시 마산동 1981-17,경기도 김포시 김포대로 12,샘플식당 2179,정종/대포집/소주방
2180,일반음식점,SAMPLE-02180,2021-08-14,폐업,2024-06-22,경기도 김포시 구래동 820-28,경기도 김포시 김포대로 198,샘플식당 2180,한식
2181,일반음식점,SAMPLE-02181,2021-08-15,영업/정상,,경기도 김포시 구래동 1375-1,경기도 김포시 양촌로 152,샘플식당 2181,한식
2182,일반음식점,SAMPLE-02182,2021-08-17,영업/정상,,경기도 김포시 고촌읍 226-28,경기도 김포시 김포한강9로 106,샘플식당 2182,제과점영업
2183,일반음식점,SAMPLE-02183,2021-08-18,폐업,2026-09-13,경기도 김포시 양촌읍 1199-5,경기도 김포시 봉화로 182,샘플식당 2183,한식
2184,일반음식점,SAMPLE-02184,2021-08-19,폐업,2026-01-30,경기도 김포시 북변동 178-25,경기도 김포시 양촌로 285,샘플식당 2184,한식
2185,일반음식점,SAMPLE-02185,2021-08-22,영업/정상,,경기도 김포시 구래동 1512-5,경기도 김포시 양촌로 62,샘플식당 2185,정종/대포집/소주방
2186,일반음식점,SAMPLE-02186,2021-08-25,영업/정상,,경기도 김포시 구래동 1515-14,경기도 김포시 고촌로 108,샘플식당 2186,한식
2187,일반음식점,SAMPLE-02187,2021-08-26,영업/정상,,경기도 김포시 걸포동 643-27,경기도 김포시 김포대로 231,샘플식당 2187,분식
2188,일반음식점,SAMPLE-02188,2021-08-26,폐업,2025-06-09,경기도 김포시 구래동 665-18,경기도 김포시 봉화로 139,샘플식당 2188,분식
2189,일반음식점,SAMPLE-02189,2021-08-27,폐업,2026-05-09,경기도 김포시 걸포동 278-8,경기도 김포시 양촌로 221,샘플식당 2189,경양식
2190,일반음식점,SAMPLE-02190,2021-08-28,폐업,2023-11-07,경기도 김포시 장기동 1093-13,경기도 김포시 양촌로 194,샘플식당 2190,제과점영업
2191,일반음식점,SAMPLE-02191,2021-09-01,영업/정상,,경기도 김포시 고촌읍 1070-11,경기도 김포시 김포한강9로 296,샘플식당 2191,정종/대포집/소주방
2192,일반음식점,SAMPLE-02192,2021-09-03,영업/정상,,경기도 김포시 대곶면 997-15,경기도 김포시 김포한강9로 293,샘플식당 2192,한식
2193,일반음식점,SAMPLE-02193,2021-09-04,영업/정상,,경기도 김포시 고촌읍 489-30,경기도 김포시 봉화로 278,샘플식당 2193,한식
2194,일반음식점,SAMPLE-02194,2021-09-06,폐업,2025-08-11,경기도 김포시 운양동 101-18,경기도 김포시 양촌로 236,샘플식당 2194,기타
2195,일반음식점,SAMPLE-02195,2021-09-07,폐업,2022-05-08,경기도 김포시 구래동 1544-8,경기도 김포시 양촌로 149,샘플식당 2195,커피숍
2196,일반음식점,SAMPLE-02196,2021-09-08,영업/정상,,경기도 김포시 감정동 1098-15,경기도 김포시 김포대로 252,샘플식당 2196,한식
2197,일반음식점,SAMPLE-02197,2021-09-09,영업/정상,,경기도 김포시 운양동 1315-13,경기도 김포시 김포대로 83,샘플식당 2197,정종/대포집/소주방
2198,일반음식점,SAMPLE-02198,2021-09-11,폐업,2026-08-15,경기도 김포시 풍무동 829-7,경기도 김포시 통진로 211,샘플식당 2198,한식
2199,일반음식점,SAMPLE-02199,2021-09-14,폐업,2026-03-17,경기도 김포시 운양동 1056-30,경기도 김포시 태장로 33,샘플식당 2199,한식
2200,일반음식점,SAMPLE-02200,2021-09-15,영업/정상,,경기도 김포시 양촌읍 186-1,경기도 김포시 봉화로 69,샘플식당 2200,중국식
2201,일반음식점,SAMPLE-02201,2021-09-17,영업/정상,,경기도 김포시 마산동 1973-28,경기도 김포시 고촌로 61,샘플식당 2201,김밥(도시락)
2202,일반음식점,SAMPLE-02202,2021-09-18,폐업,2023-09-18,경기도 김포시 양촌읍 283-18,경기도 김포시 고촌로 242,샘플식당 2202,호프/통닭
2203,일반음식점,SAMPLE-02203,2021-09-18,폐업,2024-03-14,경기도 김포시 장기동 519-21,경기도 김포시 김포한강9로 216,샘플식당 2203,커피숍
2204,일반음식점,SAMPLE-02204,2021-09-20,폐업,2022-08-17,경기도 김포시 운양동 1021-25,경기도 김포시 김포한강4로 134,샘플식당 2204,김밥(도시락)
2205,일반음식점,SAMPLE-02205,2021-09-20,영업/정상,,경기도 김포시 운양동 728-28,경기도 김포시 김포한강9로 15,샘플식당 2205,정종/대포집/소주방
2206,일반음식점,SAMPLE-02206,2021-09-20,폐업,2023-12-27,경기도 김포시 사우동 1700-9,경기도 김포시 양촌로 56,샘플식당 2206,한식
2207,일반음식점,SAMPLE-02207,2021-09-21,폐업,2023-03-06,경기도 김포시 장기동 1734-20,경기도 김포시 김포대로 158,샘플식당 2207,일식
2208,일반음식점,SAMPLE-02208,2021-09-21,영업/정상,,경기도 김포시 마산동 176-8,경기도 김포시 승가로 184,샘플식당 2208,기타
2209,일반음식점,SAMPLE-02209,2021-09-22,폐업,2025-07-17,경기도 김포시 고촌읍 1961-4,경기도 김포시 태장로 19,샘플식당 2209,커피숍
2210,일반음식점,SAMPLE-02210,2021-09-22,폐업,2023-11-01,경기도 김포시 장기동 1540-23,경기도 김포시 고촌로 208,샘플식당 2210,기타
2211,일반음식점,SAMPLE-02211,2021-09-23,영업/정상,,경기도 김포시 풍무동 1082-7,경기도 김포시 봉화로 171,샘플식당 2211,기타
2212,일반음식점,SAMPLE-02212,2021-09-23,폐업,2023-01-20,경기도 김포시 사우동 199-4,경기도 김포시 양촌로 225,샘플식당 2212,기타
2213,일반음식점,SAMPLE-02213,2021-09-25,영업/정상,,경기도 김포시 고촌읍 1174-28,경기도 김포시 양촌로 74,샘플식당 2213,호프/통닭
2214,일반음식점,SAMPLE-02214,2021-09-26,영업/정상,,경기도 김포시 구래동 179-10,경기도 김포시 봉화로 214,샘플식당 2214,분식
2215,일반음식점,SAMPLE-02215,2021-09-27,영업/정상,,경기도 김포시 걸포동 1061-5,경기도 김포시 고촌로 217,샘플식당 2215,기타
2216,일반음식점,SAMPLE-02216,2021-09-27,영업/정상,,경기도 김포시 장기동 462-11,경기도 김포시 고촌로 155,샘플식당 2216,한식
2217,일반음식점,SAMPLE-02217,2021-09-28,폐업,2026-05-06,경기도 김포시 양촌읍 1450-6,경기도 김포시 김포한강9로 165,샘플식당 2217,김밥(도시락)
2218,일반음식점,SAMPLE-02218,2021-09-28,폐업,2023-01-08,경기도 김포시 풍무동 222-4,경기도 김포시 태장로 199,샘플식당 2218,한식
2219,일반음식점,SAMPLE-02219,2021-09-29,폐업,2023-12-22,경기도 김포시 구래동 1537-9,경기도 김포시 승가로 92,샘플식당 2219,한식
2220,일반음식점,SAMPLE-02220,2021-09-30,폐업,2025-09-08,경기도 김포시 고촌읍 508-6,경기도 김포시 김포한강4로 162,샘플식당 2220,한식
2221,일반음식점,SAMPLE-02221,2021-10-01,영업/정상,,경기도 김포시 감정동 1576-13,경기도 김포시 태장로 188,샘플식당 2221,한식
2222,일반음식점,SAMPLE-02222,2021-10-03,폐업,2026-02-28,경기도 김포시 구래동 660-22,경기도 김포시 봉화로 285,샘플식당 2222,호프/통닭
2223,일반음식점,SAMPLE-02223,2021-10-03,폐업,2025-04-22,경기도 김포시 풍무동 33-27,경기도 김포시 김포대로 30,샘플식당 2223,호프/통닭
2224,일반음식점,SAMPLE-02224,2021-10-04,폐업,2025-04-02,경기도 김포시 양촌읍 80-8,경기도 김포시 김포한강4로 145,샘플식당 2224,까페
2225,일반음식점,SAMPLE-02225,2021-10-05,폐업,2026-04-29,경기도 김포시 걸포동 640-12,경기도 김포시 통진로 170,샘플식당 2225,분식
2226,일반음식점,SAMPLE-02226,2021-10-07,영업/정상,,경기도 김포시 양촌읍 638-3,경기도 김포시 양촌로 58,샘플식당 2226,정종/대포집/소주방
2227,일반음식점,SAMPLE-02227,2021-10-12,영업/정상,,경기도 김포시 장기동 917-12,경기도 김포시 양촌로 75,샘플식당 2227,한식
2228,일반음식점,SAMPLE-02228,2021-10-13,폐업,2024-04-24,경기도 김포시 고촌읍 803-14,경기도 김포시 봉화로 233,샘플식당 2228,분식
2229,일반음식점,SAMPLE-02229,2021-10-14,폐업,2023-06-18,경기도 김포시 풍무동 766-29,경기도 김포시 태장로 165,샘플식당 2229,일식
2230,일반음식점,SAMPLE-02230,2021-10-14,영업/정상,,경기도 김포시 북변동 853-25,경기도 김포시 승가로 32,샘플식당 2230,한식
2231,일반음식점,SAMPLE-02231,2021-10-15,폐업,2026-05-06,경기도 김포시 구래동 300-25,경기도 김포시 양촌로 28,샘플식당 2231,한식
2232,일반음식점,SAMPLE-02232,2021-10-16,폐업,2025-02-04,경기도 김포시 구래동 1262-10,경기도 김포시 김포한강9로 182,샘플식당 2232,호프/통닭
2233,일반음식점,SAMPLE-02233,2021-10-16,폐업,2025-04-09,경기도 김포시 양촌읍 626-23,경기도 김포시 통진로 186,샘플식당 2233,분식
2234,일반음식점,SAMPLE-02234,2021-10-17,영업/정상,,경기도 김포시 마산동 474-22,경기도 김포시 봉화로 72,샘플식당 2234,한식
2235,일반음식점,SAMPLE-02235,2021-10-17,영업/정상,,경기도 김포시 월곶면 256-4,경기도 김포시 양촌로 238,샘플식당 2235,제과점영업
2236,일반음식점,SAMPLE-02236,2021-10-20,폐업,2025-05-13,경기도 김포시 운양동 1864-25,경기도 김포시 승가로 283,샘플식당 2236,중국식
2237,일반음식점,SAMPLE-02237,2021-10-21,영업/정상,,경기도 김포시 풍무동 1596-3,경기도 김포시 태장로 223,샘플식당 2237,한식
2238,일반음식점,SAMPLE-02238,2021-10-22,영업/정상,,경기도 김포시 마산동 765-26,경기도 김포시 봉화로 98,샘플식당 2238,한식
2239,일반음식점,SAMPLE-02239,2021-10-22,폐업,2022-06-11,경기도 김포시 양촌읍 1430-29,경기도 김포시 김포한강9로 12,샘플식당 2239,한식
2240,일반음식점,SAMPLE-02240,2021-10-23,영업/정상,,경기도 김포시 양촌읍 114-9,경기도 김포시 통진로 165,샘플식당 2240,호프/통닭
2241,일반음식점,SAMPLE-02241,2021-10-24,폐업,2026-03-21,경기도 김포시 월곶면 962-16,경기도 김포시 고촌로 19,샘플식당 2241,한식
2242,일반음식점,SAMPLE-02242,2021-10-24,폐업,2026-04-27,경기도 김포시 통진읍 867-1,경기도 김포시 김포한강9로 82,샘플식당 2242,한식
2243,일반음식점,SAMPLE-02243,2021-10-24,영업/정상,,경기도 김포시 고촌읍 557-21,경기도 김포시 김포한강4로 168,샘플식당 2243,중국식
2244,일반음식점,SAMPLE-02244,2021-10-25,영업/정상,,경기도 김포시 북변동 486-27,경기도 김포시 고촌로 252,샘플식당 2244,한식
2245,일반음식점,SAMPLE-02245,2021-10-30,영업/정상,,경기도 김포시 풍무동 207-26,경기도 김포시 승가로 258,샘플식당 2245,기타
2246,일반음식점,SAMPLE-02246,2021-11-01,폐업,2026-06-14,경기도 김포시 풍무동 1365-27,경기도 김포시 양촌로 181,샘플식당 2246,일식
2247,일반음식점,SAMPLE-02247,2021-11-01,영업/정상,,경기도 김포시 북변동 733-3,경기도 김포시 김포한강9로 260,샘플식당 2247,김밥(도시락)
2248,일반음식점,SAMPLE-02248,2021-11-01,폐업,2024-08-27,경기도 김포시 걸포동 939-14,경기도 김포시 봉화로 22,샘플식당 2248,일식
2249,일반음식점,SAMPLE-02249,2021-11-02,영업/정상,,경기도 김포시 장기동 75-16,경기도 김포시 승가로 224,샘플식당 2249,한식
2250,일반음식점,SAMPLE-02250,2021-11-03,영업/정상,,경기도 김포시 마산동 893-13,경기도 김포시 승가로 221,샘플식당 2250,한식
2251,일반음식점,SAMPLE-02251,2021-11-06,폐업,2025-07-05,경기도 김포시 운양동 1359-16,경기도 김포시 김포한강4로 4,샘플식당 2251,분식
2252,일반음식점,SAMPLE-02252,2021-11-08,영업/정상,,경기도 김포시 사우동 15-1,경기도 김포시 봉화로 25,샘플식당 2252,호프/통닭
2253,일반음식점,SAMPLE-02253,2021-11-09,영업/정상,,경기도 김포시 구래동 180-9,경기도 김포시 김포한강9로 54,샘플식당 2253,제과점영업
2254,일반음식점,SAMPLE-02254,2021-11-09,영업/정상,,경기도 김포시 마산동 1199-23,경기도 김포시 김포대로 279,샘플식당 2254,한식
2255,일반음식점,SAMPLE-02255,2021-11-10,영업/정상,,경기도 김포시 구래동 487-2,경기도 김포시 김포한강9로 175,샘플식당 2255,중국식
2256,일반음식점,SAMPLE-02256,2021-11-10,영업/정상,,경기도 김포시 사우동 1375-20,경기도 김포시 김포대로 37,샘플식당 2256,한식
2257,일반음식점,SAMPLE-02257,2021-11-10,폐업,2022-04-20,경기도 김포시 구래동 1725-20,경기도 김포시 통진로 122,샘플식당 2257,기타
2258,일반음식점,SAMPLE-02258,2021-11-10,영업/정상,,경기도 김포시 걸포동 794-21,경기도 김포시 통진로 233,샘플식당 2258,제과점영업
2259,일반음식점,SAMPLE-02259,2021-11-11,폐업,2025-10-09,경기도 김포시 대곶면 21-11,경기도 김포시 봉화로 64,샘플식당 2259,호프/통닭
2260,일반음식점,SAMPLE-02260,2021-11-14,영업/정상,,경기도 김포시 장기동 916-24,경기도 김포시 고촌로 188,샘플식당 2260,한식
2261,일반음식점,SAMPLE-02261,2021-11-16,폐업,2025-08-26,경기도 김포시 걸포동 74-5,경기도 김포시 고촌로 42,샘플식당 2261,한식
2262,일반음식점,SAMPLE-02262,2021-11-16,영업/정상,,경기도 김포시 장기동 1129-10,경기도 김포시 고촌로 119,샘플식당 2262,정종/대포집/소주방
2263,일반음식점,SAMPLE-02263,2021-11-16,영업/정상,,경기도 김포시 양촌읍 1251-24,경기도 김포시 김포한강9로 27,샘플식당 2263,커피숍
2264,일반음식점,SAMPLE-02264,2021-11-21,영업/정상,,경기도 김포시 장기동 358-16,경기도 김포시 고촌로 194,샘플식당 2264,중국식
2265,일반음식점,SAMPLE-02265,2021-11-21,폐업,2025-01-01,경기도 김포시 양촌읍 1109-19,경기도 김포시 양촌로 152,샘플식당 2265,일식
2266,일반음식점,SAMPLE-02266,2021-11-21,폐업,2023-11-23,경기도 김포시 걸포동 1399-22,경기도 김포시 김포한강9로 16,샘플식당 2266,분식
2267,일반음식점,SAMPLE-02267,2021-11-21,영업/정상,,경기도 김포시 풍무동 52-7,경기도 김포시 양촌로 117,샘플식당 2267,중국식
2268,일반음식점,SAMPLE-02268,2021-11-23,영업/정상,,경기도 김포시 운양동 1115-6,경기도 김포시 태장로 89,샘플식당 2268,기타
2269,일반음식점,SAMPLE-02269,2021-11-23,폐업,2026-05-26,경기도 김포시 운양동 332-18,경기도 김포시 통진로 70,샘플식당 2269,정종/대포집/소주방
2270,일반음식점,SAMPLE-02270,2021-11-27,폐업,2025-08-24,경기도 김포시 감정동 1140-12,경기도 김포시 봉화로 29,샘플식당 2270,한식
2271,일반음식점,SAMPLE-02271,2021-11-30,폐업,2023-10-24,경기도 김포시 풍무동 1353-18,경기도 김포시 김포한강4로 86,샘플식당 2271,한식
2272,일반음식점,SAMPLE-02272,2021-12-02,폐업,2025-04-13,경기도 김포시 북변동 139-3,경기도 김포시 태장로 296,샘플식당 2272,호프/통닭
2273,일반음식점,SAMPLE-02273,2021-12-02,영업/정상,,경기도 김포시 장기동 460-11,경기도 김포시 김포대로 263,샘플식당 2273,분식
2274,일반음식점,SAMPLE-02274,2021-12-03,폐업,2026-01-29,경기도 김포시 구래동 1073-25,경기도 김포시 김포한강9로 252,샘플식당 2274,한식
2275,일반음식점,SAMPLE-02275,2021-12-03,영업/정상,,경기도 김포시 장기동 876-23,경기도 김포시 통진로 182,샘플식당 2275,한식
2276,일반음식점,SAMPLE-02276,2021-12-05,폐업,2023-05-14,경기도 김포시 운양동 374-24,경기도 김포시 양촌로 164,샘플식당 2276,까페
2277,일반음식점,SAMPLE-02277,2021-12-05,폐업,2025-08-28,경기도 김포시 운양동 1966-29,경기도 김포시 봉화로 188,샘플식당 2277,정종/대포집/소주방
2278,일반음식점,SAMPLE-02278,2021-12-08,영업/정상,,경기도 김포시 운양동 913-8,경기도 김포시 통진로 229,샘플식당 2278,한식
2279,일반음식점,SAMPLE-02279,2021-12-10,영업/정상,,경기도 김포시 운양동 617-4,경기도 김포시 김포한강9로 131,샘플식당 2279,기타
2280,일반음식점,SAMPLE-02280,2021-12-10,영업/정상,,경기도 김포시 대곶면 1535-14,경기도 김포시 김포한강4로 96,샘플식당 2280,중국식
2281,일반음식점,SAMPLE-02281,2021-12-11,영업/정상,,경기도 김포시 구래동 816-9,경기도 김포시 양촌로 211,샘플식당 2281,한식
2282,일반음식점,SAMPLE-02282,2021-12-13,폐업,2025-03-18,경기도 김포시 양촌읍 1803-29,경기도 김포시 태장로 248,샘플식당 2282,경양식
2283,일반음식점,SAMPLE-02283,2021-12-19,폐업,2025-08-18,경기도 김포시 북변동 133-14,경기도 김포시 태장로 158,샘플식당 2283,분식
2284,일반음식점,SAMPLE-02284,2021-12-22,폐업,2023-09-18,경기도 김포시 장기동 828-17,경기도 김포시 양촌로 134,샘플식당 2284,중국식
2285,일반음식점,SAMPLE-02285,2021-12-22,폐업,2023-03-24,경기도 김포시 마산동 1803-10,경기도 김포시 통진로 84,샘플식당 2285,까페
2286,일반음식점,SAMPLE-02286,2021-12-25,폐업,2023-11-15,경기도 김포시 구래동 1640-19,경기도 김포시 태장로 189,샘플식당 2286,정종/대포집/소주방
2287,일반음식점,SAMPLE-02287,2021-12-28,폐업,2026-05-22,경기도 김포시 북변동 1504-22,경기도 김포시 고촌로 196,샘플식당 2287,한식
2288,일반음식점,SAMPLE-02288,2021-12-29,영업/정상,,경기도 김포시 양촌읍 371-2,경기도 김포시 태장로 32,샘플식당 2288,한식
2289,일반음식점,SAMPLE-02289,2021-12-30,폐업,2025-01-26,경기도 김포시 장기동 1661-9,경기도 김포시 승가로 82,샘플식당 2289,한식
2290,일반음식점,SAMPLE-02290,2021-12-31,폐업,2024-12-14,경기도 김포시 월곶면 1806-7,경기도 김포시 고촌로 208,샘플식당 2290,한식
2291,일반음식점,SAMPLE-02291,2021-12-31,폐업,2023-11-05,경기도 김포시 운양동 694-5,경기도 김포시 김포한강9로 199,샘플식당 2291,기타
2292,일반음식점,SAMPLE-02292,2022-01-02,폐업,2025-04-30,경기도 김포시 장기동 97-21,경기도 김포시 김포한강4로 235,샘플식당 2292,한식
2293,일반음식점,SAMPLE-02293,2022-01-04,폐업,2023-06-15,경기도 김포시 장기동 564-14,경기도 김포시 봉화로 56,샘플식당 2293,까페
2294,일반음식점,SAMPLE-02294,2022-01-05,폐업,2025-07-01,경기도 김포시 걸포동 219-29,경기도 김포시 김포한강4로 154,샘플식당 2294,호프/통닭
2295,일반음식점,SAMPLE-02295,2022-01-07,폐업,2023-03-15,경기도 김포시 구래동 300-9,경기도 김포시 김포한강4로 255,샘플식당 2295,경양식
2296,일반음식점,SAMPLE-02296,2022-01-08,영업/정상,,경기도 김포시 구래동 1996-29,경기도 김포시 김포한강9로 114,샘플식당 2296,김밥(도시락)
2297,일반음식점,SAMPLE-02297,2022-01-11,영업/정상,,경기도 김포시 북변동 12-5,경기도 김포시 김포한강9로 194,샘플식당 2297,정종/대포집/소주방
2298,일반음식점,SAMPLE-02298,2022-01-13,폐업,2025-02-12,경기도 김포시 풍무동 1476-29,경기도 김포시 고촌로 150,샘플식당 2298,정종/대포집/소주방
2299,일반음식점,SAMPLE-02299,2022-01-14,폐업,2026-07-27,경기도 김포시 풍무동 265-26,경기도 김포시 김포한강9로 292,샘플식당 2299,호프/통닭
2300,일반음식점,SAMPLE-02300,2022-01-16,영업/정상,,경기도 김포시 장기동 998-25,경기도 김포시 통진로 85,샘플식당 2300,호프/통닭
2301,일반음식점,SAMPLE-02301,2022-01-17,영업/정상,,경기도 김포시 마산동 1757-30,경기도 김포시 고촌로 245,샘플식당 2301,일식
2302,일반음식점,SAMPLE-02302,2022-01-17,폐업,2023-03-19,경기도 김포시 장기동 1532-22,경기도 김포시 태장로 91,샘플식당 2302,일식
2303,일반음식점,SAMPLE-02303,2022-01-19,영업/정상,,경기도 김포시 운양동 1206-2,경기도 김포시 김포대로 240,샘플식당 2303,기타
2304,일반음식점,SAMPLE-02304,2022-01-21,폐업,2023-02-03,경기도 김포시 풍무동 1535-21,경기도 김포시 승가로 131,샘플식당 2304,중국식
2305,일반음식점,SAMPLE-02305,2022-01-22,영업/정상,,경기도 김포시 장기동 1804-2,경기도 김포시 김포한강4로 81,샘플식당 2305,한식
2306,일반음식점,SAMPLE-02306,2022-01-24,영업/정상,,경기도 김포시 구래동 1983-11,경기도 김포시 통진로 51,샘플식당 2306,한식
2307,일반음식점,SAMPLE-02307,2022-01-26,폐업,2025-07-26,경기도 김포시 북변동 982-17,경기도 김포시 봉화로 213,샘플식당 2307,분식
2308,일반음식점,SAMPLE-02308,2022-01-27,폐업,2026-05-31,경기도 김포시 북변동 245-21,경기도 김포시 봉화로 253,샘플식당 2308,정종/대포집/소주방
2309,일반음식점,SAMPLE-02309,2022-01-27,폐업,2024-11-15,경기도 김포시 사우동 1434-21,경기도 김포시 양촌로 19,샘플식당 2309,제과점영업
2310,일반음식점,SAMPLE-02310,2022-01-27,영업/정상,,경기도 김포시 장기동 1253-6,경기도 김포시 양촌로 56,샘플식당 2310,기타
2311,일반음식점,SAMPLE-02311,2022-01-28,폐업,2023-12-21,경기도 김포시 풍무동 1386-25,경기도 김포시 통진로 98,샘플식당 2311,분식
2312,일반음식점,SAMPLE-02312,2022-02-06,영업/정상,,경기도 김포시 장기동 934-16,경기도 김포시 고촌로 17,샘플식당 2312,정종/대포집/소주방
2313,일반음식점,SAMPLE-02313,2022-02-07,영업/정상,,경기도 김포시 장기동 787-29,경기도 김포시 고촌로 194,샘플식당 2313,일식
2314,일반음식점,SAMPLE-02314,2022-02-07,영업/정상,,경기도 김포시 구래동 358-14,경기도 김포시 양촌로 287,샘플식당 2314,김밥(도시락)
2315,일반음식점,SAMPLE-02315,2022-02-07,영업/정상,,경기도 김포시 대곶면 1764-10,경기도 김포시 통진로 198,샘플식당 2315,호프/통닭
2316,일반음식점,SAMPLE-02316,2022-02-08,영업/정상,,경기도 김포시 마산동 771-11,경기도 김포시 김포대로 293,샘플식당 2316,한식
2317,일반음식점,SAMPLE-02317,2022-02-08,폐업,2023-05-21,경기도 김포시 구래동 881-5,경기도 김포시 봉화로 101,샘플식당 2317,까페
2318,일반음식점,SAMPLE-02318,2022-02-14,폐업,2024-10-29,경기도 김포시 풍무동 106-5,경기도 김포시 통진로 47,샘플식당 2318,일식
2319,일반음식점,SAMPLE-02319,2022-02-15,영업/정상,,경기도 김포시 양촌읍 653-27,경기도 김포시 고촌로 227,샘플식당 2319,한식
2320,일반음식점,SAMPLE-02320,2022-02-20,폐업,2026-09-22,경기도 김포시 걸포동 1711-13,경기도 김포시 김포한강9로 201,샘플식당 2320,제과점영업
2321,일반음식점,SAMPLE-02321,2022-02-21,영업/정상,,경기도 김포시 북변동 1121-1,경기도 김포시 태장로 36,샘플식당 2321,분식
2322,일반음식점,SAMPLE-02322,2022-02-22,영업/정상,,경기도 김포시 양촌읍 111-19,경기도 김포시 통진로 14,샘플식당 2322,중국식
2323,일반음식점,SAMPLE-02323,2022-02-22,영업/정상,,경기도 김포시 통진읍 954-3,경기도 김포시 고촌로 44,샘플식당 2323,제과점영업
2324,일반음식점,SAMPLE-02324,2022-02-24,영업/정상,,경기도 김포시 마산동 878-9,경기도 김포시 태장로 91,샘플식당 2324,한식
2325,일반음식점,SAMPLE-02325,2022-02-24,영업/정상,,경기도 김포시 풍무동 281-21,경기도 김포시 김포대로 170,샘플식당 2325,제과점영업
2326,일반음식점,SAMPLE-02326,2022-03-03,폐업,2025-09-21,경기도 김포시 마산동 130-14,경기도 김포시 승가로 78,샘플식당 2326,커피숍
2327,일반음식점,SAMPLE-02327,2022-03-05,영업/정상,,경기도 김포시 장기동 96-11,경기도 김포시 고촌로 83,샘플식당 2327,김밥(도시락)
2328,일반음식점,SAMPLE-02328,2022-03-06,영업/정상,,경기도 김포시 사우동 736-3,경기도 김포시 통진로 218,샘플식당 2328,호프/통닭
2329,일반음식점,SAMPLE-02329,2022-03-06,영업/정상,,경기도 김포시 사우동 508-21,경기도 김포시 봉화로 252,샘플식당 2329,한식
2330,일반음식점,SAMPLE-02330,2022-03-07,폐업,2024-07-17,경기도 김포시 운양동 1578-6,경기도 김포시 김포대로 220,샘플식당 2330,한식
2331,일반음식점,SAMPLE-02331,2022-03-09,폐업,2023-11-28,경기도 김포시 구래동 1977-2,경기도 김포시 고촌로 12,샘플식당 2331,한식
2332,일반음식점,SAMPLE-02332,2022-03-10,영업/정상,,경기도 김포시 걸포동 1184-11,경기도 김포시 통진로 205,샘플식당 2332,호프/통닭
2333,일반음식점,SAMPLE-02333,2022-03-12,영업/정상,,경기도 김포시 양촌읍 1209-1,경기도 김포시 태장로 200,샘플식당 2333,한식
2334,일반음식점,SAMPLE-02334,2022-03-12,폐업,2022-07-26,경기도 김포시 양촌읍 1099-8,경기도 김포시 양촌로 213,샘플식당 2334,정종/대포집/소주방
2335,일반음식점,SAMPLE-02335,2022-03-19,영업/정상,,경기도 김포시 운양동 937-16,경기도 김포시 승가로 93,샘플식당 2335,중국식
2336,일반음식점,SAMPLE-02336,2022-03-21,폐업,2024-03-08,경기도 김포시 감정동 1766-6,경기도 김포시 양촌로 17,샘플식당 2336,일식
2337,일반음식점,SAMPLE-02337,2022-03-23,폐업,2024-08-15,경기도 김포시 통진읍 1945-18,경기도 김포시 승가로 204,샘플식당 2337,김밥(도시락)
2338,일반음식점,SAMPLE-02338,2022-03-24,폐업,2024-02-26,경기도 김포시 풍무동 1498-5,경기도 김포시 김포대로 108,샘플식당 2338,정종/대포집/소주방
2339,일반음식점,SAMPLE-02339,2022-03-25,폐업,2024-04-20,경기도 김포시 풍무동 1989-24,경기도 김포시 봉화로 100,샘플식당 2339,정종/대포집/소주방
2340,일반음식점,SAMPLE-02340,2022-03-28,폐업,2023-08-08,경기도 김포시 구래동 689-26,경기도 김포시 김포한강9로 102,샘플식당 2340,정종/대포집/소주방
2341,일반음식점,SAMPLE-02341,2022-03-30,폐업,2024-12-07,경기도 김포시 구래동 680-14,경기도 김포시 고촌로 66,샘플식당 2341,분식
2342,일반음식점,SAMPLE-02342,2022-03-30,영업/정상,,경기도 김포시 운양동 1994-13,경기도 김포시 봉화로 214,샘플식당 2342,한식
2343,일반음식점,SAMPLE-02343,2022-04-01,폐업,2026-01-14,경기도 김포시 장기동 1781-4,경기도 김포시 통진로 74,샘플식당 2343,커피숍
2344,일반음식점,SAMPLE-02344,2022-04-02,폐업,2025-03-20,경기도 김포시 마산동 1588-12,경기도 김포시 김포대로 213,샘플식당 2344,일식
2345,일반음식점,SAMPLE-02345,2022-04-07,폐업,2025-08-28,경기도 김포시 고촌읍 1036-26,경기도 김포시 봉화로 9,샘플식당 2345,중국식
2346,일반음식점,SAMPLE-02346,2022-04-08,폐업,2024-12-21,경기도 김포시 북변동 266-10,경기도 김포시 통진로 201,샘플식당 2346,한식
2347,일반음식점,SAMPLE-02347,2022-04-08,영업/정상,,경기도 김포시 사우동 1269-16,경기도 김포시 김포한강9로 95,샘플식당 2347,호프/통닭
2348,일반음식점,SAMPLE-02348,2022-04-08,영업/정상,,경기도 김포시 하성면 225-6,경기도 김포시 김포한강4로 257,샘플식당 2348,한식
2349,일반음식점,SAMPLE-02349,2022-04-12,영업/정상,,경기도 김포시 장기동 494-8,경기도 김포시 양촌로 176,샘플식당 2349,중국식
2350,일반음식점,SAMPLE-02350,2022-04-15,영업/정상,,경기도 김포시 양촌읍 554-15,경기도 김포시 김포한강4로 97,샘플식당 2350,한식
2351,일반음식점,SAMPLE-02351,2022-04-15,폐업,2026-03-14,경기도 김포시 구래동 1172-30,경기도 김포시 승가로 82,샘플식당 2351,호프/통닭
2352,일반음식점,SAMPLE-02352,2022-04-17,영업/정상,,경기도 김포시 풍무동 535-30,경기도 김포시 고촌로 101,샘플식당 2352,정종/대포집/소주방
2353,일반음식점,SAMPLE-02353,2022-04-17,폐업,2024-01-03,경기도 김포시 구래동 355-14,경기도 김포시 김포한강9로 234,샘플식당 2353,한식
2354,일반음식점,SAMPLE-02354,2022-04-20,영업/정상,,경기도 김포시 구래동 780-7,경기도 김포시 봉화로 299,샘플식당 2354,한식
2355,일반음식점,SAMPLE-02355,2022-04-22,폐업,2024-01-10,경기도 김포시 장기동 530-2,경기도 김포시 김포대로 262,샘플식당 2355,경양식
2356,일반음식점,SAMPLE-02356,2022-04-22,폐업,2024-02-04,경기도 김포시 구래동 1413-3,경기도 김포시 고촌로 156,샘플식당 2356,경양식
2357,일반음식점,SAMPLE-02357,2022-04-24,영업/정상,,경기도 김포시 양촌읍 1312-13,경기도 김포시 봉화로 242,샘플식당 2357,제과점영업
2358,일반음식점,SAMPLE-02358,2022-04-26,영업/정상,,경기도 김포시 구래동 1233-2,경기도 김포시 통진로 250,샘플식당 2358,호프/통닭
2359,일반음식점,SAMPLE-02359,2022-04-27,영업/정상,,경기도 김포시 마산동 526-30,경기도 김포시 고촌로 164,샘플식당 2359,한식
2360,일반음식점,SAMPLE-02360,2022-04-28,폐업,2023-02-12,경기도 김포시 구래동 481-19,경기도 김포시 태장로 87,샘플식당 2360,김밥(도시락)
2361,일반음식점,SAMPLE-02361,2022-04-28,폐업,2024-01-18,경기도 김포시 사우동 1931-9,경기도 김포시 봉화로 138,샘플식당 2361,한식
2362,일반음식점,SAMPLE-02362,2022-04-29,영업/정상,,경기도 김포시 운양동 1291-5,경기도 김포시 김포한강9로 46,샘플식당 2362,한식
2363,일반음식점,SAMPLE-02363,2022-04-30,영업/정상,,경기도 김포시 풍무동 1682-30,경기도 김포시 김포한강9로 299,샘플식당 2363,한식
2364,일반음식점,SAMPLE-02364,2022-05-01,폐업,2024-05-27,경기도 김포시 장기동 1960-18,경기도 김포시 고촌로 33,샘플식당 2364,커피숍
2365,일반음식점,SAMPLE-02365,2022-05-02,영업/정상,,경기도 김포시 걸포동 1334-2,경기도 김포시 김포한강4로 75,샘플식당 2365,한식
2366,일반음식점,SAMPLE-02366,2022-05-03,영업/정상,,경기도 김포시 장기동 729-29,경기도 김포시 김포한강9로 207,샘플식당 2366,일식
2367,일반음식점,SAMPLE-02367,2022-05-03,영업/정상,,경기도 김포시 마산동 1478-19,경기도 김포시 김포대로 212,샘플식당 2367,호프/통닭
2368,일반음식점,SAMPLE-02368,2022-05-05,폐업,2024-06-27,경기도 김포시 풍무동 1855-14,경기도 김포시 봉화로 72,샘플식당 2368,커피숍
2369,일반음식점,SAMPLE-02369,2022-05-05,폐업,2025-01-05,경기도 김포시 통진읍 831-9,경기도 김포시 김포대로 197,샘플식당 2369,한식
2370,일반음식점,SAMPLE-02370,2022-05-11,폐업,2023-07-30,경기도 김포시 구래동 23-6,경기도 김포시 김포한강9로 273,샘플식당 2370,기타
2371,일반음식점,SAMPLE-02371,2022-05-12,영업/정상,,경기도 김포시 운양동 1795-13,경기도 김포시 김포한강9로 290,샘플식당 2371,호프/통닭
2372,일반음식점,SAMPLE-02372,2022-05-14,영업/정상,,경기도 김포시 장기동 394-26,경기도 김포시 통진로 173,샘플식당 2372,중국식
2373,일반음식점,SAMPLE-02373,2022-05-14,폐업,2024-10-04,경기도 김포시 장기동 1131-4,경기도 김포시 김포한강9로 221,샘플식당 2373,커피숍
2374,일반음식점,SAMPLE-02374,2022-05-18,영업/정상,,경기도 김포시 마산동 123-27,경기도 김포시 태장로 150,샘플식당 2374,중국식
2375,일반음식점,SAMPLE-02375,2022-05-19,영업/정상,,경기도 김포시 구래동 735-10,경기도 김포시 김포한강9로 2,샘플식당 2375,한식
2376,일반음식점,SAMPLE-02376,2022-05-22,폐업,2026-06-30,경기도 김포시 고촌읍 899-8,경기도 김포시 승가로 42,샘플식당 2376,기타
2377,일반음식점,SAMPLE-02377,2022-05-23,폐업,2026-03-25,경기도 김포시 걸포동 17-30,경기도 김포시 태장로 41,샘플식당 2377,호프/통닭
2378,일반음식점,SAMPLE-02378,2022-05-24,영업/정상,,경기도 김포시 구래동 1322-8,경기도 김포시 봉화로 1,샘플식당 2378,분식
2379,일반음식점,SAMPLE-02379,2022-05-24,폐업,2025-01-05,경기도 김포시 고촌읍 1044-30,경기도 김포시 김포대로 61,샘플식당 2379,커피숍
2380,일반음식점,SAMPLE-02380,2022-05-25,영업/정상,,경기도 김포시 운양동 1486-29,경기도 김포시 승가로 285,샘플식당 2380,한식
2381,일반음식점,SAMPLE-02381,2022-05-25,폐업,2025-05-13,경기도 김포시 북변동 972-14,경기도 김포시 김포대로 172,샘플식당 2381,커피숍
2382,일반음식점,SAMPLE-02382,2022-05-26,영업/정상,,경기도 김포시 고촌읍 918-9,경기도 김포시 고촌로 188,샘플식당 2382,경양식
2383,일반음식점,SAMPLE-02383,2022-05-27,영업/정상,,경기도 김포시 구래동 1978-9,경기도 김포시 김포한강9로 267,샘플식당 2383,분식
2384,일반음식점,SAMPLE-02384,2022-05-29,폐업,2026-09-25,경기도 김포시 장기동 1426-22,경기도 김포시 양촌로 281,샘플식당 2384,정종/대포집/소주방
2385,일반음식점,SAMPLE-02385,2022-05-29,폐업,2026-01-17,경기도 김포시 사우동 566-13,경기도 김포시 김포한강9로 68,샘플식당 2385,한식
2386,일반음식점,SAMPLE-02386,2022-05-30,폐업,2026-09-08,경기도 김포시 구래동 1947-13,경기도 김포시 통진로 75,샘플식당 2386,제과점영업
2387,일반음식점,SAMPLE-02387,2022-06-01,폐업,2023-11-17,경기도 김포시 사우동 1164-17,경기도 김포시 고촌로 230,샘플식당 2387,분식
2388,일반음식점,SAMPLE-02388,2022-06-02,영업/정상,,경기도 김포시 장기동 1487-21,경기도 김포시 고촌로 294,샘플식당 2388,한식
2389,일반음식점,SAMPLE-02389,2022-06-06,영업/정상,,경기도 김포시 고촌읍 489-20,경기도 김포시 김포한강4로 262,샘플식당 2389,분식
2390,일반음식점,SAMPLE-02390,2022-06-06,영업/정상,,경기도 김포시 구래동 219-15,경기도 김포시 김포한강4로 122,샘플식당 2390,한식
2391,일반음식점,SAMPLE-02391,2022-06-08,영업/정상,,경기도 김포시 구래동 1715-12,경기도 김포시 양촌로 48,샘플식당 2391,정종/대포집/소주방
2392,일반음식점,SAMPLE-02392,2022-06-10,영업/정상,,경기도 김포시 구래동 1187-24,경기도 김포시 태장로 81,샘플식당 2392,분식
2393,일반음식점,SAMPLE-02393,2022-06-11,영업/정상,,경기도 김포시 사우동 1257-24,경기도 김포시 승가로 254,샘플식당 2393,제과점영업
2394,일반음식점,SAMPLE-02394,2022-06-11,영업/정상,,경기도 김포시 운양동 131-7,경기도 김포시 고촌로 135,샘플식당 2394,호프/통닭
2395,일반음식점,SAMPLE-02395,2022-06-12,폐업,2023-10-09,경기도 김포시 북변동 1126-7,경기도 김포시 김포대로 277,샘플식당 2395,한식
2396,일반음식점,SAMPLE-02396,2022-06-14,영업/정상,,경기도 김포시 감정동 444-12,경기도 김포시 고촌로 134,샘플식당 2396,한식
2397,일반음식점,SAMPLE-02397,2022-06-14,영업/정상,,경기도 김포시 풍무동 1064-22,경기도 김포시 양촌로 277,샘플식당 2397,한식
2398,일반음식점,SAMPLE-02398,2022-06-15,폐업,2025-04-14,경기도 김포시 걸포동 1977-19,경기도 김포시 양촌로 26,샘플식당 2398,커피숍
2399,일반음식점,SAMPLE-02399,2022-06-16,영업/정상,,경기도 김포시 양촌읍 477-18,경기도 김포시 고촌로 196,샘플식당 2399,한식
2400,일반음식점,SAMPLE-02400,2022-06-20,영업/정상,,경기도 김포시 운양동 1706-28,경기도 김포시 김포대로 287,샘플식당 2400,제과점영업
2401,일반음식점,SAMPLE-02401,2022-06-24,영업/정상,,경기도 김포시 월곶면 1423-4,경기도 김포시 김포대로 243,샘플식당 2401,한식
2402,일반음식점,SAMPLE-02402,2022-06-28,폐업,2026-01-26,경기도 김포시 풍무동 1844-16,경기도 김포시 승가로 276,샘플식당 2402,제과점영업
2403,일반음식점,SAMPLE-02403,2022-07-01,폐업,2026-02-05,경기도 김포시 사우동 755-2,경기도 김포시 김포한강9로 184,샘플식당 2403,한식
2404,일반음식점,SAMPLE-02404,2022-07-06,영업/정상,,경기도 김포시 양촌읍 60-4,경기도 김포시 김포한강9로 263,샘플식당 2404,정종/대포집/소주방
2405,일반음식점,SAMPLE-02405,2022-07-06,영업/정상,,경기도 김포시 구래동 773-18,경기도 김포시 김포한강9로 270,샘플식당 2405,한식
2406,일반음식점,SAMPLE-02406,2022-07-08,영업/정상,,경기도 김포시 북변동 1811-26,경기도 김포시 봉화로 171,샘플식당 2406,기타
2407,일반음식점,SAMPLE-02407,2022-07-10,영업/정상,,경기도 김포시 풍무동 1737-17,경기도 김포시 승가로 228,샘플식당 2407,기타
2408,일반음식점,SAMPLE-02408,2022-07-10,폐업,2024-01-18,경기도 김포시 마산동 1489-14,경기도 김포시 김포한강4로 9,샘플식당 2408,커피숍
2409,일반음식점,SAMPLE-02409,2022-07-12,폐업,2023-03-20,경기도 김포시 운양동 1453-13,경기도 김포시 봉화로 212,샘플식당 2409,정종/대포집/소주방
2410,일반음식점,SAMPLE-02410,2022-07-13,영업/정상,,경기도 김포시 월곶면 744-1,경기도 김포시 고촌로 56,샘플식당 2410,호프/통닭
2411,일반음식점,SAMPLE-02411,2022-07-19,영업/정상,,경기도 김포시 사우동 272-17,경기도 김포시 태장로 123,샘플식당 2411,한식
2412,일반음식점,SAMPLE-02412,2022-07-19,영업/정상,,경기도 김포시 구래동 1736-28,경기도 김포시 고촌로 220,샘플식당 2412,일식
2413,일반음식점,SAMPLE-02413,2022-07-21,폐업,2025-02-06,경기도 김포시 마산동 669-25,경기도 김포시 태장로 237,샘플식당 2413,커피숍
2414,일반음식점,SAMPLE-02414,2022-07-22,폐업,2024-06-25,경기도 김포시 구래동 1302-29,경기도 김포시 통진로 258,샘플식당 2414,분식
2415,일반음식점,SAMPLE-02415,2022-07-22,폐업,2025-04-04,경기도 김포시 마산동 217-3,경기도 김포시 봉화로 217,샘플식당 2415,정종/대포집/소주방
2416,일반음식점,SAMPLE-02416,2022-07-24,영업/정상,,경기도 김포시 사우동 342-28,경기도 김포시 김포한강4로 184,샘플식당 2416,제과점영업
2417,일반음식점,SAMPLE-02417,2022-07-25,영업/정상,,경기도 김포시 풍무동 420-13,경기도 김포시 김포한강4로 182,샘플식당 2417,한식
2418,일반음식점,SAMPLE-02418,2022-07-26,폐업,2023-08-20,경기도 김포시 하성면 596-26,경기도 김포시 김포한강9로 67,샘플식당 2418,분식
2419,일반음식점,SAMPLE-02419,2022-07-26,폐업,2025-07-25,경기도 김포시 운양동 1707-28,경기도 김포시 고촌로 64,샘플식당 2419,한식
2420,일반음식점,SAMPLE-02420,2022-07-27,영업/정상,,경기도 김포시 북변동 1229-4,경기도 김포시 봉화로 37,샘플식당 2420,정종/대포집/소주방
2421,일반음식점,SAMPLE-02421,2022-07-29,폐업,2023-06-12,경기도 김포시 감정동 1155-17,경기도 김포시 고촌로 255,샘플식당 2421,정종/대포집/소주방
2422,일반음식점,SAMPLE-02422,2022-07-29,폐업,2025-04-12,경기도 김포시 북변동 863-17,경기도 김포시 김포한강4로 47,샘플식당 2422,김밥(도시락)
2423,일반음식점,SAMPLE-02423,2022-07-29,폐업,2024-08-05,경기도 김포시 구래동 1665-27,경기도 김포시 김포한강4로 225,샘플식당 2423,한식
2424,일반음식점,SAMPLE-02424,2022-07-29,영업/정상,,경기도 김포시 고촌읍 1771-18,경기도 김포시 봉화로 254,샘플식당 2424,정종/대포집/소주방
2425,일반음식점,SAMPLE-02425,2022-08-01,영업/정상,,경기도 김포시 구래동 546-23,경기도 김포시 태장로 245,샘플식당 2425,일식
2426,일반음식점,SAMPLE-02426,2022-08-02,영업/정상,,경기도 김포시 장기동 237-9,경기도 김포시 양촌로 139,샘플식당 2426,중국식
2427,일반음식점,SAMPLE-02427,2022-08-02,폐업,2023-06-10,경기도 김포시 양촌읍 234-5,경기도 김포시 양촌로 255,샘플식당 2427,분식
2428,일반음식점,SAMPLE-02428,2022-08-02,영업/정상,,경기도 김포시 장기동 906-7,경기도 김포시 고촌로 230,샘플식당 2428,한식
2429,일반음식점,SAMPLE-02429,2022-08-06,영업/정상,,경기도 김포시 북변동 1213-17,경기도 김포시 통진로 225,샘플식당 2429,분식
2430,일반음식점,SAMPLE-02430,2022-08-07,폐업,2024-10-09,경기도 김포시 고촌읍 578-25,경기도 김포시 통진로 137,샘플식당 2430,한식
2431,일반음식점,SAMPLE-02431,2022-08-12,폐업,2026-07-10,경기도 김포시 구래동 741-17,경기도 김포시 봉화로 34,샘플식당 2431,중국식
2432,일반음식점,SAMPLE-02432,2022-08-12,영업/정상,,경기도 김포시 고촌읍 958-7,경기도 김포시 김포한강4로 230,샘플식당 2432,한식
2433,일반음식점,SAMPLE-02433,2022-08-13,영업/정상,,경기도 김포시 장기동 1898-25,경기도 김포시 양촌로 213,샘플식당 2433,한식
2434,일반음식점,SAMPLE-02434,2022-08-15,폐업,2024-10-24,경기도 김포시 걸포동 1254-26,경기도 김포시 양촌로 149,샘플식당 2434,호프/통닭
2435,일반음식점,SAMPLE-02435,2022-08-15,폐업,2025-01-11,경기도 김포시 마산동 1632-9,경기도 김포시 양촌로 150,샘플식당 2435,한식
2436,일반음식점,SAMPLE-02436,2022-08-17,폐업,2025-11-12,경기도 김포시 양촌읍 493-22,경기도 김포시 통진로 69,샘플식당 2436,중국식
2437,일반음식점,SAMPLE-02437,2022-08-17,영업/정상,,경기도 김포시 걸포동 1982-8,경기도 김포시 김포한강9로 173,샘플식당 2437,한식
2438,일반음식점,SAMPLE-02438,2022-08-19,폐업,2025-03-12,경기도 김포시 사우동 800-4,경기도 김포시 양촌로 128,샘플식당 2438,정종/대포집/소주방
2439,일반음식점,SAMPLE-02439,2022-08-21,영업/정상,,경기도 김포시 감정동 454-18,경기도 김포시 고촌로 117,샘플식당 2439,한식
2440,일반음식점,SAMPLE-02440,2022-08-21,영업/정상,,경기도 김포시 장기동 1839-27,경기도 김포시 통진로 146,샘플식당 2440,한식
2441,일반음식점,SAMPLE-02441,2022-08-22,영업/정상,,경기도 김포시 고촌읍 1644-23,경기도 김포시 봉화로 174,샘플식당 2441,한식
2442,일반음식점,SAMPLE-02442,2022-08-22,영업/정상,,경기도 김포시 장기동 1816-3,경기도 김포시 김포대로 125,샘플식당 2442,한식
2443,일반음식점,SAMPLE-02443,2022-08-22,영업/정상,,경기도 김포시 양촌읍 1872-10,경기도 김포시 김포대로 121,샘플식당 2443,분식
2444,일반음식점,SAMPLE-02444,2022-08-24,폐업,2024-08-16,경기도 김포시 양촌읍 334-18,경기도 김포시 통진로 192,샘플식당 2444,커피숍
2445,일반음식점,SAMPLE-02445,2022-08-25,영업/정상,,경기도 김포시 풍무동 537-5,경기도 김포시 김포한강9로 253,샘플식당 2445,정종/대포집/소주방
2446,일반음식점,SAMPLE-02446,2022-08-26,영업/정상,,경기도 김포시 장기동 682-14,경기도 김포시 승가로 111,샘플식당 2446,중국식
2447,일반음식점,SAMPLE-02447,2022-08-27,폐업,2025-10-16,경기도 김포시 장기동 214-2,경기도 김포시 고촌로 255,샘플식당 2447,한식
2448,일반음식점,SAMPLE-02448,2022-08-29,영업/정상,,경기도 김포시 마산동 1413-9,경기도 김포시 태장로 236,샘플식당 2448,경양식
2449,일반음식점,SAMPLE-02449,2022-08-29,영업/정상,,경기도 김포시 양촌읍 1100-25,경기도 김포시 김포한강9로 33,샘플식당 2449,한식
2450,일반음식점,SAMPLE-02450,2022-08-30,영업/정상,,경기도 김포시 통진읍 1482-5,경기도 김포시 승가로 231,샘플식당 2450,한식
2451,일반음식점,SAMPLE-02451,2022-09-01,영업/정상,,경기도 김포시 사우동 173-4,경기도 김포시 승가로 39,샘플식당 2451,김밥(도시락)
2452,일반음식점,SAMPLE-02452,2022-09-04,영업/정상,,경기도 김포시 통진읍 1419-17,경기도 김포시 김포한강4로 183,샘플식당 2452,한식
2453,일반음식점,SAMPLE-02453,2022-09-05,영업/정상,,경기도 김포시 장기동 807-17,경기도 김포시 김포한강4로 74,샘플식당 2453,중국식
2454,일반음식점,SAMPLE-02454,2022-09-05,영업/정상,,경기도 김포시 마산동 478-26,경기도 김포시 김포대로 64,샘플식당 2454,일식
2455,일반음식점,SAMPLE-02455,2022-09-08,영업/정상,,경기도 김포시 운양동 402-12,경기도 김포시 양촌로 175,샘플식당 2455,호프/통닭
2456,일반음식점,SAMPLE-02456,2022-09-08,영업/정상,,경기도 김포시 운양동 9-25,경기도 김포시 봉화로 19,샘플식당 2456,한식
2457,일반음식점,SAMPLE-02457,2022-09-09,영업/정상,,경기도 김포시 마산동 1088-27,경기도 김포시 태장로 8,샘플식당 2457,한식
2458,일반음식점,SAMPLE-02458,2022-09-10,영업/정상,,경기도 김포시 구래동 1207-8,경기도 김포시 양촌로 257,샘플식당 2458,한식
2459,일반음식점,SAMPLE-02459,2022-09-10,폐업,2026-09-23,경기도 김포시 양촌읍 1341-28,경기도 김포시 김포대로 183,샘플식당 2459,분식
2460,일반음식점,SAMPLE-02460,2022-09-10,폐업,2025-03-10,경기도 김포시 양촌읍 1339-16,경기도 김포시 승가로 265,샘플식당 2460,한식
2461,일반음식점,SAMPLE-02461,2022-09-12,영업/정상,,경기도 김포시 걸포동 1916-18,경기도 김포시 김포대로 64,샘플식당 2461,기타
2462,일반음식점,SAMPLE-02462,2022-09-12,폐업,2024-03-30,경기도 김포시 운양동 85-13,경기도 김포시 승가로 108,샘플식당 2462,정종/대포집/소주방
2463,일반음식점,SAMPLE-02463,2022-09-12,폐업,2025-06-21,경기도 김포시 통진읍 750-21,경기도 김포시 봉화로 239,샘플식당 2463,정종/대포집/소주방
2464,일반음식점,SAMPLE-02464,2022-09-13,영업/정상,,경기도 김포시 감정동 366-12,경기도 김포시 태장로 83,샘플식당 2464,기타
2465,일반음식점,SAMPLE-02465,2022-09-14,영업/정상,,경기도 김포시 운양동 1518-24,경기도 김포시 봉화로 261,샘플식당 2465,기타
2466,일반음식점,SAMPLE-02466,2022-09-15,영업/정상,,경기도 김포시 운양동 223-23,경기도 김포시 봉화로 236,샘플식당 2466,한식
2467,일반음식점,SAMPLE-02467,2022-09-17,폐업,2024-11-01,경기도 김포시 장기동 901-16,경기도 김포시 양촌로 108,샘플식당 2467,한식
2468,일반음식점,SAMPLE-02468,2022-09-25,폐업,2024-12-29,경기도 김포시 북변동 1902-24,경기도 김포시 양촌로 116,샘플식당 2468,정종/대포집/소주방
2469,일반음식점,SAMPLE-02469,2022-09-26,영업/정상,,경기도 김포시 양촌읍 1185-3,경기도 김포시 통진로 87,샘플식당 2469,호프/통닭
2470,일반음식점,SAMPLE-02470,2022-09-29,폐업,2026-09-06,경기도 김포시 운양동 37-11,경기도 김포시 태장로 85,샘플식당 2470,제과점영업
2471,일반음식점,SAMPLE-02471,2022-10-01,영업/정상,,경기도 김포시 고촌읍 511-30,경기도 김포시 봉화로 246,샘플식당 2471,한식
2472,일반음식점,SAMPLE-02472,2022-10-01,폐업,2025-06-06,경기도 김포시 운양동 1598-13,경기도 김포시 김포한강9로 143,샘플식당 2472,김밥(도시락)
2473,일반음식점,SAMPLE-02473,2022-10-01,영업/정상,,경기도 김포시 하성면 1385-4,경기도 김포시 통진로 43,샘플식당 2473,한식
2474,일반음식점,SAMPLE-02474,2022-10-01,영업/정상,,경기도 김포시 장기동 981-27,경기도 김포시 양촌로 70,샘플식당 2474,한식
2475,일반음식점,SAMPLE-02475,2022-10-03,영업/정상,,경기도 김포시 양촌읍 1012-8,경기도 김포시 김포대로 22,샘플식당 2475,한식
2476,일반음식점,SAMPLE-02476,2022-10-03,폐업,2025-12-30,경기도 김포시 양촌읍 399-8,경기도 김포시 승가로 128,샘플식당 2476,까페
2477,일반음식점,SAMPLE-02477,2022-10-04,폐업,2023-11-09,경기도 김포시 양촌읍 1413-25,경기도 김포시 승가로 208,샘플식당 2477,호프/통닭
2478,일반음식점,SAMPLE-02478,2022-10-06,폐업,2025-02-16,경기도 김포시 걸포동 1273-24,경기도 김포시 고촌로 4,샘플식당 2478,한식
2479,일반음식점,SAMPLE-02479,2022-10-07,영업/정상,,경기도 김포시 운양동 1629-18,경기도 김포시 봉화로 136,샘플식당 2479,한식
2480,일반음식점,SAMPLE-02480,2022-10-08,폐업,2024-01-27,경기도 김포시 사우동 333-10,경기도 김포시 고촌로 85,샘플식당 2480,정종/대포집/소주방
2481,일반음식점,SAMPLE-02481,2022-10-09,영업/정상,,경기도 김포시 북변동 1753-27,경기도 김포시 양촌로 204,샘플식당 2481,커피숍
2482,일반음식점,SAMPLE-02482,2022-10-13,폐업,2025-06-01,경기도 김포시 풍무동 564-26,경기도 김포시 고촌로 64,샘플식당 2482,커피숍
2483,일반음식점,SAMPLE-02483,2022-10-15,영업/정상,,경기도 김포시 북변동 974-13,경기도 김포시 김포한강9로 165,샘플식당 2483,기타
2484,일반음식점,SAMPLE-02484,2022-10-19,영업/정상,,경기도 김포시 마산동 660-28,경기도 김포시 김포한강4로 2,샘플식당 2484,한식
2485,일반음식점,SAMPLE-02485,2022-10-21,영업/정상,,경기도 김포시 구래동 1841-9,경기도 김포시 김포대로 96,샘플식당 2485,한식
2486,일반음식점,SAMPLE-02486,2022-10-24,영업/정상,,경기도 김포시 걸포동 1784-30,경기도 김포시 승가로 208,샘플식당 2486,한식
2487,일반음식점,SAMPLE-02487,2022-10-26,영업/정상,,경기도 김포시 운양동 1791-4,경기도 김포시 통진로 121,샘플식당 2487,한식
2488,일반음식점,SAMPLE-02488,2022-10-27,영업/정상,,경기도 김포시 구래동 874-28,경기도 김포시 김포대로 13,샘플식당 2488,한식
2489,일반음식점,SAMPLE-02489,2022-10-29,영업/정상,,경기도 김포시 장기동 599-2,경기도 김포시 고촌로 205,샘플식당 2489,한식
2490,일반음식점,SAMPLE-02490,2022-10-29,폐업,2024-10-04,경기도 김포시 걸포동 556-18,경기도 김포시 고촌로 222,샘플식당 2490,일식
2491,일반음식점,SAMPLE-02491,2022-10-30,영업/정상,,경기도 김포시 고촌읍 1441-23,경기도 김포시 태장로 208,샘플식당 2491,한식
2492,일반음식점,SAMPLE-02492,2022-10-30,영업/정상,,경기도 김포시 북변동 167-12,경기도 김포시 김포한강9로 82,샘플식당 2492,김밥(도시락)
2493,일반음식점,SAMPLE-02493,2022-11-02,영업/정상,,경기도 김포시 북변동 1953-3,경기도 김포시 통진로 76,샘플식당 2493,호프/통닭
2494,일반음식점,SAMPLE-02494,2022-11-02,폐업,2025-08-23,경기도 김포시 장기동 1639-24,경기도 김포시 승가로 169,샘플식당 2494,까페
2495,일반음식점,SAMPLE-02495,2022-11-03,영업/정상,,경기도 김포시 구래동 1551-2,경기도 김포시 고촌로 261,샘플식당 2495,한식
2496,일반음식점,SAMPLE-02496,2022-11-03,폐업,2026-08-03,경기도 김포시 양촌읍 217-11,경기도 김포시 김포한강9로 10,샘플식당 2496,분식
2497,일반음식점,SAMPLE-02497,2022-11-04,영업/정상,,경기도 김포시 풍무동 650-14,경기도 김포시 승가로 212,샘플식당 2497,기타
2498,일반음식점,SAMPLE-02498,2022-11-05,영업/정상,,경기도 김포시 사우동 1686-15,경기도 김포시 김포대로 60,샘플식당 2498,한식
2499,일반음식점,SAMPLE-02499,2022-11-07,영업/정상,,경기도 김포시 풍무동 1104-24,경기도 김포시 양촌로 178,샘플식당 2499,한식
2500,일반음식점,SAMPLE-02500,2022-11-09,영업/정상,,경기도 김포시 고촌읍 1074-21,경기도 김포시 태장로 136,샘플식당 2500,한식
2501,일반음식점,SAMPLE-02501,2022-11-09,영업/정상,,경기도 김포시 구래동 1485-21,경기도 김포시 김포대로 222,샘플식당 2501,호프/통닭
2502,일반음식점,SAMPLE-02502,2022-11-12,폐업,2024-07-11,경기도 김포시 양촌읍 1891-28,경기도 김포시 봉화로 55,샘플식당 2502,중국식
2503,일반음식점,SAMPLE-02503,2022-11-13,영업/정상,,경기도 김포시 구래동 1487-26,경기도 김포시 양촌로 149,샘플식당 2503,호프/통닭
2504,일반음식점,SAMPLE-02504,2022-11-19,영업/정상,,경기도 김포시 구래동 1554-12,경기도 김포시 고촌로 75,샘플식당 2504,정종/대포집/소주방
2505,일반음식점,SAMPLE-02505,2022-11-19,폐업,2025-09-17,경기도 김포시 걸포동 141-9,경기도 김포시 통진로 51,샘플식당 2505,기타
2506,일반음식점,SAMPLE-02506,2022-11-19,영업/정상,,경기도 김포시 장기동 1396-5,경기도 김포시 봉화로 65,샘플식당 2506,한식
2507,일반음식점,SAMPLE-02507,2022-11-20,폐업,2026-07-10,경기도 김포시 장기동 443-29,경기도 김포시 봉화로 54,샘플식당 2507,분식
2508,일반음식점,SAMPLE-02508,2022-11-20,폐업,2025-11-04,경기도 김포시 운양동 775-11,경기도 김포시 양촌로 202,샘플식당 2508,일식
2509,일반음식점,SAMPLE-02509,2022-11-20,영업/정상,,경기도 김포시 고촌읍 763-10,경기도 김포시 통진로 42,샘플식당 2509,경양식
2510,일반음식점,SAMPLE-02510,2022-11-25,영업/정상,,경기도 김포시 걸포동 1717-21,경기도 김포시 고촌로 161,샘플식당 2510,일식
2511,일반음식점,SAMPLE-02511,2022-11-27,영업/정상,,경기도 김포시 감정동 571-21,경기도 김포시 양촌로 231,샘플식당 2511,기타
2512,일반음식점,SAMPLE-02512,2022-11-29,폐업,2024-05-25,경기도 김포시 구래동 1681-15,경기도 김포시 봉화로 75,샘플식당 2512,한식
2513,일반음식점,SAMPLE-02513,2022-11-30,폐업,2025-01-12,경기도 김포시 구래동 1814-15,경기도 김포시 양촌로 188,샘플식당 2513,일식
2514,일반음식점,SAMPLE-02514,2022-11-30,영업/정상,,경기도 김포시 풍무동 754-24,경기도 김포시 김포한강4로 8,샘플식당 2514,일식
2515,일반음식점,SAMPLE-02515,2022-12-01,영업/정상,,경기도 김포시 사우동 1077-2,경기도 김포시 김포한강4로 36,샘플식당 2515,제과점영업
2516,일반음식점,SAMPLE-02516,2022-12-04,폐업,2025-08-04,경기도 김포시 장기동 1805-1,경기도 김포시 봉화로 174,샘플식당 2516,한식
2517,일반음식점,SAMPLE-02517,2022-12-04,폐업,2024-12-29,경기도 김포시 통진읍 1762-7,경기도 김포시 태장로 181,샘플식당 2517,경양식
2518,일반음식점,SAMPLE-02518,2022-12-06,영업/정상,,경기도 김포시 대곶면 1860-11,경기도 김포시 고촌로 123,샘플식당 2518,일식
2519,일반음식점,SAMPLE-02519,2022-12-08,폐업,2025-12-05,경기도 김포시 풍무동 1115-19,경기도 김포시 양촌로 125,샘플식당 2519,분식
2520,일반음식점,SAMPLE-02520,2022-12-15,폐업,2023-11-10,경기도 김포시 마산동 1169-3,경기도 김포시 김포한강9로 155,샘플식당 2520,정종/대포집/소주방
2521,일반음식점,SAMPLE-02521,2022-12-16,폐업,2026-03-04,경기도 김포시 마산동 845-29,경기도 김포시 김포대로 116,샘플식당 2521,호프/통닭
2522,일반음식점,SAMPLE-02522,2022-12-18,영업/정상,,경기도 김포시 양촌읍 938-11,경기도 김포시 양촌로 127,샘플식당 2522,한식
2523,일반음식점,SAMPLE-02523,2022-12-19,폐업,2026-09-29,경기도 김포시 양촌읍 1199-1,경기도 김포시 양촌로 88,샘플식당 2523,일식
2524,일반음식점,SAMPLE-02524,2022-12-21,폐업,2025-01-11,경기도 김포시 운양동 81-18,경기도 김포시 김포한강9로 126,샘플식당 2524,제과점영업
2525,일반음식점,SAMPLE-02525,2022-12-22,영업/정상,,경기도 김포시 구래동 28-8,경기도 김포시 김포대로 156,샘플식당 2525,일식
2526,일반음식점,SAMPLE-02526,2022-12-22,폐업,2025-07-17,경기도 김포시 양촌읍 683-14,경기도 김포시 통진로 56,샘플식당 2526,정종/대포집/소주방
2527,일반음식점,SAMPLE-02527,2022-12-22,영업/정상,,경기도 김포시 양촌읍 1703-23,경기도 김포시 김포한강4로 84,샘플식당 2527,제과점영업
2528,일반음식점,SAMPLE-02528,2022-12-25,폐업,2024-01-03,경기도 김포시 북변동 95-12,경기도 김포시 태장로 9,샘플식당 2528,까페
2529,일반음식점,SAMPLE-02529,2022-12-25,영업/정상,,경기도 김포시 마산동 1653-13,경기도 김포시 승가로 181,샘플식당 2529,경양식
2530,일반음식점,SAMPLE-02530,2022-12-25,폐업,2026-08-15,경기도 김포시 사우동 1021-23,경기도 김포시 태장로 27,샘플식당 2530,한식
2531,일반음식점,SAMPLE-02531,2022-12-25,영업/정상,,경기도 김포시 구래동 951-4,경기도 김포시 양촌로 267,샘플식당 2531,기타
2532,일반음식점,SAMPLE-02532,2022-12-26,폐업,2026-01-05,경기도 김포시 대곶면 1354-17,경기도 김포시 승가로 13,샘플식당 2532,분식
2533,일반음식점,SAMPLE-02533,2022-12-29,폐업,2024-11-20,경기도 김포시 운양동 826-13,경기도 김포시 승가로 265,샘플식당 2533,호프/통닭
2534,일반음식점,SAMPLE-02534,2022-12-29,영업/정상,,경기도 김포시 마산동 1851-2,경기도 김포시 김포한강4로 148,샘플식당 2534,한식
2535,일반음식점,SAMPLE-02535,2022-12-29,폐업,2024-01-01,경기도 김포시 구래동 1535-13,경기도 김포시 봉화로 5,샘플식당 2535,커피숍
2536,일반음식점,SAMPLE-02536,2022-12-30,폐업,2024-07-22,경기도 김포시 양촌읍 804-9,경기도 김포시 김포한강9로 228,샘플식당 2536,한식
2537,일반음식점,SAMPLE-02537,2023-01-02,영업/정상,,경기도 김포시 구래동 1083-5,경기도 김포시 통진로 152,샘플식당 2537,한식
2538,일반음식점,SAMPLE-02538,2023-01-03,영업/정상,,경기도 김포시 장기동 1578-16,경기도 김포시 태장로 226,샘플식당 2538,분식
2539,일반음식점,SAMPLE-02539,2023-01-05,영업/정상,,경기도 김포시 운양동 1919-9,경기도 김포시 김포대로 144,샘플식당 2539,제과점영업
2540,일반음식점,SAMPLE-02540,2023-01-06,영업/정상,,경기도 김포시 걸포동 925-22,경기도 김포시 통진로 261,샘플식당 2540,한식
2541,일반음식점,SAMPLE-02541,2023-01-08,영업/정상,,경기도 김포시 운양동 517-10,경기도 김포시 태장로 47,샘플식당 2541,한식
2542,일반음식점,SAMPLE-02542,2023-01-09,폐업,2024-03-30,경기도 김포시 감정동 454-20,경기도 김포시 김포한강4로 88,샘플식당 2542,분식
2543,일반음식점,SAMPLE-02543,2023-01-14,영업/정상,,경기도 김포시 장기동 163-2,경기도 김포시 통진로 76,샘플식당 2543,한식
2544,일반음식점,SAMPLE-02544,2023-01-15,영업/정상,,경기도 김포시 장기동 654-9,경기도 김포시 김포한강4로 237,샘플식당 2544,한식
2545,일반음식점,SAMPLE-02545,2023-01-15,영업/정상,,경기도 김포시 장기동 1134-19,경기도 김포시 김포한강4로 179,샘플식당 2545,한식
2546,일반음식점,SAMPLE-02546,2023-01-16,영업/정상,,경기도 김포시 구래동 622-18,경기도 김포시 승가로 164,샘플식당 2546,한식
2547,일반음식점,SAMPLE-02547,2023-01-16,영업/정상,,경기도 김포시 운양동 1059-14,경기도 김포시 통진로 23,샘플식당 2547,한식
2548,일반음식점,SAMPLE-02548,2023-01-17,영업/정상,,경기도 김포시 통진읍 662-14,경기도 김포시 태장로 180,샘플식당 2548,정종/대포집/소주방
2549,일반음식점,SAMPLE-02549,2023-01-17,영업/정상,,경기도 김포시 대곶면 1573-1,경기도 김포시 고촌로 51,샘플식당 2549,호프/통닭
2550,일반음식점,SAMPLE-02550,2023-01-19,폐업,2025-06-09,경기도 김포시 구래동 1625-17,경기도 김포시 통진로 23,샘플식당 2550,김밥(도시락)
2551,일반음식점,SAMPLE-02551,2023-01-19,영업/정상,,경기도 김포시 운양동 1568-27,경기도 김포시 양촌로 190,샘플식당 2551,커피숍
2552,일반음식점,SAMPLE-02552,2023-01-22,영업/정상,,경기도 김포시 풍무동 952-15,경기도 김포시 승가로 33,샘플식당 2552,한식
2553,일반음식점,SAMPLE-02553,2023-01-24,영업/정상,,경기도 김포시 장기동 1369-25,경기도 김포시 봉화로 226,샘플식당 2553,호프/통닭
2554,일반음식점,SAMPLE-02554,2023-01-24,영업/정상,,경기도 김포시 마산동 800-3,경기도 김포시 김포한강9로 111,샘플식당 2554,한식
2555,일반음식점,SAMPLE-02555,2023-01-25,폐업,2026-09-17,경기도 김포시 풍무동 1254-28,경기도 김포시 김포한강4로 270,샘플식당 2555,커피숍
2556,일반음식점,SAMPLE-02556,2023-01-25,영업/정상,,경기도 김포시 구래동 835-17,경기도 김포시 승가로 137,샘플식당 2556,한식
2557,일반음식점,SAMPLE-02557,2023-01-27,폐업,2026-01-16,경기도 김포시 운양동 1097-16,경기도 김포시 김포한강4로 274,샘플식당 2557,분식
2558,일반음식점,SAMPLE-02558,2023-01-29,폐업,2025-11-03,경기도 김포시 마산동 685-27,경기도 김포시 통진로 174,샘플식당 2558,호프/통닭
2559,일반음식점,SAMPLE-02559,2023-01-30,영업/정상,,경기도 김포시 고촌읍 1275-19,경기도 김포시 승가로 236,샘플식당 2559,한식
2560,일반음식점,SAMPLE-02560,2023-02-02,영업/정상,,경기도 김포시 장기동 1433-23,경기도 김포시 승가로 275,샘플식당 2560,기타
2561,일반음식점,SAMPLE-02561,2023-02-02,영업/정상,,경기도 김포시 마산동 1564-1,경기도 김포시 양촌로 72,샘플식당 2561,커피숍
2562,일반음식점,SAMPLE-02562,2023-02-04,영업/정상,,경기도 김포시 장기동 1699-29,경기도 김포시 고촌로 84,샘플식당 2562,한식
2563,일반음식점,SAMPLE-02563,2023-02-07,영업/정상,,경기도 김포시 감정동 902-22,경기도 김포시 태장로 90,샘플식당 2563,정종/대포집/소주방
2564,일반음식점,SAMPLE-02564,2023-02-09,영업/정상,,경기도 김포시 구래동 820-15,경기도 김포시 통진로 121,샘플식당 2564,한식
2565,일반음식점,SAMPLE-02565,2023-02-11,영업/정상,,경기도 김포시 풍무동 83-12,경기도 김포시 김포한강9로 96,샘플식당 2565,중국식
2566,일반음식점,SAMPLE-02566,2023-02-12,영업/정상,,경기도 김포시 마산동 901-17,경기도 김포시 김포한강9로 101,샘플식당 2566,기타
2567,일반음식점,SAMPLE-02567,2023-02-12,영업/정상,,경기도 김포시 풍무동 169-10,경기도 김포시 양촌로 274,샘플식당 2567,커피숍
2568,일반음식점,SAMPLE-02568,2023-02-15,영업/정상,,경기도 김포시 감정동 1104-19,경기도 김포시 김포한강4로 238,샘플식당 2568,한식
2569,일반음식점,SAMPLE-02569,2023-02-15,영업/정상,,경기도 김포시 양촌읍 504-23,경기도 김포시 김포대로 207,샘플식당 2569,제과점영업
2570,일반음식점,SAMPLE-02570,2023-02-16,영업/정상,,경기도 김포시 구래동 18-5,경기도 김포시 태장로 125,샘플식당 2570,한식
2571,일반음식점,SAMPLE-02571,2023-02-17,영업/정상,,경기도 김포시 사우동 727-18,경기도 김포시 고촌로 197,샘플식당 2571,중국식
2572,일반음식점,SAMPLE-02572,2023-02-18,영업/정상,,경기도 김포시 마산동 599-27,경기도 김포시 김포대로 154,샘플식당 2572,까페
2573,일반음식점,SAMPLE-02573,2023-02-20,영업/정상,,경기도 김포시 통진읍 1292-7,경기도 김포시 고촌로 220,샘플식당 2573,한식
2574,일반음식점,SAMPLE-02574,2023-02-20,폐업,2023-10-26,경기도 김포시 감정동 177-10,경기도 김포시 김포한강4로 114,샘플식당 2574,김밥(도시락)
2575,일반음식점,SAMPLE-02575,2023-02-22,영업/정상,,경기도 김포시 사우동 940-15,경기도 김포시 승가로 49,샘플식당 2575,제과점영업
2576,일반음식점,SAMPLE-02576,2023-02-23,폐업,2026-09-18,경기도 김포시 장기동 1094-19,경기도 김포시 양촌로 7,샘플식당 2576,중국식
2577,일반음식점,SAMPLE-02577,2023-03-03,영업/정상,,경기도 김포시 장기동 808-25,경기도 김포시 양촌로 87,샘플식당 2577,분식
2578,일반음식점,SAMPLE-02578,2023-03-03,영업/정상,,경기도 김포시 장기동 1768-4,경기도 김포시 김포대로 142,샘플식당 2578,제과점영업
2579,일반음식점,SAMPLE-02579,2023-03-04,영업/정상,,경기도 김포시 양촌읍 795-23,경기도 김포시 김포한강9로 140,샘플식당 2579,한식
2580,일반음식점,SAMPLE-02580,2023-03-10,폐업,2024-02-11,경기도 김포시 장기동 1846-29,경기도 김포시 양촌로 89,샘플식당 2580,김밥(도시락)
2581,일반음식점,SAMPLE-02581,2023-03-10,영업/정상,,경기도 김포시 월곶면 679-22,경기도 김포시 양촌로 107,샘플식당 2581,일식
2582,일반음식점,SAMPLE-02582,2023-03-11,영업/정상,,경기도 김포시 양촌읍 1529-8,경기도 김포시 김포한강9로 80,샘플식당 2582,한식
2583,일반음식점,SAMPLE-02583,2023-03-11,폐업,2025-01-05,경기도 김포시 풍무동 1938-2,경기도 김포시 태장로 300,샘플식당 2583,한식
2584,일반음식점,SAMPLE-02584,2023-03-13,영업/정상,,경기도 김포시 고촌읍 153-2,경기도 김포시 승가로 99,샘플식당 2584,한식
2585,일반음식점,SAMPLE-02585,2023-03-16,영업/정상,,경기도 김포시 마산동 1623-9,경기도 김포시 고촌로 172,샘플식당 2585,호프/통닭
2586,일반음식점,SAMPLE-02586,2023-03-18,영업/정상,,경기도 김포시 사우동 708-15,경기도 김포시 양촌로 261,샘플식당 2586,분식
2587,일반음식점,SAMPLE-02587,2023-03-19,폐업,2025-01-21,경기도 김포시 감정동 525-6,경기도 김포시 김포한강4로 246,샘플식당 2587,정종/대포집/소주방
2588,일반음식점,SAMPLE-02588,2023-03-20,영업/정상,,경기도 김포시 운양동 1629-18,경기도 김포시 고촌로 7,샘플식당 2588,분식
2589,일반음식점,SAMPLE-02589,2023-03-20,영업/정상,,경기도 김포시 풍무동 177-29,경기도 김포시 승가로 272,샘플식당 2589,경양식
2590,일반음식점,SAMPLE-02590,2023-03-20,폐업,2024-07-24,경기도 김포시 구래동 1465-6,경기도 김포시 승가로 125,샘플식당 2590,정종/대포집/소주방
2591,일반음식점,SAMPLE-02591,2023-03-21,영업/정상,,경기도 김포시 고촌읍 1797-20,경기도 김포시 김포한강4로 114,샘플식당 2591,호프/통닭
2592,일반음식점,SAMPLE-02592,2023-03-22,영업/정상,,경기도 김포시 북변동 607-11,경기도 김포시 양촌로 109,샘플식당 2592,기타
2593,일반음식점,SAMPLE-02593,2023-03-24,폐업,2026-01-04,경기도 김포시 북변동 986-23,경기도 김포시 승가로 189,샘플식당 2593,정종/대포집/소주방
2594,일반음식점,SAMPLE-02594,2023-03-24,폐업,2026-07-20,경기도 김포시 북변동 1246-26,경기도 김포시 김포한강4로 167,샘플식당 2594,경양식
2595,일반음식점,SAMPLE-02595,2023-03-27,영업/정상,,경기도 김포시 장기동 1727-9,경기도 김포시 통진로 179,샘플식당 2595,정종/대포집/소주방
2596,일반음식점,SAMPLE-02596,2023-03-28,폐업,2026-06-04,경기도 김포시 마산동 1053-9,경기도 김포시 봉화로 61,샘플식당 2596,한식
2597,일반음식점,SAMPLE-02597,2023-04-01,영업/정상,,경기도 김포시 구래동 306-14,경기도 김포시 태장로 141,샘플식당 2597,한식
2598,일반음식점,SAMPLE-02598,2023-04-04,폐업,2025-06-28,경기도 김포시 구래동 566-3,경기도 김포시 김포대로 185,샘플식당 2598,김밥(도시락)
2599,일반음식점,SAMPLE-02599,2023-04-06,폐업,2025-07-25,경기도 김포시 풍무동 925-29,경기도 김포시 김포한강9로 121,샘플식당 2599,분식
2600,일반음식점,SAMPLE-02600,2023-04-07,영업/정상,,경기도 김포시 장기동 530-20,경기도 김포시 김포대로 139,샘플식당 2600,일식
2601,일반음식점,SAMPLE-02601,2023-04-07,영업/정상,,경기도 김포시 통진읍 696-21,경기도 김포시 통진로 204,샘플식당 2601,제과점영업
2602,일반음식점,SAMPLE-02602,2023-04-07,영업/정상,,경기도 김포시 구래동 1017-3,경기도 김포시 양촌로 30,샘플식당 2602,한식
2603,일반음식점,SAMPLE-02603,2023-04-08,폐업,2025-04-16,경기도 김포시 걸포동 378-28,경기도 김포시 김포대로 123,샘플식당 2603,기타
2604,일반음식점,SAMPLE-02604,2023-04-11,영업/정상,,경기도 김포시 구래동 418-16,경기도 김포시 통진로 128,샘플식당 2604,한식
2605,일반음식점,SAMPLE-02605,2023-04-11,폐업,2025-11-29,경기도 김포시 고촌읍 1804-27,경기도 김포시 통진로 187,샘플식당 2605,한식
2606,일반음식점,SAMPLE-02606,2023-04-13,영업/정상,,경기도 김포시 장기동 1278-18,경기도 김포시 김포대로 48,샘플식당 2606,일식
2607,일반음식점,SAMPLE-02607,2023-04-14,영업/정상,,경기도 김포시 구래동 928-2,경기도 김포시 고촌로 194,샘플식당 2607,한식
2608,일반음식점,SAMPLE-02608,2023-04-14,폐업,2025-11-27,경기도 김포시 마산동 377-15,경기도 김포시 김포한강4로 215,샘플식당 2608,한식
2609,일반음식점,SAMPLE-02609,2023-04-15,영업/정상,,경기도 김포시 구래동 1241-8,경기도 김포시 태장로 135,샘플식당 2609,기타
2610,일반음식점,SAMPLE-02610,2023-04-16,폐업,2024-06-06,경기도 김포시 운양동 1150-25,경기도 김포시 봉화로 85,샘플식당 2610,정종/대포집/소주방
2611,일반음식점,SAMPLE-02611,2023-04-17,영업/정상,,경기도 김포시 운양동 1850-1,경기도 김포시 김포한강9로 250,샘플식당 2611,한식
2612,일반음식점,SAMPLE-02612,2023-04-17,영업/정상,,경기도 김포시 북변동 286-4,경기도 김포시 김포한강4로 279,샘플식당 2612,기타
2613,일반음식점,SAMPLE-02613,2023-04-18,영업/정상,,경기도 김포시 통진읍 328-20,경기도 김포시 김포한강4로 76,샘플식당 2613,커피숍
2614,일반음식점,SAMPLE-02614,2023-04-20,폐업,2026-09-24,경기도 김포시 사우동 779-27,경기도 김포시 통진로 11,샘플식당 2614,한식
2615,일반음식점,SAMPLE-02615,2023-04-24,폐업,2025-04-07,경기도 김포시 운양동 87-18,경기도 김포시 양촌로 184,샘플식당 2615,일식
2616,일반음식점,SAMPLE-02616,2023-04-24,폐업,2024-12-01,경기도 김포시 사우동 38-29,경기도 김포시 태장로 195,샘플식당 2616,제과점영업
2617,일반음식점,SAMPLE-02617,2023-04-24,영업/정상,,경기도 김포시 구래동 1485-16,경기도 김포시 양촌로 279,샘플식당 2617,기타
2618,일반음식점,SAMPLE-02618,2023-04-25,폐업,2025-11-13,경기도 김포시 장기동 735-26,경기도 김포시 김포대로 202,샘플식당 2618,한식
2619,일반음식점,SAMPLE-02619,2023-04-25,폐업,2025-01-20,경기도 김포시 운양동 596-7,경기도 김포시 승가로 300,샘플식당 2619,호프/통닭
2620,일반음식점,SAMPLE-02620,2023-04-26,영업/정상,,경기도 김포시 운양동 385-3,경기도 김포시 김포대로 234,샘플식당 2620,커피숍
2621,일반음식점,SAMPLE-02621,2023-05-02,폐업,2026-02-02,경기도 김포시 월곶면 1371-18,경기도 김포시 통진로 35,샘플식당 2621,기타
2622,일반음식점,SAMPLE-02622,2023-05-02,영업/정상,,경기도 김포시 고촌읍 1113-17,경기도 김포시 봉화로 85,샘플식당 2622,분식
2623,일반음식점,SAMPLE-02623,2023-05-03,영업/정상,,경기도 김포시 구래동 322-12,경기도 김포시 양촌로 9,샘플식당 2623,한식
2624,일반음식점,SAMPLE-02624,2023-05-04,폐업,2024-05-25,경기도 김포시 고촌읍 47-4,경기도 김포시 양촌로 264,샘플식당 2624,일식
2625,일반음식점,SAMPLE-02625,2023-05-05,폐업,2025-08-13,경기도 김포시 걸포동 990-25,경기도 김포시 태장로 99,샘플식당 2625,분식
2626,일반음식점,SAMPLE-02626,2023-05-07,폐업,2024-06-18,경기도 김포시 운양동 1172-25,경기도 김포시 봉화로 256,샘플식당 2626,한식
2627,일반음식점,SAMPLE-02627,2023-05-09,폐업,2024-07-27,경기도 김포시 통진읍 950-5,경기도 김포시 김포대로 62,샘플식당 2627,호프/통닭
2628,일반음식점,SAMPLE-02628,2023-05-19,영업/정상,,경기도 김포시 구래동 1293-28,경기도 김포시 김포한강9로 48,샘플식당 2628,김밥(도시락)
2629,일반음식점,SAMPLE-02629,2023-05-20,폐업,2024-05-02,경기도 김포시 풍무동 881-29,경기도 김포시 김포한강4로 93,샘플식당 2629,한식
2630,일반음식점,SAMPLE-02630,2023-05-22,영업/정상,,경기도 김포시 구래동 703-3,경기도 김포시 봉화로 101,샘플식당 2630,한식
2631,일반음식점,SAMPLE-02631,2023-05-23,영업/정상,,경기도 김포시 풍무동 1913-10,경기도 김포시 양촌로 238,샘플식당 2631,일식
2632,일반음식점,SAMPLE-02632,2023-05-24,영업/정상,,경기도 김포시 양촌읍 875-5,경기도 김포시 태장로 84,샘플식당 2632,한식
2633,일반음식점,SAMPLE-02633,2023-05-25,폐업,2024-09-19,경기도 김포시 운양동 1518-13,경기도 김포시 승가로 234,샘플식당 2633,분식
2634,일반음식점,SAMPLE-02634,2023-05-26,폐업,2025-07-26,경기도 김포시 구래동 1859-3,경기도 김포시 양촌로 172,샘플식당 2634,중국식
2635,일반음식점,SAMPLE-02635,2023-05-26,폐업,2025-08-25,경기도 김포시 월곶면 745-11,경기도 김포시 봉화로 11,샘플식당 2635,기타
2636,일반음식점,SAMPLE-02636,2023-05-27,폐업,2024-10-13,경기도 김포시 고촌읍 374-5,경기도 김포시 김포한강4로 122,샘플식당 2636,커피숍
2637,일반음식점,SAMPLE-02637,2023-05-28,영업/정상,,경기도 김포시 고촌읍 1212-4,경기도 김포시 태장로 135,샘플식당 2637,제과점영업
2638,일반음식점,SAMPLE-02638,2023-05-29,폐업,2026-04-25,경기도 김포시 양촌읍 657-14,경기도 김포시 태장로 92,샘플식당 2638,한식
2639,일반음식점,SAMPLE-02639,2023-05-31,영업/정상,,경기도 김포시 양촌읍 970-30,경기도 김포시 김포한강9로 188,샘플식당 2639,호프/통닭
2640,일반음식점,SAMPLE-02640,2023-06-01,폐업,2024-10-09,경기도 김포시 운양동 684-17,경기도 김포시 승가로 184,샘플식당 2640,정종/대포집/소주방
2641,일반음식점,SAMPLE-02641,2023-06-01,영업/정상,,경기도 김포시 월곶면 1570-25,경기도 김포시 양촌로 275,샘플식당 2641,한식
2642,일반음식점,SAMPLE-02642,2023-06-02,영업/정상,,경기도 김포시 양촌읍 926-27,경기도 김포시 양촌로 178,샘플식당 2642,한식
2643,일반음식점,SAMPLE-02643,2023-06-05,폐업,2025-10-12,경기도 김포시 고촌읍 1153-14,경기도 김포시 태장로 149,샘플식당 2643,호프/통닭
2644,일반음식점,SAMPLE-02644,2023-06-05,폐업,2025-10-03,경기도 김포시 북변동 1918-2,경기도 김포시 봉화로 62,샘플식당 2644,일식
2645,일반음식점,SAMPLE-02645,2023-06-07,영업/정상,,경기도 김포시 장기동 224-23,경기도 김포시 김포한강4로 32,샘플식당 2645,중국식
2646,일반음식점,SAMPLE-02646,2023-06-10,폐업,2026-03-02,경기도 김포시 풍무동 1901-28,경기도 김포시 김포대로 181,샘플식당 2646,한식
2647,일반음식점,SAMPLE-02647,2023-06-11,영업/정상,,경기도 김포시 통진읍 312-25,경기도 김포시 봉화로 168,샘플식당 2647,커피숍
2648,일반음식점,SAMPLE-02648,2023-06-15,폐업,2026-09-17,경기도 김포시 구래동 354-23,경기도 김포시 양촌로 27,샘플식당 2648,경양식
2649,일반음식점,SAMPLE-02649,2023-06-17,영업/정상,,경기도 김포시 걸포동 367-20,경기도 김포시 김포대로 218,샘플식당 2649,한식
2650,일반음식점,SAMPLE-02650,2023-06-18,영업/정상,,경기도 김포시 구래동 1663-28,경기도 김포시 봉화로 285,샘플식당 2650,정종/대포집/소주방
2651,일반음식점,SAMPLE-02651,2023-06-19,영업/정상,,경기도 김포시 고촌읍 1835-20,경기도 김포시 고촌로 81,샘플식당 2651,호프/통닭
2652,일반음식점,SAMPLE-02652,2023-06-20,폐업,2025-12-13,경기도 김포시 구래동 1639-11,경기도 김포시 봉화로 193,샘플식당 2652,한식
2653,일반음식점,SAMPLE-02653,2023-06-23,폐업,2025-09-12,경기도 김포시 북변동 548-11,경기도 김포시 봉화로 169,샘플식당 2653,정종/대포집/소주방
2654,일반음식점,SAMPLE-02654,2023-06-23,폐업,2025-01-22,경기도 김포시 북변동 636-9,경기도 김포시 김포한강4로 28,샘플식당 2654,기타
2655,일반음식점,SAMPLE-02655,2023-06-24,영업/정상,,경기도 김포시 장기동 597-27,경기도 김포시 김포한강4로 26,샘플식당 2655,한식
2656,일반음식점,SAMPLE-02656,2023-06-26,영업/정상,,경기도 김포시 양촌읍 27-9,경기도 김포시 승가로 71,샘플식당 2656,호프/통닭
2657,일반음식점,SAMPLE-02657,2023-06-26,폐업,2024-06-08,경기도 김포시 고촌읍 1098-19,경기도 김포시 김포한강4로 194,샘플식당 2657,기타
2658,일반음식점,SAMPLE-02658,2023-06-28,폐업,2025-03-04,경기도 김포시 걸포동 1379-18,경기도 김포시 태장로 250,샘플식당 2658,김밥(도시락)
2659,일반음식점,SAMPLE-02659,2023-06-28,폐업,2026-06-10,경기도 김포시 풍무동 46-12,경기도 김포시 김포한강9로 87,샘플식당 2659,커피숍
2660,일반음식점,SAMPLE-02660,2023-06-29,폐업,2025-05-23,경기도 김포시 구래동 1183-15,경기도 김포시 통진로 239,샘플식당 2660,일식
2661,일반음식점,SAMPLE-02661,2023-07-01,폐업,2025-11-29,경기도 김포시 월곶면 1145-24,경기도 김포시 김포한강4로 182,샘플식당 2661,정종/대포집/소주방
2662,일반음식점,SAMPLE-02662,2023-07-02,폐업,2025-02-13,경기도 김포시 마산동 676-3,경기도 김포시 봉화로 31,샘플식당 2662,한식
2663,일반음식점,SAMPLE-02663,2023-07-02,폐업,2026-04-22,경기도 김포시 양촌읍 1513-12,경기도 김포시 봉화로 5,샘플식당 2663,한식
2664,일반음식점,SAMPLE-02664,2023-07-04,영업/정상,,경기도 김포시 월곶면 1945-27,경기도 김포시 양촌로 64,샘플식당 2664,커피숍
2665,일반음식점,SAMPLE-02665,2023-07-04,영업/정상,,경기도 김포시 북변동 442-16,경기도 김포시 통진로 115,샘플식당 2665,기타
2666,일반음식점,SAMPLE-02666,2023-07-05,영업/정상,,경기도 김포시 사우동 110-17,경기도 김포시 김포대로 42,샘플식당 2666,정종/대포집/소주방
2667,일반음식점,SAMPLE-02667,2023-07-05,폐업,2024-09-15,경기도 김포시 구래동 271-15,경기도 김포시 고촌로 167,샘플식당 2667,기타
2668,일반음식점,SAMPLE-02668,2023-07-07,영업/정상,,경기도 김포시 장기동 1729-13,경기도 김포시 김포대로 22,샘플식당 2668,경양식
2669,일반음식점,SAMPLE-02669,2023-07-10,영업/정상,,경기도 김포시 양촌읍 1383-13,경기도 김포시 김포대로 206,샘플식당 2669,한식
2670,일반음식점,SAMPLE-02670,2023-07-10,폐업,2026-05-01,경기도 김포시 걸포동 1111-16,경기도 김포시 김포한강9로 203,샘플식당 2670,분식
2671,일반음식점,SAMPLE-02671,2023-07-10,영업/정상,,경기도 김포시 풍무동 1507-11,경기도 김포시 김포대로 208,샘플식당 2671,제과점영업
2672,일반음식점,SAMPLE-02672,2023-07-11,영업/정상,,경기도 김포시 월곶면 1579-5,경기도 김포시 김포한강4로 271,샘플식당 2672,호프/통닭
2673,일반음식점,SAMPLE-02673,2023-07-11,영업/정상,,경기도 김포시 장기동 1850-6,경기도 김포시 태장로 171,샘플식당 2673,한식
2674,일반음식점,SAMPLE-02674,2023-07-12,영업/정상,,경기도 김포시 풍무동 700-4,경기도 김포시 봉화로 155,샘플식당 2674,중국식
2675,일반음식점,SAMPLE-02675,2023-07-13,영업/정상,,경기도 김포시 구래동 1248-25,경기도 김포시 승가로 269,샘플식당 2675,호프/통닭
2676,일반음식점,SAMPLE-02676,2023-07-14,폐업,2026-08-30,경기도 김포시 풍무동 1334-24,경기도 김포시 양촌로 227,샘플식당 2676,한식
2677,일반음식점,SAMPLE-02677,2023-07-17,영업/정상,,경기도 김포시 북변동 1766-16,경기도 김포시 봉화로 7,샘플식당 2677,커피숍
2678,일반음식점,SAMPLE-02678,2023-07-17,영업/정상,,경기도 김포시 풍무동 440-20,경기도 김포시 태장로 93,샘플식당 2678,한식
2679,일반음식점,SAMPLE-02679,2023-07-17,폐업,2026-08-04,경기도 김포시 풍무동 1195-15,경기도 김포시 양촌로 41,샘플식당 2679,한식
2680,일반음식점,SAMPLE-02680,2023-07-18,영업/정상,,경기도 김포시 마산동 1042-2,경기도 김포시 봉화로 250,샘플식당 2680,기타
2681,일반음식점,SAMPLE-02681,2023-07-19,영업/정상,,경기도 김포시 걸포동 1148-13,경기도 김포시 봉화로 18,샘플식당 2681,한식
2682,일반음식점,SAMPLE-02682,2023-07-22,폐업,2026-01-27,경기도 김포시 장기동 432-5,경기도 김포시 김포한강9로 247,샘플식당 2682,제과점영업
2683,일반음식점,SAMPLE-02683,2023-07-25,영업/정상,,경기도 김포시 걸포동 1209-10,경기도 김포시 김포한강4로 99,샘플식당 2683,제과점영업
2684,일반음식점,SAMPLE-02684,2023-07-26,영업/정상,,경기도 김포시 고촌읍 492-1,경기도 김포시 양촌로 286,샘플식당 2684,경양식
2685,일반음식점,SAMPLE-02685,2023-07-27,영업/정상,,경기도 김포시 양촌읍 1455-5,경기도 김포시 김포대로 226,샘플식당 2685,커피숍
2686,일반음식점,SAMPLE-02686,2023-07-28,폐업,2025-04-19,경기도 김포시 양촌읍 1201-15,경기도 김포시 양촌로 240,샘플식당 2686,정종/대포집/소주방
2687,일반음식점,SAMPLE-02687,2023-07-28,영업/정상,,경기도 김포시 걸포동 971-13,경기도 김포시 고촌로 30,샘플식당 2687,호프/통닭
2688,일반음식점,SAMPLE-02688,2023-07-28,영업/정상,,경기도 김포시 운양동 1745-18,경기도 김포시 고촌로 118,샘플식당 2688,경양식
2689,일반음식점,SAMPLE-02689,2023-07-28,영업/정상,,경기도 김포시 풍무동 1767-28,경기도 김포시 김포한강9로 236,샘플식당 2689,분식
2690,일반음식점,SAMPLE-02690,2023-07-28,영업/정상,,경기도 김포시 고촌읍 508-21,경기도 김포시 김포대로 86,샘플식당 2690,분식
2691,일반음식점,SAMPLE-02691,2023-07-28,영업/정상,,경기도 김포시 구래동 57-28,경기도 김포시 김포한강9로 107,샘플식당 2691,커피숍
2692,일반음식점,SAMPLE-02692,2023-07-31,폐업,2025-06-01,경기도 김포시 장기동 1340-19,경기도 김포시 봉화로 133,샘플식당 2692,한식
2693,일반음식점,SAMPLE-02693,2023-08-02,영업/정상,,경기도 김포시 운양동 464-25,경기도 김포시 김포한강9로 194,샘플식당 2693,김밥(도시락)
2694,일반음식점,SAMPLE-02694,2023-08-04,영업/정상,,경기도 김포시 마산동 1151-1,경기도 김포시 통진로 195,샘플식당 2694,호프/통닭
2695,일반음식점,SAMPLE-02695,2023-08-06,영업/정상,,경기도 김포시 구래동 900-8,경기도 김포시 통진로 280,샘플식당 2695,한식
2696,일반음식점,SAMPLE-02696,2023-08-11,영업/정상,,경기도 김포시 장기동 997-25,경기도 김포시 승가로 9,샘플식당 2696,기타
2697,일반음식점,SAMPLE-02697,2023-08-12,폐업,2025-05-29,경기도 김포시 고촌읍 1579-13,경기도 김포시 봉화로 216,샘플식당 2697,한식
2698,일반음식점,SAMPLE-02698,2023-08-13,폐업,2024-06-28,경기도 김포시 구래동 1777-13,경기도 김포시 양촌로 289,샘플식당 2698,기타
2699,일반음식점,SAMPLE-02699,2023-08-13,폐업,2026-06-13,경기도 김포시 구래동 1685-17,경기도 김포시 양촌로 240,샘플식당 2699,커피숍
2700,일반음식점,SAMPLE-02700,2023-08-18,폐업,2026-04-30,경기도 김포시 장기동 613-17,경기도 김포시 김포한강4로 270,샘플식당 2700,한식
2701,일반음식점,SAMPLE-02701,2023-08-24,폐업,2025-05-15,경기도 김포시 양촌읍 82-6,경기도 김포시 고촌로 26,샘플식당 2701,한식
2702,일반음식점,SAMPLE-02702,2023-08-26,영업/정상,,경기도 김포시 월곶면 549-5,경기도 김포시 태장로 126,샘플식당 2702,일식
2703,일반음식점,SAMPLE-02703,2023-08-26,영업/정상,,경기도 김포시 마산동 408-26,경기도 김포시 김포한강4로 169,샘플식당 2703,한식
2704,일반음식점,SAMPLE-02704,2023-08-27,폐업,2026-04-03,경기도 김포시 걸포동 277-22,경기도 김포시 김포한강4로 214,샘플식당 2704,일식
2705,일반음식점,SAMPLE-02705,2023-08-27,폐업,2024-07-15,경기도 김포시 풍무동 502-1,경기도 김포시 김포한강4로 229,샘플식당 2705,기타
2706,일반음식점,SAMPLE-02706,2023-08-30,폐업,2025-02-12,경기도 김포시 북변동 1293-11,경기도 김포시 태장로 157,샘플식당 2706,정종/대포집/소주방
2707,일반음식점,SAMPLE-02707,2023-08-31,영업/정상,,경기도 김포시 장기동 1476-21,경기도 김포시 승가로 280,샘플식당 2707,정종/대포집/소주방
2708,일반음식점,SAMPLE-02708,2023-09-01,영업/정상,,경기도 김포시 풍무동 228-8,경기도 김포시 김포한강4로 276,샘플식당 2708,한식
2709,일반음식점,SAMPLE-02709,2023-09-05,영업/정상,,경기도 김포시 월곶면 1005-24,경기도 김포시 승가로 211,샘플식당 2709,호프/통닭
2710,일반음식점,SAMPLE-02710,2023-09-06,영업/정상,,경기도 김포시 장기동 1953-11,경기도 김포시 김포대로 4,샘플식당 2710,기타
2711,일반음식점,SAMPLE-02711,2023-09-06,폐업,2025-07-17,경기도 김포시 운양동 911-19,경기도 김포시 고촌로 42,샘플식당 2711,분식
2712,일반음식점,SAMPLE-02712,2023-09-10,영업/정상,,경기도 김포시 풍무동 844-27,경기도 김포시 승가로 199,샘플식당 2712,한식
2713,일반음식점,SAMPLE-02713,2023-09-12,영업/정상,,경기도 김포시 감정동 42-3,경기도 김포시 통진로 231,샘플식당 2713,커피숍
2714,일반음식점,SAMPLE-02714,2023-09-13,영업/정상,,경기도 김포시 북변동 1307-4,경기도 김포시 김포대로 40,샘플식당 2714,한식
2715,일반음식점,SAMPLE-02715,2023-09-13,영업/정상,,경기도 김포시 양촌읍 331-17,경기도 김포시 고촌로 211,샘플식당 2715,경양식
2716,일반음식점,SAMPLE-02716,2023-09-14,영업/정상,,경기도 김포시 고촌읍 1164-22,경기도 김포시 통진로 244,샘플식당 2716,김밥(도시락)
2717,일반음식점,SAMPLE-02717,2023-09-15,영업/정상,,경기도 김포시 구래동 727-13,경기도 김포시 승가로 36,샘플식당 2717,김밥(도시락)
2718,일반음식점,SAMPLE-02718,2023-09-15,폐업,2025-05-22,경기도 김포시 운양동 1983-10,경기도 김포시 통진로 74,샘플식당 2718,까페
2719,일반음식점,SAMPLE-02719,2023-09-16,영업/정상,,경기도 김포시 북변동 1356-8,경기도 김포시 승가로 254,샘플식당 2719,분식
2720,일반음식점,SAMPLE-02720,2023-09-16,영업/정상,,경기도 김포시 사우동 803-2,경기도 김포시 김포한강9로 134,샘플식당 2720,한식
2721,일반음식점,SAMPLE-02721,2023-09-18,영업/정상,,경기도 김포시 북변동 53-25,경기도 김포시 김포대로 75,샘플식당 2721,커피숍
2722,일반음식점,SAMPLE-02722,2023-09-18,영업/정상,,경기도 김포시 구래동 541-17,경기도 김포시 김포대로 133,샘플식당 2722,정종/대포집/소주방
2723,일반음식점,SAMPLE-02723,2023-09-22,영업/정상,,경기도 김포시 고촌읍 1143-20,경기도 김포시 봉화로 127,샘플식당 2723,제과점영업
2724,일반음식점,SAMPLE-02724,2023-09-23,폐업,2026-04-17,경기도 김포시 장기동 1985-15,경기도 김포시 봉화로 199,샘플식당 2724,한식
2725,일반음식점,SAMPLE-02725,2023-09-25,폐업,2026-01-23,경기도 김포시 마산동 1629-22,경기도 김포시 김포대로 274,샘플식당 2725,한식
2726,일반음식점,SAMPLE-02726,2023-09-26,영업/정상,,경기도 김포시 양촌읍 1554-28,경기도 김포시 김포한강9로 189,샘플식당 2726,커피숍
2727,일반음식점,SAMPLE-02727,2023-09-26,영업/정상,,경기도 김포시 장기동 1702-26,경기도 김포시 태장로 298,샘플식당 2727,호프/통닭
2728,일반음식점,SAMPLE-02728,2023-09-30,영업/정상,,경기도 김포시 장기동 1164-21,경기도 김포시 김포한강4로 294,샘플식당 2728,정종/대포집/소주방
2729,일반음식점,SAMPLE-02729,2023-10-02,영업/정상,,경기도 김포시 감정동 925-22,경기도 김포시 고촌로 41,샘플식당 2729,기타
2730,일반음식점,SAMPLE-02730,2023-10-06,영업/정상,,경기도 김포시 장기동 1269-28,경기도 김포시 승가로 148,샘플식당 2730,한식
2731,일반음식점,SAMPLE-02731,2023-10-07,폐업,2025-08-31,경기도 김포시 풍무동 1730-10,경기도 김포시 김포한강9로 163,샘플식당 2731,정종/대포집/소주방
2732,일반음식점,SAMPLE-02732,2023-10-09,폐업,2025-08-27,경기도 김포시 걸포동 819-9,경기도 김포시 김포대로 257,샘플식당 2732,중국식
2733,일반음식점,SAMPLE-02733,2023-10-12,영업/정상,,경기도 김포시 운양동 1346-6,경기도 김포시 김포한강9로 95,샘플식당 2733,기타
2734,일반음식점,SAMPLE-02734,2023-10-13,영업/정상,,경기도 김포시 양촌읍 1034-2,경기도 김포시 김포한강4로 180,샘플식당 2734,중국식
2735,일반음식점,SAMPLE-02735,2023-10-13,영업/정상,,경기도 김포시 마산동 1642-16,경기도 김포시 태장로 72,샘플식당 2735,정종/대포집/소주방
2736,일반음식점,SAMPLE-02736,2023-10-15,영업/정상,,경기도 김포시 구래동 138-15,경기도 김포시 고촌로 6,샘플식당 2736,기타
2737,일반음식점,SAMPLE-02737,2023-10-17,폐업,2025-07-09,경기도 김포시 운양동 1147-25,경기도 김포시 통진로 77,샘플식당 2737,정종/대포집/소주방
2738,일반음식점,SAMPLE-02738,2023-10-17,영업/정상,,경기도 김포시 걸포동 529-27,경기도 김포시 태장로 59,샘플식당 2738,커피숍
2739,일반음식점,SAMPLE-02739,2023-10-17,영업/정상,,경기도 김포시 구래동 1947-10,경기도 김포시 통진로 297,샘플식당 2739,한식
2740,일반음식점,SAMPLE-02740,2023-10-17,영업/정상,,경기도 김포시 고촌읍 52-25,경기도 김포시 봉화로 212,샘플식당 2740,일식
2741,일반음식점,SAMPLE-02741,2023-10-19,영업/정상,,경기도 김포시 장기동 116-10,경기도 김포시 통진로 116,샘플식당 2741,한식
2742,일반음식점,SAMPLE-02742,2023-10-19,영업/정상,,경기도 김포시 북변동 1960-6,경기도 김포시 승가로 285,샘플식당 2742,경양식
2743,일반음식점,SAMPLE-02743,2023-10-19,영업/정상,,경기도 김포시 양촌읍 1815-2,경기도 김포시 김포한강9로 214,샘플식당 2743,한식
2744,일반음식점,SAMPLE-02744,2023-10-21,영업/정상,,경기도 김포시 장기동 1482-20,경기도 김포시 봉화로 89,샘플식당 2744,중국식
2745,일반음식점,SAMPLE-02745,2023-10-21,폐업,2026-02-25,경기도 김포시 양촌읍 3-14,경기도 김포시 고촌로 251,샘플식당 2745,분식
2746,일반음식점,SAMPLE-02746,2023-10-22,영업/정상,,경기도 김포시 운양동 708-30,경기도 김포시 태장로 283,샘플식당 2746,커피숍
2747,일반음식점,SAMPLE-02747,2023-10-24,폐업,2026-02-07,경기도 김포시 걸포동 784-18,경기도 김포시 고촌로 178,샘플식당 2747,기타
2748,일반음식점,SAMPLE-02748,2023-10-24,영업/정상,,경기도 김포시 걸포동 1340-5,경기도 김포시 김포대로 63,샘플식당 2748,제과점영업
2749,일반음식점,SAMPLE-02749,2023-10-27,영업/정상,,경기도 김포시 고촌읍 611-7,경기도 김포시 태장로 15,샘플식당 2749,정종/대포집/소주방
2750,일반음식점,SAMPLE-02750,2023-10-28,영업/정상,,경기도 김포시 대곶면 540-13,경기도 김포시 통진로 17,샘플식당 2750,기타
2751,일반음식점,SAMPLE-02751,2023-10-30,폐업,2025-04-13,경기도 김포시 풍무동 1385-2,경기도 김포시 김포한강4로 294,샘플식당 2751,한식
2752,일반음식점,SAMPLE-02752,2023-11-04,영업/정상,,경기도 김포시 마산동 1168-27,경기도 김포시 태장로 105,샘플식당 2752,일식
2753,일반음식점,SAMPLE-02753,2023-11-04,폐업,2026-04-05,경기도 김포시 운양동 1518-15,경기도 김포시 통진로 97,샘플식당 2753,정종/대포집/소주방
2754,일반음식점,SAMPLE-02754,2023-11-05,폐업,2026-08-03,경기도 김포시 북변동 436-25,경기도 김포시 김포대로 64,샘플식당 2754,기타
2755,일반음식점,SAMPLE-02755,2023-11-07,폐업,2026-08-02,경기도 김포시 월곶면 1387-6,경기도 김포시 고촌로 2,샘플식당 2755,한식
2756,일반음식점,SAMPLE-02756,2023-11-07,영업/정상,,경기도 김포시 장기동 1355-14,경기도 김포시 승가로 128,샘플식당 2756,한식
2757,일반음식점,SAMPLE-02757,2023-11-09,영업/정상,,경기도 김포시 운양동 1060-22,경기도 김포시 김포대로 44,샘플식당 2757,한식
2758,일반음식점,SAMPLE-02758,2023-11-09,폐업,2024-06-18,경기도 김포시 양촌읍 442-12,경기도 김포시 고촌로 256,샘플식당 2758,기타
2759,일반음식점,SAMPLE-02759,2023-11-10,영업/정상,,경기도 김포시 통진읍 1042-7,경기도 김포시 봉화로 266,샘플식당 2759,한식
2760,일반음식점,SAMPLE-02760,2023-11-12,폐업,2024-06-22,경기도 김포시 구래동 1513-24,경기도 김포시 봉화로 125,샘플식당 2760,정종/대포집/소주방
2761,일반음식점,SAMPLE-02761,2023-11-13,폐업,2024-05-19,경기도 김포시 구래동 1297-18,경기도 김포시 고촌로 174,샘플식당 2761,한식
2762,일반음식점,SAMPLE-02762,2023-11-13,폐업,2026-04-10,경기도 김포시 운양동 432-13,경기도 김포시 태장로 275,샘플식당 2762,일식
2763,일반음식점,SAMPLE-02763,2023-11-14,영업/정상,,경기도 김포시 구래동 356-8,경기도 김포시 봉화로 271,샘플식당 2763,분식
2764,일반음식점,SAMPLE-02764,2023-11-15,영업/정상,,경기도 김포시 풍무동 203-22,경기도 김포시 김포대로 230,샘플식당 2764,한식
2765,일반음식점,SAMPLE-02765,2023-11-16,영업/정상,,경기도 김포시 구래동 618-13,경기도 김포시 승가로 283,샘플식당 2765,까페
2766,일반음식점,SAMPLE-02766,2023-11-18,영업/정상,,경기도 김포시 구래동 1098-23,경기도 김포시 통진로 133,샘플식당 2766,호프/통닭
2767,일반음식점,SAMPLE-02767,2023-11-20,영업/정상,,경기도 김포시 양촌읍 407-2,경기도 김포시 양촌로 203,샘플식당 2767,호프/통닭
2768,일반음식점,SAMPLE-02768,2023-11-20,영업/정상,,경기도 김포시 북변동 535-16,경기도 김포시 고촌로 80,샘플식당 2768,호프/통닭
2769,일반음식점,SAMPLE-02769,2023-11-21,영업/정상,,경기도 김포시 대곶면 1886-5,경기도 김포시 통진로 61,샘플식당 2769,호프/통닭
2770,일반음식점,SAMPLE-02770,2023-11-23,영업/정상,,경기도 김포시 북변동 58-30,경기도 김포시 고촌로 89,샘플식당 2770,정종/대포집/소주방
2771,일반음식점,SAMPLE-02771,2023-11-24,영업/정상,,경기도 김포시 걸포동 794-4,경기도 김포시 태장로 138,샘플식당 2771,정종/대포집/소주방
2772,일반음식점,SAMPLE-02772,2023-11-25,영업/정상,,경기도 김포시 운양동 298-7,경기도 김포시 김포대로 27,샘플식당 2772,기타
2773,일반음식점,SAMPLE-02773,2023-11-25,영업/정상,,경기도 김포시 구래동 671-15,경기도 김포시 태장로 140,샘플식당 2773,커피숍
2774,일반음식점,SAMPLE-02774,2023-11-26,폐업,2026-07-05,경기도 김포시 마산동 907-29,경기도 김포시 통진로 154,샘플식당 2774,정종/대포집/소주방
2775,일반음식점,SAMPLE-02775,2023-11-26,영업/정상,,경기도 김포시 감정동 55-2,경기도 김포시 통진로 28,샘플식당 2775,한식
2776,일반음식점,SAMPLE-02776,2023-11-27,폐업,2025-12-31,경기도 김포시 풍무동 1981-28,경기도 김포시 승가로 52,샘플식당 2776,일식
2777,일반음식점,SAMPLE-02777,2023-11-28,영업/정상,,경기도 김포시 풍무동 303-5,경기도 김포시 김포대로 105,샘플식당 2777,까페
2778,일반음식점,SAMPLE-02778,2023-11-28,영업/정상,,경기도 김포시 장기동 3-29,경기도 김포시 태장로 207,샘플식당 2778,커피숍
2779,일반음식점,SAMPLE-02779,2023-11-28,영업/정상,,경기도 김포시 장기동 26-13,경기도 김포시 김포한강4로 4,샘플식당 2779,한식
2780,일반음식점,SAMPLE-02780,2023-11-30,영업/정상,,경기도 김포시 장기동 415-18,경기도 김포시 봉화로 271,샘플식당 2780,호프/통닭
2781,일반음식점,SAMPLE-02781,2023-12-01,영업/정상,,경기도 김포시 감정동 1550-18,경기도 김포시 김포한강9로 175,샘플식당 2781,한식
2782,일반음식점,SAMPLE-02782,2023-12-01,영업/정상,,경기도 김포시 장기동 30-14,경기도 김포시 김포한강4로 279,샘플식당 2782,까페
2783,일반음식점,SAMPLE-02783,2023-12-03,영업/정상,,경기도 김포시 고촌읍 388-10,경기도 김포시 김포한강9로 103,샘플식당 2783,호프/통닭
2784,일반음식점,SAMPLE-02784,2023-12-04,영업/정상,,경기도 김포시 구래동 1138-28,경기도 김포시 태장로 189,샘플식당 2784,분식
2785,일반음식점,SAMPLE-02785,2023-12-04,영업/정상,,경기도 김포시 구래동 724-27,경기도 김포시 통진로 217,샘플식당 2785,한식
2786,일반음식점,SAMPLE-02786,2023-12-05,영업/정상,,경기도 김포시 걸포동 1425-7,경기도 김포시 승가로 43,샘플식당 2786,한식
2787,일반음식점,SAMPLE-02787,2023-12-08,폐업,2026-07-17,경기도 김포시 운양동 1952-1,경기도 김포시 고촌로 40,샘플식당 2787,까페
2788,일반음식점,SAMPLE-02788,2023-12-11,폐업,2025-02-27,경기도 김포시 운양동 178-20,경기도 김포시 통진로 275,샘플식당 2788,김밥(도시락)
2789,일반음식점,SAMPLE-02789,2023-12-11,영업/정상,,경기도 김포시 장기동 775-30,경기도 김포시 고촌로 75,샘플식당 2789,정종/대포집/소주방
2790,일반음식점,SAMPLE-02790,2023-12-13,영업/정상,,경기도 김포시 걸포동 377-8,경기도 김포시 김포대로 67,샘플식당 2790,제과점영업
2791,일반음식점,SAMPLE-02791,2023-12-13,폐업,2025-03-28,경기도 김포시 장기동 245-30,경기도 김포시 태장로 285,샘플식당 2791,기타
2792,일반음식점,SAMPLE-02792,2023-12-14,영업/정상,,경기도 김포시 감정동 554-17,경기도 김포시 태장로 217,샘플식당 2792,기타
2793,일반음식점,SAMPLE-02793,2023-12-17,영업/정상,,경기도 김포시 운양동 803-27,경기도 김포시 고촌로 101,샘플식당 2793,일식
2794,일반음식점,SAMPLE-02794,2023-12-18,영업/정상,,경기도 김포시 풍무동 348-16,경기도 김포시 태장로 265,샘플식당 2794,분식
2795,일반음식점,SAMPLE-02795,2023-12-19,영업/정상,,경기도 김포시 걸포동 866-19,경기도 김포시 태장로 269,샘플식당 2795,일식
2796,일반음식점,SAMPLE-02796,2023-12-19,영업/정상,,경기도 김포시 걸포동 1735-9,경기도 김포시 고촌로 172,샘플식당 2796,분식
2797,일반음식점,SAMPLE-02797,2023-12-19,영업/정상,,경기도 김포시 구래동 1219-29,경기도 김포시 태장로 11,샘플식당 2797,한식
2798,일반음식점,SAMPLE-02798,2023-12-20,영업/정상,,경기도 김포시 마산동 879-5,경기도 김포시 봉화로 53,샘플식당 2798,한식
2799,일반음식점,SAMPLE-02799,2023-12-20,영업/정상,,경기도 김포시 장기동 188-29,경기도 김포시 고촌로 69,샘플식당 2799,중국식
2800,일반음식점,SAMPLE-02800,2023-12-21,영업/정상,,경기도 김포시 장기동 1470-21,경기도 김포시 김포한강9로 100,샘플식당 2800,한식
2801,일반음식점,SAMPLE-02801,2023-12-22,영업/정상,,경기도 김포시 고촌읍 1248-16,경기도 김포시 김포대로 174,샘플식당 2801,경양식
2802,일반음식점,SAMPLE-02802,2023-12-22,영업/정상,,경기도 김포시 구래동 560-25,경기도 김포시 고촌로 216,샘플식당 2802,일식
2803,일반음식점,SAMPLE-02803,2023-12-27,폐업,2026-04-30,경기도 김포시 통진읍 1864-24,경기도 김포시 양촌로 75,샘플식당 2803,한식
2804,일반음식점,SAMPLE-02804,2023-12-28,영업/정상,,경기도 김포시 마산동 898-29,경기도 김포시 고촌로 182,샘플식당 2804,한식
2805,일반음식점,SAMPLE-02805,2023-12-31,영업/정상,,경기도 김포시 풍무동 600-27,경기도 김포시 김포대로 100,샘플식당 2805,김밥(도시락)
2806,일반음식점,SAMPLE-02806,2024-01-01,영업/정상,,경기도 김포시 구래동 1568-14,경기도 김포시 김포한강4로 19,샘플식당 2806,한식
2807,일반음식점,SAMPLE-02807,2024-01-03,폐업,2026-02-21,경기도 김포시 사우동 714-23,경기도 김포시 태장로 32,샘플식당 2807,기타
2808,일반음식점,SAMPLE-02808,2024-01-03,영업/정상,,경기도 김포시 운양동 1720-13,경기도 김포시 태장로 76,샘플식당 2808,한식
2809,일반음식점,SAMPLE-02809,2024-01-05,영업/정상,,경기도 김포시 장기동 1646-2,경기도 김포시 승가로 83,샘플식당 2809,호프/통닭
2810,일반음식점,SAMPLE-02810,2024-01-06,폐업,2026-06-02,경기도 김포시 고촌읍 1205-6,경기도 김포시 김포한강4로 172,샘플식당 2810,김밥(도시락)
2811,일반음식점,SAMPLE-02811,2024-01-06,영업/정상,,경기도 김포시 사우동 961-12,경기도 김포시 봉화로 68,샘플식당 2811,정종/대포집/소주방
2812,일반음식점,SAMPLE-02812,2024-01-07,영업/정상,,경기도 김포시 장기동 396-6,경기도 김포시 태장로 254,샘플식당 2812,정종/대포집/소주방
2813,일반음식점,SAMPLE-02813,2024-01-07,영업/정상,,경기도 김포시 풍무동 1538-7,경기도 김포시 김포대로 181,샘플식당 2813,호프/통닭
2814,일반음식점,SAMPLE-02814,2024-01-10,폐업,2025-11-22,경기도 김포시 통진읍 1858-2,경기도 김포시 양촌로 211,샘플식당 2814,김밥(도시락)
2815,일반음식점,SAMPLE-02815,2024-01-11,영업/정상,,경기도 김포시 감정동 910-18,경기도 김포시 김포한강4로 28,샘플식당 2815,까페
2816,일반음식점,SAMPLE-02816,2024-01-12,영업/정상,,경기도 김포시 고촌읍 21-11,경기도 김포시 통진로 298,샘플식당 2816,한식
2817,일반음식점,SAMPLE-02817,2024-01-15,영업/정상,,경기도 김포시 통진읍 217-1,경기도 김포시 태장로 198,샘플식당 2817,한식
2818,일반음식점,SAMPLE-02818,2024-01-20,영업/정상,,경기도 김포시 마산동 831-25,경기도 김포시 승가로 192,샘플식당 2818,일식
2819,일반음식점,SAMPLE-02819,2024-01-20,폐업,2026-03-16,경기도 김포시 마산동 1502-13,경기도 김포시 태장로 77,샘플식당 2819,중국식
2820,일반음식점,SAMPLE-02820,2024-01-21,영업/정상,,경기도 김포시 운양동 1970-15,경기도 김포시 김포대로 75,샘플식당 2820,한식
2821,일반음식점,SAMPLE-02821,2024-01-27,영업/정상,,경기도 김포시 고촌읍 530-20,경기도 김포시 고촌로 196,샘플식당 2821,한식
2822,일반음식점,SAMPLE-02822,2024-01-29,영업/정상,,경기도 김포시 풍무동 1560-8,경기도 김포시 양촌로 204,샘플식당 2822,한식
2823,일반음식점,SAMPLE-02823,2024-01-29,영업/정상,,경기도 김포시 풍무동 716-20,경기도 김포시 태장로 251,샘플식당 2823,기타
2824,일반음식점,SAMPLE-02824,2024-01-29,영업/정상,,경기도 김포시 대곶면 987-25,경기도 김포시 김포한강4로 167,샘플식당 2824,커피숍
2825,일반음식점,SAMPLE-02825,2024-01-30,영업/정상,,경기도 김포시 사우동 703-6,경기도 김포시 김포대로 194,샘플식당 2825,김밥(도시락)
2826,일반음식점,SAMPLE-02826,2024-01-31,영업/정상,,경기도 김포시 양촌읍 1599-20,경기도 김포시 봉화로 78,샘플식당 2826,일식
2827,일반음식점,SAMPLE-02827,2024-02-01,영업/정상,,경기도 김포시 통진읍 596-5,경기도 김포시 봉화로 162,샘플식당 2827,한식
2828,일반음식점,SAMPLE-02828,2024-02-02,영업/정상,,경기도 김포시 구래동 1229-11,경기도 김포시 김포한강9로 104,샘플식당 2828,기타
2829,일반음식점,SAMPLE-02829,2024-02-03,영업/정상,,경기도 김포시 양촌읍 1042-1,경기도 김포시 태장로 49,샘플식당 2829,커피숍
2830,일반음식점,SAMPLE-02830,2024-02-03,폐업,2025-06-28,경기도 김포시 월곶면 1976-29,경기도 김포시 김포한강9로 267,샘플식당 2830,호프/통닭
2831,일반음식점,SAMPLE-02831,2024-02-05,영업/정상,,경기도 김포시 마산동 470-27,경기도 김포시 김포한강9로 99,샘플식당 2831,한식
2832,일반음식점,SAMPLE-02832,2024-02-06,영업/정상,,경기도 김포시 양촌읍 1340-3,경기도 김포시 양촌로 170,샘플식당 2832,한식
2833,일반음식점,SAMPLE-02833,2024-02-07,영업/정상,,경기도 김포시 운양동 502-27,경기도 김포시 김포한강9로 39,샘플식당 2833,김밥(도시락)
2834,일반음식점,SAMPLE-02834,2024-02-08,폐업,2025-12-13,경기도 김포시 양촌읍 1708-10,경기도 김포시 봉화로 231,샘플식당 2834,정종/대포집/소주방
2835,일반음식점,SAMPLE-02835,2024-02-09,영업/정상,,경기도 김포시 양촌읍 1800-17,경기도 김포시 승가로 120,샘플식당 2835,기타
2836,일반음식점,SAMPLE-02836,2024-02-13,영업/정상,,경기도 김포시 고촌읍 698-29,경기도 김포시 통진로 261,샘플식당 2836,경양식
2837,일반음식점,SAMPLE-02837,2024-02-15,영업/정상,,경기도 김포시 풍무동 879-19,경기도 김포시 봉화로 13,샘플식당 2837,한식
2838,일반음식점,SAMPLE-02838,2024-02-16,폐업,2025-03-08,경기도 김포시 마산동 514-30,경기도 김포시 고촌로 245,샘플식당 2838,제과점영업
2839,일반음식점,SAMPLE-02839,2024-02-19,영업/정상,,경기도 김포시 구래동 1177-3,경기도 김포시 양촌로 236,샘플식당 2839,한식
2840,일반음식점,SAMPLE-02840,2024-02-24,영업/정상,,경기도 김포시 장기동 1417-6,경기도 김포시 김포대로 269,샘플식당 2840,한식
2841,일반음식점,SAMPLE-02841,2024-02-25,영업/정상,,경기도 김포시 사우동 1152-3,경기도 김포시 양촌로 77,샘플식당 2841,제과점영업
2842,일반음식점,SAMPLE-02842,2024-02-26,폐업,2026-02-21,경기도 김포시 월곶면 1001-30,경기도 김포시 봉화로 195,샘플식당 2842,커피숍
2843,일반음식점,SAMPLE-02843,2024-02-28,영업/정상,,경기도 김포시 마산동 840-13,경기도 김포시 봉화로 34,샘플식당 2843,한식
2844,일반음식점,SAMPLE-02844,2024-02-29,폐업,2026-06-10,경기도 김포시 운양동 185-18,경기도 김포시 양촌로 97,샘플식당 2844,한식
2845,일반음식점,SAMPLE-02845,2024-03-01,영업/정상,,경기도 김포시 풍무동 890-22,경기도 김포시 양촌로 79,샘플식당 2845,일식
2846,일반음식점,SAMPLE-02846,2024-03-04,영업/정상,,경기도 김포시 풍무동 1215-1,경기도 김포시 봉화로 56,샘플식당 2846,커피숍
2847,일반음식점,SAMPLE-02847,2024-03-04,영업/정상,,경기도 김포시 북변동 1087-17,경기도 김포시 통진로 171,샘플식당 2847,기타
2848,일반음식점,SAMPLE-02848,2024-03-05,영업/정상,,경기도 김포시 마산동 1670-25,경기도 김포시 승가로 64,샘플식당 2848,김밥(도시락)
2849,일반음식점,SAMPLE-02849,2024-03-07,영업/정상,,경기도 김포시 장기동 1617-22,경기도 김포시 고촌로 119,샘플식당 2849,한식
2850,일반음식점,SAMPLE-02850,2024-03-08,영업/정상,,경기도 김포시 장기동 443-16,경기도 김포시 승가로 269,샘플식당 2850,김밥(도시락)
2851,일반음식점,SAMPLE-02851,2024-03-09,영업/정상,,경기도 김포시 걸포동 1201-4,경기도 김포시 양촌로 75,샘플식당 2851,호프/통닭
2852,일반음식점,SAMPLE-02852,2024-03-10,영업/정상,,경기도 김포시 장기동 1488-1,경기도 김포시 고촌로 190,샘플식당 2852,까페
2853,일반음식점,SAMPLE-02853,2024-03-12,영업/정상,,경기도 김포시 구래동 976-4,경기도 김포시 양촌로 32,샘플식당 2853,한식
2854,일반음식점,SAMPLE-02854,2024-03-13,영업/정상,,경기도 김포시 사우동 515-14,경기도 김포시 고촌로 283,샘플식당 2854,정종/대포집/소주방
2855,일반음식점,SAMPLE-02855,2024-03-14,영업/정상,,경기도 김포시 풍무동 1624-15,경기도 김포시 김포한강4로 201,샘플식당 2855,한식
2856,일반음식점,SAMPLE-02856,2024-03-14,영업/정상,,경기도 김포시 걸포동 1433-18,경기도 김포시 양촌로 161,샘플식당 2856,호프/통닭
2857,일반음식점,SAMPLE-02857,2024-03-15,영업/정상,,경기도 김포시 북변동 760-6,경기도 김포시 고촌로 156,샘플식당 2857,한식
2858,일반음식점,SAMPLE-02858,2024-03-16,폐업,2025-08-25,경기도 김포시 고촌읍 674-17,경기도 김포시 태장로 14,샘플식당 2858,한식
2859,일반음식점,SAMPLE-02859,2024-03-17,폐업,2026-07-19,경기도 김포시 장기동 1976-28,경기도 김포시 양촌로 68,샘플식당 2859,호프/통닭
2860,일반음식점,SAMPLE-02860,2024-03-17,영업/정상,,경기도 김포시 사우동 988-30,경기도 김포시 통진로 12,샘플식당 2860,중국식
2861,일반음식점,SAMPLE-02861,2024-03-19,폐업,2026-06-01,경기도 김포시 마산동 1059-27,경기도 김포시 승가로 55,샘플식당 2861,김밥(도시락)
2862,일반음식점,SAMPLE-02862,2024-03-19,폐업,2025-04-02,경기도 김포시 장기동 648-27,경기도 김포시 태장로 58,샘플식당 2862,정종/대포집/소주방
2863,일반음식점,SAMPLE-02863,2024-03-20,영업/정상,,경기도 김포시 북변동 1354-5,경기도 김포시 승가로 212,샘플식당 2863,중국식
2864,일반음식점,SAMPLE-02864,2024-03-22,영업/정상,,경기도 김포시 운양동 1206-30,경기도 김포시 김포대로 1,샘플식당 2864,커피숍
2865,일반음식점,SAMPLE-02865,2024-03-22,영업/정상,,경기도 김포시 마산동 1044-6,경기도 김포시 태장로 171,샘플식당 2865,한식
2866,일반음식점,SAMPLE-02866,2024-03-24,영업/정상,,경기도 김포시 북변동 699-22,경기도 김포시 봉화로 272,샘플식당 2866,정종/대포집/소주방
2867,일반음식점,SAMPLE-02867,2024-03-24,영업/정상,,경기도 김포시 운양동 405-27,경기도 김포시 양촌로 165,샘플식당 2867,커피숍
2868,일반음식점,SAMPLE-02868,2024-03-28,영업/정상,,경기도 김포시 고촌읍 629-27,경기도 김포시 양촌로 232,샘플식당 2868,한식
2869,일반음식점,SAMPLE-02869,2024-03-29,폐업,2025-08-21,경기도 김포시 운양동 1310-12,경기도 김포시 양촌로 229,샘플식당 2869,한식
2870,일반음식점,SAMPLE-02870,2024-03-29,영업/정상,,경기도 김포시 운양동 559-30,경기도 김포시 김포대로 94,샘플식당 2870,호프/통닭
2871,일반음식점,SAMPLE-02871,2024-04-02,영업/정상,,경기도 김포시 운양동 1991-20,경기도 김포시 통진로 96,샘플식당 2871,커피숍
2872,일반음식점,SAMPLE-02872,2024-04-02,영업/정상,,경기도 김포시 사우동 786-30,경기도 김포시 태장로 255,샘플식당 2872,기타
2873,일반음식점,SAMPLE-02873,2024-04-03,영업/정상,,경기도 김포시 고촌읍 513-8,경기도 김포시 승가로 97,샘플식당 2873,까페
2874,일반음식점,SAMPLE-02874,2024-04-06,영업/정상,,경기도 김포시 고촌읍 1176-27,경기도 김포시 김포대로 261,샘플식당 2874,한식
2875,일반음식점,SAMPLE-02875,2024-04-06,영업/정상,,경기도 김포시 양촌읍 1042-26,경기도 김포시 통진로 186,샘플식당 2875,커피숍
2876,일반음식점,SAMPLE-02876,2024-04-06,폐업,2026-07-17,경기도 김포시 고촌읍 1195-14,경기도 김포시 김포한강9로 75,샘플식당 2876,한식
2877,일반음식점,SAMPLE-02877,2024-04-07,영업/정상,,경기도 김포시 운양동 611-10,경기도 김포시 김포대로 190,샘플식당 2877,한식
2878,일반음식점,SAMPLE-02878,2024-04-07,폐업,2026-08-16,경기도 김포시 장기동 1346-27,경기도 김포시 김포한강9로 252,샘플식당 2878,정종/대포집/소주방
2879,일반음식점,SAMPLE-02879,2024-04-08,영업/정상,,경기도 김포시 고촌읍 1677-5,경기도 김포시 태장로 234,샘플식당 2879,기타
2880,일반음식점,SAMPLE-02880,2024-04-08,영업/정상,,경기도 김포시 고촌읍 854-20,경기도 김포시 승가로 180,샘플식당 2880,한식
2881,일반음식점,SAMPLE-02881,2024-04-10,영업/정상,,경기도 김포시 사우동 853-2,경기도 김포시 통진로 135,샘플식당 2881,한식
2882,일반음식점,SAMPLE-02882,2024-04-10,영업/정상,,경기도 김포시 양촌읍 994-14,경기도 김포시 고촌로 44,샘플식당 2882,한식
2883,일반음식점,SAMPLE-02883,2024-04-12,영업/정상,,경기도 김포시 풍무동 1312-20,경기도 김포시 김포한강4로 134,샘플식당 2883,호프/통닭
2884,일반음식점,SAMPLE-02884,2024-04-12,영업/정상,,경기도 김포시 풍무동 68-6,경기도 김포시 봉화로 270,샘플식당 2884,한식
2885,일반음식점,SAMPLE-02885,2024-04-13,영업/정상,,경기도 김포시 풍무동 465-6,경기도 김포시 김포한강4로 267,샘플식당 2885,까페
2886,일반음식점,SAMPLE-02886,2024-04-13,영업/정상,,경기도 김포시 구래동 481-11,경기도 김포시 김포대로 82,샘플식당 2886,한식
2887,일반음식점,SAMPLE-02887,2024-04-16,폐업,2025-10-04,경기도 김포시 장기동 571-11,경기도 김포시 고촌로 171,샘플식당 2887,분식
2888,일반음식점,SAMPLE-02888,2024-04-16,영업/정상,,경기도 김포시 걸포동 783-5,경기도 김포시 승가로 112,샘플식당 2888,기타
2889,일반음식점,SAMPLE-02889,2024-04-17,영업/정상,,경기도 김포시 장기동 1383-20,경기도 김포시 태장로 147,샘플식당 2889,한식
2890,일반음식점,SAMPLE-02890,2024-04-20,영업/정상,,경기도 김포시 북변동 418-30,경기도 김포시 양촌로 64,샘플식당 2890,호프/통닭
2891,일반음식점,SAMPLE-02891,2024-04-21,영업/정상,,경기도 김포시 구래동 254-2,경기도 김포시 김포한강9로 92,샘플식당 2891,기타
2892,일반음식점,SAMPLE-02892,2024-04-23,영업/정상,,경기도 김포시 사우동 1658-16,경기도 김포시 봉화로 267,샘플식당 2892,호프/통닭
2893,일반음식점,SAMPLE-02893,2024-04-23,폐업,2026-01-05,경기도 김포시 구래동 1604-9,경기도 김포시 김포한강9로 253,샘플식당 2893,커피숍
2894,일반음식점,SAMPLE-02894,2024-04-24,영업/정상,,경기도 김포시 마산동 630-28,경기도 김포시 태장로 15,샘플식당 2894,기타
2895,일반음식점,SAMPLE-02895,2024-04-26,영업/정상,,경기도 김포시 구래동 1669-6,경기도 김포시 김포한강4로 297,샘플식당 2895,한식
2896,일반음식점,SAMPLE-02896,2024-04-27,영업/정상,,경기도 김포시 북변동 498-10,경기도 김포시 승가로 292,샘플식당 2896,호프/통닭
2897,일반음식점,SAMPLE-02897,2024-04-27,영업/정상,,경기도 김포시 운양동 499-11,경기도 김포시 태장로 174,샘플식당 2897,커피숍
2898,일반음식점,SAMPLE-02898,2024-04-28,영업/정상,,경기도 김포시 사우동 1657-2,경기도 김포시 태장로 261,샘플식당 2898,한식
2899,일반음식점,SAMPLE-02899,2024-04-29,영업/정상,,경기도 김포시 운양동 1413-18,경기도 김포시 봉화로 66,샘플식당 2899,호프/통닭
2900,일반음식점,SAMPLE-02900,2024-04-29,영업/정상,,경기도 김포시 통진읍 1194-25,경기도 김포시 김포한강9로 36,샘플식당 2900,한식
2901,일반음식점,SAMPLE-02901,2024-04-30,영업/정상,,경기도 김포시 고촌읍 502-26,경기도 김포시 양촌로 187,샘플식당 2901,한식
2902,일반음식점,SAMPLE-02902,2024-04-30,영업/정상,,경기도 김포시 월곶면 1228-30,경기도 김포시 김포한강9로 57,샘플식당 2902,중국식
2903,일반음식점,SAMPLE-02903,2024-05-01,영업/정상,,경기도 김포시 운양동 1194-1,경기도 김포시 김포한강4로 26,샘플식당 2903,제과점영업
2904,일반음식점,SAMPLE-02904,2024-05-07,폐업,2026-04-16,경기도 김포시 양촌읍 1554-19,경기도 김포시 통진로 184,샘플식당 2904,호프/통닭
2905,일반음식점,SAMPLE-02905,2024-05-08,영업/정상,,경기도 김포시 양촌읍 1656-7,경기도 김포시 김포대로 230,샘플식당 2905,정종/대포집/소주방
2906,일반음식점,SAMPLE-02906,2024-05-08,영업/정상,,경기도 김포시 걸포동 214-22,경기도 김포시 승가로 55,샘플식당 2906,커피숍
2907,일반음식점,SAMPLE-02907,2024-05-11,영업/정상,,경기도 김포시 구래동 866-10,경기도 김포시 고촌로 175,샘플식당 2907,호프/통닭
2908,일반음식점,SAMPLE-02908,2024-05-11,영업/정상,,경기도 김포시 장기동 1617-11,경기도 김포시 승가로 173,샘플식당 2908,정종/대포집/소주방
2909,일반음식점,SAMPLE-02909,2024-05-13,영업/정상,,경기도 김포시 북변동 400-15,경기도 김포시 고촌로 140,샘플식당 2909,중국식
2910,일반음식점,SAMPLE-02910,2024-05-14,영업/정상,,경기도 김포시 마산동 1890-8,경기도 김포시 김포대로 62,샘플식당 2910,커피숍
2911,일반음식점,SAMPLE-02911,2024-05-16,폐업,2026-05-01,경기도 김포시 고촌읍 408-22,경기도 김포시 고촌로 220,샘플식당 2911,호프/통닭
2912,일반음식점,SAMPLE-02912,2024-05-17,영업/정상,,경기도 김포시 양촌읍 1596-5,경기도 김포시 봉화로 182,샘플식당 2912,중국식
2913,일반음식점,SAMPLE-02913,2024-05-19,영업/정상,,경기도 김포시 구래동 650-27,경기도 김포시 태장로 136,샘플식당 2913,한식
2914,일반음식점,SAMPLE-02914,2024-05-20,영업/정상,,경기도 김포시 하성면 743-28,경기도 김포시 고촌로 234,샘플식당 2914,한식
2915,일반음식점,SAMPLE-02915,2024-05-20,영업/정상,,경기도 김포시 사우동 1773-1,경기도 김포시 통진로 22,샘플식당 2915,호프/통닭
2916,일반음식점,SAMPLE-02916,2024-05-21,영업/정상,,경기도 김포시 양촌읍 184-18,경기도 김포시 김포한강4로 231,샘플식당 2916,한식
2917,일반음식점,SAMPLE-02917,2024-05-22,폐업,2024-09-12,경기도 김포시 운양동 1085-8,경기도 김포시 통진로 226,샘플식당 2917,커피숍
2918,일반음식점,SAMPLE-02918,2024-05-24,폐업,2026-03-13,경기도 김포시 장기동 1295-23,경기도 김포시 봉화로 25,샘플식당 2918,정종/대포집/소주방
2919,일반음식점,SAMPLE-02919,2024-05-25,영업/정상,,경기도 김포시 걸포동 1058-9,경기도 김포시 승가로 292,샘플식당 2919,중국식
2920,일반음식점,SAMPLE-02920,2024-05-30,폐업,2025-07-20,경기도 김포시 마산동 1996-16,경기도 김포시 봉화로 48,샘플식당 2920,정종/대포집/소주방
2921,일반음식점,SAMPLE-02921,2024-06-03,영업/정상,,경기도 김포시 고촌읍 1735-21,경기도 김포시 승가로 76,샘플식당 2921,일식
2922,일반음식점,SAMPLE-02922,2024-06-04,영업/정상,,경기도 김포시 양촌읍 1584-17,경기도 김포시 김포한강4로 91,샘플식당 2922,커피숍
2923,일반음식점,SAMPLE-02923,2024-06-05,영업/정상,,경기도 김포시 사우동 1544-25,경기도 김포시 봉화로 142,샘플식당 2923,제과점영업
2924,일반음식점,SAMPLE-02924,2024-06-10,영업/정상,,경기도 김포시 감정동 981-14,경기도 김포시 통진로 224,샘플식당 2924,정종/대포집/소주방
2925,일반음식점,SAMPLE-02925,2024-06-12,영업/정상,,경기도 김포시 장기동 760-5,경기도 김포시 승가로 275,샘플식당 2925,중국식
2926,일반음식점,SAMPLE-02926,2024-06-15,영업/정상,,경기도 김포시 장기동 13-26,경기도 김포시 김포대로 66,샘플식당 2926,분식
2927,일반음식점,SAMPLE-02927,2024-06-17,영업/정상,,경기도 김포시 걸포동 1914-30,경기도 김포시 태장로 88,샘플식당 2927,한식
2928,일반음식점,SAMPLE-02928,2024-06-17,영업/정상,,경기도 김포시 마산동 1620-27,경기도 김포시 김포대로 179,샘플식당 2928,한식
2929,일반음식점,SAMPLE-02929,2024-06-17,영업/정상,,경기도 김포시 구래동 1017-28,경기도 김포시 태장로 248,샘플식당 2929,한식
2930,일반음식점,SAMPLE-02930,2024-06-18,영업/정상,,경기도 김포시 운양동 352-30,경기도 김포시 태장로 100,샘플식당 2930,호프/통닭
2931,일반음식점,SAMPLE-02931,2024-06-19,폐업,2026-09-15,경기도 김포시 대곶면 937-10,경기도 김포시 김포한강4로 29,샘플식당 2931,기타
2932,일반음식점,SAMPLE-02932,2024-06-20,영업/정상,,경기도 김포시 사우동 143-24,경기도 김포시 승가로 33,샘플식당 2932,한식
2933,일반음식점,SAMPLE-02933,2024-06-22,영업/정상,,경기도 김포시 고촌읍 494-11,경기도 김포시 김포한강9로 127,샘플식당 2933,정종/대포집/소주방
2934,일반음식점,SAMPLE-02934,2024-06-23,영업/정상,,경기도 김포시 마산동 1783-25,경기도 김포시 김포한강4로 40,샘플식당 2934,일식
2935,일반음식점,SAMPLE-02935,2024-06-24,영업/정상,,경기도 김포시 마산동 1942-25,경기도 김포시 태장로 35,샘플식당 2935,정종/대포집/소주방
2936,일반음식점,SAMPLE-02936,2024-06-25,영업/정상,,경기도 김포시 장기동 1043-15,경기도 김포시 양촌로 205,샘플식당 2936,분식
2937,일반음식점,SAMPLE-02937,2024-06-26,영업/정상,,경기도 김포시 고촌읍 518-8,경기도 김포시 김포한강9로 174,샘플식당 2937,한식
2938,일반음식점,SAMPLE-02938,2024-06-28,폐업,2026-05-21,경기도 김포시 구래동 1993-9,경기도 김포시 태장로 156,샘플식당 2938,호프/통닭
2939,일반음식점,SAMPLE-02939,2024-06-29,영업/정상,,경기도 김포시 고촌읍 312-27,경기도 김포시 고촌로 211,샘플식당 2939,분식
2940,일반음식점,SAMPLE-02940,2024-06-29,영업/정상,,경기도 김포시 걸포동 315-16,경기도 김포시 김포대로 141,샘플식당 2940,커피숍
2941,일반음식점,SAMPLE-02941,2024-06-29,영업/정상,,경기도 김포시 양촌읍 1684-23,경기도 김포시 김포한강9로 29,샘플식당 2941,중국식
2942,일반음식점,SAMPLE-02942,2024-06-30,영업/정상,,경기도 김포시 양촌읍 1353-27,경기도 김포시 승가로 281,샘플식당 2942,한식
2943,일반음식점,SAMPLE-02943,2024-06-30,영업/정상,,경기도 김포시 구래동 1008-30,경기도 김포시 통진로 243,샘플식당 2943,분식
2944,일반음식점,SAMPLE-02944,2024-07-01,영업/정상,,경기도 김포시 풍무동 1558-5,경기도 김포시 봉화로 194,샘플식당 2944,기타
2945,일반음식점,SAMPLE-02945,2024-07-02,폐업,2026-01-27,경기도 김포시 구래동 147-16,경기도 김포시 통진로 256,샘플식당 2945,한식
2946,일반음식점,SAMPLE-02946,2024-07-02,폐업,2025-09-24,경기도 김포시 마산동 1328-3,경기도 김포시 통진로 71,샘플식당 2946,경양식
2947,일반음식점,SAMPLE-02947,2024-07-04,영업/정상,,경기도 김포시 고촌읍 1710-30,경기도 김포시 봉화로 57,샘플식당 2947,한식
2948,일반음식점,SAMPLE-02948,2024-07-04,영업/정상,,경기도 김포시 감정동 1420-10,경기도 김포시 양촌로 52,샘플식당 2948,한식
2949,일반음식점,SAMPLE-02949,2024-07-04,영업/정상,,경기도 김포시 운양동 1957-16,경기도 김포시 김포한강4로 67,샘플식당 2949,호프/통닭
2950,일반음식점,SAMPLE-02950,2024-07-06,영업/정상,,경기도 김포시 북변동 346-2,경기도 김포시 김포한강4로 229,샘플식당 2950,한식
2951,일반음식점,SAMPLE-02951,2024-07-09,영업/정상,,경기도 김포시 구래동 842-28,경기도 김포시 김포대로 89,샘플식당 2951,한식
2952,일반음식점,SAMPLE-02952,2024-07-09,폐업,2026-05-02,경기도 김포시 운양동 49-10,경기도 김포시 김포대로 214,샘플식당 2952,정종/대포집/소주방
2953,일반음식점,SAMPLE-02953,2024-07-09,영업/정상,,경기도 김포시 구래동 1391-30,경기도 김포시 김포대로 123,샘플식당 2953,중국식
2954,일반음식점,SAMPLE-02954,2024-07-10,영업/정상,,경기도 김포시 고촌읍 943-24,경기도 김포시 봉화로 195,샘플식당 2954,기타
2955,일반음식점,SAMPLE-02955,2024-07-10,폐업,2025-03-14,경기도 김포시 마산동 289-30,경기도 김포시 김포한강9로 240,샘플식당 2955,김밥(도시락)
2956,일반음식점,SAMPLE-02956,2024-07-11,영업/정상,,경기도 김포시 걸포동 845-7,경기도 김포시 고촌로 80,샘플식당 2956,일식
2957,일반음식점,SAMPLE-02957,2024-07-11,영업/정상,,경기도 김포시 구래동 258-30,경기도 김포시 김포대로 188,샘플식당 2957,한식
2958,일반음식점,SAMPLE-02958,2024-07-17,영업/정상,,경기도 김포시 마산동 1157-5,경기도 김포시 통진로 3,샘플식당 2958,커피숍
2959,일반음식점,SAMPLE-02959,2024-07-17,영업/정상,,경기도 김포시 구래동 293-17,경기도 김포시 고촌로 109,샘플식당 2959,분식
2960,일반음식점,SAMPLE-02960,2024-07-17,영업/정상,,경기도 김포시 운양동 4-19,경기도 김포시 김포한강9로 228,샘플식당 2960,정종/대포집/소주방
2961,일반음식점,SAMPLE-02961,2024-07-18,폐업,2026-03-13,경기도 김포시 걸포동 539-6,경기도 김포시 고촌로 78,샘플식당 2961,일식
2962,일반음식점,SAMPLE-02962,2024-07-19,영업/정상,,경기도 김포시 운양동 932-17,경기도 김포시 김포대로 42,샘플식당 2962,기타
2963,일반음식점,SAMPLE-02963,2024-07-19,영업/정상,,경기도 김포시 운양동 408-24,경기도 김포시 김포한강9로 4,샘플식당 2963,호프/통닭
2964,일반음식점,SAMPLE-02964,2024-07-21,폐업,2025-12-22,경기도 김포시 운양동 693-21,경기도 김포시 김포대로 171,샘플식당 2964,기타
2965,일반음식점,SAMPLE-02965,2024-07-25,영업/정상,,경기도 김포시 월곶면 1743-12,경기도 김포시 통진로 212,샘플식당 2965,호프/통닭
2966,일반음식점,SAMPLE-02966,2024-07-25,영업/정상,,경기도 김포시 북변동 1085-18,경기도 김포시 통진로 256,샘플식당 2966,경양식
2967,일반음식점,SAMPLE-02967,2024-07-28,영업/정상,,경기도 김포시 양촌읍 1735-4,경기도 김포시 승가로 56,샘플식당 2967,호프/통닭
2968,일반음식점,SAMPLE-02968,2024-07-31,영업/정상,,경기도 김포시 걸포동 1958-20,경기도 김포시 김포대로 58,샘플식당 2968,한식
2969,일반음식점,SAMPLE-02969,2024-07-31,영업/정상,,경기도 김포시 운양동 1379-30,경기도 김포시 승가로 5,샘플식당 2969,일식
2970,일반음식점,SAMPLE-02970,2024-08-01,영업/정상,,경기도 김포시 장기동 1351-4,경기도 김포시 승가로 172,샘플식당 2970,커피숍
2971,일반음식점,SAMPLE-02971,2024-08-03,영업/정상,,경기도 김포시 사우동 1489-25,경기도 김포시 통진로 74,샘플식당 2971,한식
2972,일반음식점,SAMPLE-02972,2024-08-04,영업/정상,,경기도 김포시 풍무동 412-21,경기도 김포시 김포대로 284,샘플식당 2972,호프/통닭
2973,일반음식점,SAMPLE-02973,2024-08-05,폐업,2026-06-07,경기도 김포시 통진읍 1556-24,경기도 김포시 김포한강9로 85,샘플식당 2973,일식
2974,일반음식점,SAMPLE-02974,2024-08-05,영업/정상,,경기도 김포시 풍무동 186-9,경기도 김포시 승가로 83,샘플식당 2974,중국식
2975,일반음식점,SAMPLE-02975,2024-08-07,영업/정상,,경기도 김포시 감정동 316-2,경기도 김포시 김포대로 88,샘플식당 2975,분식
2976,일반음식점,SAMPLE-02976,2024-08-07,영업/정상,,경기도 김포시 운양동 1665-6,경기도 김포시 봉화로 293,샘플식당 2976,한식
2977,일반음식점,SAMPLE-02977,2024-08-09,폐업,2025-06-21,경기도 김포시 구래동 1897-3,경기도 김포시 태장로 179,샘플식당 2977,일식
2978,일반음식점,SAMPLE-02978,2024-08-11,영업/정상,,경기도 김포시 운양동 1109-18,경기도 김포시 김포한강4로 243,샘플식당 2978,제과점영업
2979,일반음식점,SAMPLE-02979,2024-08-11,영업/정상,,경기도 김포시 풍무동 1088-15,경기도 김포시 통진로 165,샘플식당 2979,한식
2980,일반음식점,SAMPLE-02980,2024-08-12,영업/정상,,경기도 김포시 구래동 504-28,경기도 김포시 김포대로 56,샘플식당 2980,한식
2981,일반음식점,SAMPLE-02981,2024-08-12,영업/정상,,경기도 김포시 걸포동 1463-22,경기도 김포시 김포한강4로 276,샘플식당 2981,한식
2982,일반음식점,SAMPLE-02982,2024-08-16,폐업,2026-05-11,경기도 김포시 풍무동 1863-20,경기도 김포시 통진로 187,샘플식당 2982,기타
2983,일반음식점,SAMPLE-02983,2024-08-16,영업/정상,,경기도 김포시 마산동 1280-4,경기도 김포시 승가로 47,샘플식당 2983,한식
2984,일반음식점,SAMPLE-02984,2024-08-18,폐업,2026-02-09,경기도 김포시 하성면 1484-19,경기도 김포시 고촌로 19,샘플식당 2984,호프/통닭
2985,일반음식점,SAMPLE-02985,2024-08-18,폐업,2025-02-06,경기도 김포시 걸포동 1461-12,경기도 김포시 김포한강9로 109,샘플식당 2985,분식
2986,일반음식점,SAMPLE-02986,2024-08-19,영업/정상,,경기도 김포시 고촌읍 160-29,경기도 김포시 양촌로 142,샘플식당 2986,한식
2987,일반음식점,SAMPLE-02987,2024-08-19,영업/정상,,경기도 김포시 양촌읍 166-11,경기도 김포시 김포한강9로 91,샘플식당 2987,중국식
2988,일반음식점,SAMPLE-02988,2024-08-23,영업/정상,,경기도 김포시 고촌읍 1500-22,경기도 김포시 김포한강4로 297,샘플식당 2988,호프/통닭
2989,일반음식점,SAMPLE-02989,2024-08-24,영업/정상,,경기도 김포시 운양동 125-21,경기도 김포시 김포대로 235,샘플식당 2989,기타
2990,일반음식점,SAMPLE-02990,2024-08-24,영업/정상,,경기도 김포시 통진읍 209-12,경기도 김포시 봉화로 36,샘플식당 2990,한식
2991,일반음식점,SAMPLE-02991,2024-08-24,영업/정상,,경기도 김포시 풍무동 219-13,경기도 김포시 고촌로 239,샘플식당 2991,중국식
2992,일반음식점,SAMPLE-02992,2024-08-24,폐업,2026-09-09,경기도 김포시 장기동 1722-18,경기도 김포시 김포한강9로 108,샘플식당 2992,정종/대포집/소주방
2993,일반음식점,SAMPLE-02993,2024-08-25,영업/정상,,경기도 김포시 구래동 990-23,경기도 김포시 태장로 148,샘플식당 2993,한식
2994,일반음식점,SAMPLE-02994,2024-08-26,영업/정상,,경기도 김포시 걸포동 202-23,경기도 김포시 승가로 214,샘플식당 2994,한식
2995,일반음식점,SAMPLE-02995,2024-08-27,영업/정상,,경기도 김포시 구래동 1203-4,경기도 김포시 김포한강4로 122,샘플식당 2995,한식
2996,일반음식점,SAMPLE-02996,2024-08-27,폐업,2025-11-29,경기도 김포시 장기동 338-14,경기도 김포시 김포한강9로 89,샘플식당 2996,정종/대포집/소주방
2997,일반음식점,SAMPLE-02997,2024-08-29,영업/정상,,경기도 김포시 감정동 1060-21,경기도 김포시 양촌로 28,샘플식당 2997,호프/통닭
2998,일반음식점,SAMPLE-02998,2024-08-29,영업/정상,,경기도 김포시 통진읍 952-26,경기도 김포시 김포대로 259,샘플식당 2998,한식
2999,일반음식점,SAMPLE-02999,2024-08-30,영업/정상,,경기도 김포시 마산동 490-27,경기도 김포시 봉화로 153,샘플식당 2999,한식
3000,일반음식점,SAMPLE-03000,2024-09-01,영업/정상,,경기도 김포시 풍무동 1393-6,경기도 김포시 김포한강4로 131,샘플식당 3000,한식
3001,일반음식점,SAMPLE-03001,2024-09-01,영업/정상,,경기도 김포시 구래동 526-8,경기도 김포시 김포한강4로 135,샘플식당 3001,기타
3002,일반음식점,SAMPLE-03002,2024-09-05,영업/정상,,경기도 김포시 양촌읍 628-21,경기도 김포시 태장로 21,샘플식당 3002,한식
3003,일반음식점,SAMPLE-03003,2024-09-07,영업/정상,,경기도 김포시 고촌읍 376-17,경기도 김포시 김포대로 211,샘플식당 3003,한식
3004,일반음식점,SAMPLE-03004,2024-09-09,영업/정상,,경기도 김포시 풍무동 234-11,경기도 김포시 승가로 129,샘플식당 3004,한식
3005,일반음식점,SAMPLE-03005,2024-09-13,영업/정상,,경기도 김포시 장기동 674-24,경기도 김포시 김포대로 84,샘플식당 3005,분식
3006,일반음식점,SAMPLE-03006,2024-09-14,영업/정상,,경기도 김포시 운양동 1758-29,경기도 김포시 통진로 12,샘플식당 3006,한식
3007,일반음식점,SAMPLE-03007,2024-09-15,영업/정상,,경기도 김포시 운양동 535-7,경기도 김포시 김포대로 21,샘플식당 3007,중국식
3008,일반음식점,SAMPLE-03008,2024-09-17,영업/정상,,경기도 김포시 양촌읍 1411-1,경기도 김포시 통진로 286,샘플식당 3008,호프/통닭
3009,일반음식점,SAMPLE-03009,2024-09-18,영업/정상,,경기도 김포시 사우동 580-1,경기도 김포시 김포한강4로 164,샘플식당 3009,호프/통닭
3010,일반음식점,SAMPLE-03010,2024-09-18,영업/정상,,경기도 김포시 장기동 747-2,경기도 김포시 통진로 93,샘플식당 3010,중국식
3011,일반음식점,SAMPLE-03011,2024-09-18,폐업,2026-09-02,경기도 김포시 양촌읍 408-1,경기도 김포시 김포대로 242,샘플식당 3011,일식
3012,일반음식점,SAMPLE-03012,2024-09-20,영업/정상,,경기도 김포시 양촌읍 1041-20,경기도 김포시 김포한강4로 244,샘플식당 3012,한식
3013,일반음식점,SAMPLE-03013,2024-09-20,영업/정상,,경기도 김포시 마산동 259-14,경기도 김포시 김포한강4로 297,샘플식당 3013,커피숍
3014,일반음식점,SAMPLE-03014,2024-09-21,영업/정상,,경기도 김포시 풍무동 1267-27,경기도 김포시 고촌로 210,샘플식당 3014,분식
3015,일반음식점,SAMPLE-03015,2024-09-22,영업/정상,,경기도 김포시 북변동 1620-23,경기도 김포시 김포한강4로 118,샘플식당 3015,경양식
3016,일반음식점,SAMPLE-03016,2024-09-22,영업/정상,,경기도 김포시 풍무동 509-5,경기도 김포시 김포한강4로 163,샘플식당 3016,중국식
3017,일반음식점,SAMPLE-03017,2024-09-23,영업/정상,,경기도 김포시 마산동 828-29,경기도 김포시 김포대로 238,샘플식당 3017,한식
3018,일반음식점,SAMPLE-03018,2024-09-26,영업/정상,,경기도 김포시 고촌읍 588-29,경기도 김포시 통진로 111,샘플식당 3018,분식
3019,일반음식점,SAMPLE-03019,2024-09-28,영업/정상,,경기도 김포시 북변동 792-28,경기도 김포시 고촌로 75,샘플식당 3019,한식
3020,일반음식점,SAMPLE-03020,2024-09-29,폐업,2025-05-01,경기도 김포시 장기동 1774-17,경기도 김포시 고촌로 191,샘플식당 3020,정종/대포집/소주방
3021,일반음식점,SAMPLE-03021,2024-09-29,영업/정상,,경기도 김포시 북변동 1178-30,경기도 김포시 태장로 78,샘플식당 3021,한식
3022,일반음식점,SAMPLE-03022,2024-09-30,영업/정상,,경기도 김포시 운양동 924-8,경기도 김포시 김포한강4로 24,샘플식당 3022,한식
3023,일반음식점,SAMPLE-03023,2024-10-02,영업/정상,,경기도 김포시 풍무동 1422-9,경기도 김포시 태장로 197,샘플식당 3023,한식
3024,일반음식점,SAMPLE-03024,2024-10-05,영업/정상,,경기도 김포시 풍무동 988-3,경기도 김포시 통진로 265,샘플식당 3024,호프/통닭
3025,일반음식점,SAMPLE-03025,2024-10-05,영업/정상,,경기도 김포시 마산동 1374-24,경기도 김포시 김포한강4로 152,샘플식당 3025,제과점영업
3026,일반음식점,SAMPLE-03026,2024-10-06,영업/정상,,경기도 김포시 운양동 1787-5,경기도 김포시 봉화로 68,샘플식당 3026,정종/대포집/소주방
3027,일반음식점,SAMPLE-03027,2024-10-06,영업/정상,,경기도 김포시 사우동 1348-4,경기도 김포시 통진로 235,샘플식당 3027,한식
3028,일반음식점,SAMPLE-03028,2024-10-09,영업/정상,,경기도 김포시 운양동 1029-29,경기도 김포시 김포대로 86,샘플식당 3028,일식
3029,일반음식점,SAMPLE-03029,2024-10-12,영업/정상,,경기도 김포시 마산동 1156-11,경기도 김포시 고촌로 80,샘플식당 3029,호프/통닭
3030,일반음식점,SAMPLE-03030,2024-10-13,영업/정상,,경기도 김포시 운양동 1198-27,경기도 김포시 김포한강9로 138,샘플식당 3030,한식
3031,일반음식점,SAMPLE-03031,2024-10-14,폐업,2026-09-16,경기도 김포시 대곶면 1476-18,경기도 김포시 고촌로 16,샘플식당 3031,까페
3032,일반음식점,SAMPLE-03032,2024-10-14,영업/정상,,경기도 김포시 사우동 1953-24,경기도 김포시 김포대로 113,샘플식당 3032,한식
3033,일반음식점,SAMPLE-03033,2024-10-14,영업/정상,,경기도 김포시 구래동 968-5,경기도 김포시 태장로 272,샘플식당 3033,일식
3034,일반음식점,SAMPLE-03034,2024-10-14,영업/정상,,경기도 김포시 양촌읍 1803-26,경기도 김포시 양촌로 27,샘플식당 3034,정종/대포집/소주방
3035,일반음식점,SAMPLE-03035,2024-10-15,영업/정상,,경기도 김포시 구래동 586-10,경기도 김포시 태장로 266,샘플식당 3035,분식
3036,일반음식점,SAMPLE-03036,2024-10-20,폐업,2025-11-02,경기도 김포시 사우동 1758-21,경기도 김포시 봉화로 252,샘플식당 3036,정종/대포집/소주방
3037,일반음식점,SAMPLE-03037,2024-10-20,영업/정상,,경기도 김포시 고촌읍 573-12,경기도 김포시 통진로 175,샘플식당 3037,정종/대포집/소주방
3038,일반음식점,SAMPLE-03038,2024-10-20,영업/정상,,경기도 김포시 사우동 19-26,경기도 김포시 김포한강4로 101,샘플식당 3038,중국식
3039,일반음식점,SAMPLE-03039,2024-10-23,폐업,2026-07-30,경기도 김포시 북변동 1771-10,경기도 김포시 승가로 297,샘플식당 3039,커피숍
3040,일반음식점,SAMPLE-03040,2024-10-24,영업/정상,,경기도 김포시 장기동 1162-26,경기도 김포시 통진로 151,샘플식당 3040,중국식
3041,일반음식점,SAMPLE-03041,2024-10-25,영업/정상,,경기도 김포시 풍무동 866-1,경기도 김포시 김포한강9로 21,샘플식당 3041,한식
3042,일반음식점,SAMPLE-03042,2024-10-28,영업/정상,,경기도 김포시 운양동 1062-28,경기도 김포시 양촌로 247,샘플식당 3042,기타
3043,일반음식점,SAMPLE-03043,2024-10-29,영업/정상,,경기도 김포시 운양동 760-10,경기도 김포시 김포한강4로 280,샘플식당 3043,한식
3044,일반음식점,SAMPLE-03044,2024-10-29,영업/정상,,경기도 김포시 양촌읍 409-18,경기도 김포시 양촌로 133,샘플식당 3044,호프/통닭
3045,일반음식점,SAMPLE-03045,2024-11-02,영업/정상,,경기도 김포시 풍무동 1390-25,경기도 김포시 승가로 229,샘플식당 3045,분식
3046,일반음식점,SAMPLE-03046,2024-11-03,영업/정상,,경기도 김포시 구래동 1086-16,경기도 김포시 태장로 259,샘플식당 3046,한식
3047,일반음식점,SAMPLE-03047,2024-11-05,영업/정상,,경기도 김포시 월곶면 1776-14,경기도 김포시 태장로 93,샘플식당 3047,한식
3048,일반음식점,SAMPLE-03048,2024-11-06,폐업,2025-10-13,경기도 김포시 감정동 565-29,경기도 김포시 김포한강4로 297,샘플식당 3048,일식
3049,일반음식점,SAMPLE-03049,2024-11-08,영업/정상,,경기도 김포시 북변동 1163-17,경기도 김포시 통진로 205,샘플식당 3049,제과점영업
3050,일반음식점,SAMPLE-03050,2024-11-08,영업/정상,,경기도 김포시 풍무동 1073-15,경기도 김포시 고촌로 77,샘플식당 3050,한식
3051,일반음식점,SAMPLE-03051,2024-11-08,영업/정상,,경기도 김포시 운양동 967-16,경기도 김포시 양촌로 43,샘플식당 3051,분식
3052,일반음식점,SAMPLE-03052,2024-11-08,폐업,2026-06-01,경기도 김포시 대곶면 1576-7,경기도 김포시 승가로 62,샘플식당 3052,한식
3053,일반음식점,SAMPLE-03053,2024-11-09,영업/정상,,경기도 김포시 걸포동 1387-28,경기도 김포시 김포한강4로 210,샘플식당 3053,한식
3054,일반음식점,SAMPLE-03054,2024-11-09,영업/정상,,경기도 김포시 풍무동 1388-14,경기도 김포시 고촌로 233,샘플식당 3054,정종/대포집/소주방
3055,일반음식점,SAMPLE-03055,2024-11-10,영업/정상,,경기도 김포시 월곶면 272-14,경기도 김포시 통진로 218,샘플식당 3055,커피숍
3056,일반음식점,SAMPLE-03056,2024-11-12,영업/정상,,경기도 김포시 사우동 1316-13,경기도 김포시 김포대로 154,샘플식당 3056,한식
3057,일반음식점,SAMPLE-03057,2024-11-13,영업/정상,,경기도 김포시 장기동 467-26,경기도 김포시 김포한강4로 20,샘플식당 3057,기타
3058,일반음식점,SAMPLE-03058,2024-11-15,영업/정상,,경기도 김포시 통진읍 722-20,경기도 김포시 태장로 176,샘플식당 3058,중국식
3059,일반음식점,SAMPLE-03059,2024-11-19,영업/정상,,경기도 김포시 고촌읍 1815-19,경기도 김포시 봉화로 41,샘플식당 3059,한식
3060,일반음식점,SAMPLE-03060,2024-11-22,영업/정상,,경기도 김포시 구래동 1374-10,경기도 김포시 고촌로 232,샘플식당 3060,기타
3061,일반음식점,SAMPLE-03061,2024-11-24,영업/정상,,경기도 김포시 걸포동 1529-22,경기도 김포시 김포한강9로 23,샘플식당 3061,커피숍
3062,일반음식점,SAMPLE-03062,2024-11-24,영업/정상,,경기도 김포시 풍무동 638-20,경기도 김포시 양촌로 248,샘플식당 3062,한식
3063,일반음식점,SAMPLE-03063,2024-11-30,영업/정상,,경기도 김포시 북변동 265-29,경기도 김포시 양촌로 244,샘플식당 3063,중국식
3064,일반음식점,SAMPLE-03064,2024-12-01,영업/정상,,경기도 김포시 고촌읍 1452-28,경기도 김포시 승가로 278,샘플식당 3064,한식
3065,일반음식점,SAMPLE-03065,2024-12-05,폐업,2025-06-08,경기도 김포시 양촌읍 608-9,경기도 김포시 양촌로 94,샘플식당 3065,커피숍
3066,일반음식점,SAMPLE-03066,2024-12-06,영업/정상,,경기도 김포시 풍무동 1629-19,경기도 김포시 김포대로 39,샘플식당 3066,한식
3067,일반음식점,SAMPLE-03067,2024-12-06,영업/정상,,경기도 김포시 구래동 753-3,경기도 김포시 통진로 225,샘플식당 3067,정종/대포집/소주방
3068,일반음식점,SAMPLE-03068,2024-12-07,영업/정상,,경기도 김포시 장기동 1734-4,경기도 김포시 김포대로 138,샘플식당 3068,호프/통닭
3069,일반음식점,SAMPLE-03069,2024-12-12,영업/정상,,경기도 김포시 걸포동 62-29,경기도 김포시 태장로 63,샘플식당 3069,한식
3070,일반음식점,SAMPLE-03070,2024-12-13,영업/정상,,경기도 김포시 감정동 1044-22,경기도 김포시 김포한강4로 131,샘플식당 3070,정종/대포집/소주방
3071,일반음식점,SAMPLE-03071,2024-12-13,영업/정상,,경기도 김포시 고촌읍 212-24,경기도 김포시 봉화로 298,샘플식당 3071,한식
3072,일반음식점,SAMPLE-03072,2024-12-15,영업/정상,,경기도 김포시 구래동 947-17,경기도 김포시 김포대로 291,샘플식당 3072,분식
3073,일반음식점,SAMPLE-03073,2024-12-15,영업/정상,,경기도 김포시 마산동 466-18,경기도 김포시 김포대로 182,샘플식당 3073,까페
3074,일반음식점,SAMPLE-03074,2024-12-16,영업/정상,,경기도 김포시 마산동 704-26,경기도 김포시 김포한강4로 168,샘플식당 3074,기타
3075,일반음식점,SAMPLE-03075,2024-12-18,폐업,2026-09-11,경기도 김포시 풍무동 591-30,경기도 김포시 봉화로 100,샘플식당 3075,호프/통닭
3076,일반음식점,SAMPLE-03076,2024-12-19,영업/정상,,경기도 김포시 감정동 834-2,경기도 김포시 김포한강4로 94,샘플식당 3076,기타
3077,일반음식점,SAMPLE-03077,2024-12-19,영업/정상,,경기도 김포시 구래동 598-11,경기도 김포시 고촌로 15,샘플식당 3077,한식
3078,일반음식점,SAMPLE-03078,2024-12-21,영업/정상,,경기도 김포시 북변동 1423-17,경기도 김포시 승가로 237,샘플식당 3078,한식
3079,일반음식점,SAMPLE-03079,2024-12-24,영업/정상,,경기도 김포시 운양동 9-12,경기도 김포시 승가로 279,샘플식당 3079,한식
3080,일반음식점,SAMPLE-03080,2024-12-24,영업/정상,,경기도 김포시 고촌읍 1628-19,경기도 김포시 김포대로 240,샘플식당 3080,한식
3081,일반음식점,SAMPLE-03081,2024-12-25,영업/정상,,경기도 김포시 운양동 1561-18,경기도 김포시 양촌로 104,샘플식당 3081,한식
3082,일반음식점,SAMPLE-03082,2024-12-25,영업/정상,,경기도 김포시 운양동 325-18,경기도 김포시 김포한강9로 152,샘플식당 3082,호프/통닭
3083,일반음식점,SAMPLE-03083,2024-12-27,영업/정상,,경기도 김포시 고촌읍 142-12,경기도 김포시 김포한강9로 294,샘플식당 3083,경양식
3084,일반음식점,SAMPLE-03084,2024-12-28,영업/정상,,경기도 김포시 장기동 1367-18,경기도 김포시 통진로 92,샘플식당 3084,중국식
3085,일반음식점,SAMPLE-03085,2024-12-29,영업/정상,,경기도 김포시 풍무동 1139-14,경기도 김포시 봉화로 182,샘플식당 3085,커피숍
3086,일반음식점,SAMPLE-03086,2024-12-31,영업/정상,,경기도 김포시 고촌읍 1395-8,경기도 김포시 양촌로 67,샘플식당 3086,호프/통닭
3087,일반음식점,SAMPLE-03087,2025-01-03,영업/정상,,경기도 김포시 통진읍 1058-12,경기도 김포시 김포한강4로 25,샘플식당 3087,한식
3088,일반음식점,SAMPLE-03088,2025-01-05,영업/정상,,경기도 김포시 운양동 1343-13,경기도 김포시 고촌로 246,샘플식당 3088,한식
3089,일반음식점,SAMPLE-03089,2025-01-07,폐업,2026-08-07,경기도 김포시 통진읍 515-27,경기도 김포시 김포한강4로 23,샘플식당 3089,기타
3090,일반음식점,SAMPLE-03090,2025-01-08,영업/정상,,경기도 김포시 북변동 116-14,경기도 김포시 김포대로 112,샘플식당 3090,경양식
3091,일반음식점,SAMPLE-03091,2025-01-08,폐업,2025-08-18,경기도 김포시 구래동 230-16,경기도 김포시 양촌로 195,샘플식당 3091,정종/대포집/소주방
3092,일반음식점,SAMPLE-03092,2025-01-10,영업/정상,,경기도 김포시 운양동 1641-18,경기도 김포시 봉화로 300,샘플식당 3092,김밥(도시락)
3093,일반음식점,SAMPLE-03093,2025-01-10,영업/정상,,경기도 김포시 풍무동 322-19,경기도 김포시 승가로 266,샘플식당 3093,제과점영업
3094,일반음식점,SAMPLE-03094,2025-01-10,영업/정상,,경기도 김포시 풍무동 724-16,경기도 김포시 김포대로 239,샘플식당 3094,정종/대포집/소주방
3095,일반음식점,SAMPLE-03095,2025-01-11,영업/정상,,경기도 김포시 사우동 1461-11,경기도 김포시 양촌로 100,샘플식당 3095,호프/통닭
3096,일반음식점,SAMPLE-03096,2025-01-11,영업/정상,,경기도 김포시 고촌읍 857-20,경기도 김포시 태장로 214,샘플식당 3096,기타
3097,일반음식점,SAMPLE-03097,2025-01-14,영업/정상,,경기도 김포시 사우동 359-20,경기도 김포시 태장로 97,샘플식당 3097,정종/대포집/소주방
3098,일반음식점,SAMPLE-03098,2025-01-14,영업/정상,,경기도 김포시 고촌읍 1255-14,경기도 김포시 통진로 183,샘플식당 3098,커피숍
3099,일반음식점,SAMPLE-03099,2025-01-16,영업/정상,,경기도 김포시 풍무동 679-12,경기도 김포시 봉화로 258,샘플식당 3099,한식
3100,일반음식점,SAMPLE-03100,2025-01-17,영업/정상,,경기도 김포시 통진읍 1301-2,경기도 김포시 김포한강9로 249,샘플식당 3100,한식
3101,일반음식점,SAMPLE-03101,2025-01-17,영업/정상,,경기도 김포시 양촌읍 830-14,경기도 김포시 김포한강9로 93,샘플식당 3101,분식
3102,일반음식점,SAMPLE-03102,2025-01-19,영업/정상,,경기도 김포시 걸포동 1840-1,경기도 김포시 통진로 45,샘플식당 3102,한식
3103,일반음식점,SAMPLE-03103,2025-01-21,영업/정상,,경기도 김포시 하성면 427-12,경기도 김포시 봉화로 281,샘플식당 3103,한식
3104,일반음식점,SAMPLE-03104,2025-01-22,영업/정상,,경기도 김포시 장기동 1181-24,경기도 김포시 고촌로 193,샘플식당 3104,한식
3105,일반음식점,SAMPLE-03105,2025-01-22,영업/정상,,경기도 김포시 북변동 593-5,경기도 김포시 양촌로 258,샘플식당 3105,한식
3106,일반음식점,SAMPLE-03106,2025-01-23,영업/정상,,경기도 김포시 양촌읍 1698-28,경기도 김포시 김포한강4로 271,샘플식당 3106,제과점영업
3107,일반음식점,SAMPLE-03107,2025-01-24,영업/정상,,경기도 김포시 걸포동 1049-7,경기도 김포시 승가로 19,샘플식당 3107,호프/통닭
3108,일반음식점,SAMPLE-03108,2025-01-24,영업/정상,,경기도 김포시 고촌읍 99-21,경기도 김포시 양촌로 179,샘플식당 3108,제과점영업
3109,일반음식점,SAMPLE-03109,2025-01-25,영업/정상,,경기도 김포시 구래동 548-15,경기도 김포시 김포대로 8,샘플식당 3109,중국식
3110,일반음식점,SAMPLE-03110,2025-01-27,영업/정상,,경기도 김포시 풍무동 1545-2,경기도 김포시 김포한강9로 150,샘플식당 3110,정종/대포집/소주방
3111,일반음식점,SAMPLE-03111,2025-01-29,영업/정상,,경기도 김포시 장기동 1067-7,경기도 김포시 고촌로 144,샘플식당 3111,김밥(도시락)
3112,일반음식점,SAMPLE-03112,2025-01-29,영업/정상,,경기도 김포시 걸포동 307-4,경기도 김포시 고촌로 268,샘플식당 3112,분식
3113,일반음식점,SAMPLE-03113,2025-02-01,영업/정상,,경기도 김포시 고촌읍 679-12,경기도 김포시 김포한강4로 134,샘플식당 3113,중국식
3114,일반음식점,SAMPLE-03114,2025-02-04,영업/정상,,경기도 김포시 장기동 1264-14,경기도 김포시 김포대로 71,샘플식당 3114,한식
3115,일반음식점,SAMPLE-03115,2025-02-05,영업/정상,,경기도 김포시 운양동 1959-25,경기도 김포시 고촌로 261,샘플식당 3115,일식
3116,일반음식점,SAMPLE-03116,2025-02-07,영업/정상,,경기도 김포시 풍무동 630-3,경기도 김포시 김포한강9로 63,샘플식당 3116,커피숍
3117,일반음식점,SAMPLE-03117,2025-02-08,영업/정상,,경기도 김포시 하성면 176-16,경기도 김포시 김포대로 30,샘플식당 3117,정종/대포집/소주방
3118,일반음식점,SAMPLE-03118,2025-02-08,영업/정상,,경기도 김포시 풍무동 1812-29,경기도 김포시 양촌로 89,샘플식당 3118,한식
3119,일반음식점,SAMPLE-03119,2025-02-10,영업/정상,,경기도 김포시 걸포동 475-11,경기도 김포시 고촌로 80,샘플식당 3119,정종/대포집/소주방
3120,일반음식점,SAMPLE-03120,2025-02-11,영업/정상,,경기도 김포시 장기동 1740-14,경기도 김포시 봉화로 249,샘플식당 3120,기타
3121,일반음식점,SAMPLE-03121,2025-02-13,영업/정상,,경기도 김포시 마산동 1771-17,경기도 김포시 김포대로 295,샘플식당 3121,호프/통닭
3122,일반음식점,SAMPLE-03122,2025-02-15,영업/정상,,경기도 김포시 운양동 438-18,경기도 김포시 양촌로 92,샘플식당 3122,기타
3123,일반음식점,SAMPLE-03123,2025-02-15,영업/정상,,경기도 김포시 사우동 399-20,경기도 김포시 김포대로 39,샘플식당 3123,호프/통닭
3124,일반음식점,SAMPLE-03124,2025-02-16,영업/정상,,경기도 김포시 걸포동 1995-4,경기도 김포시 김포대로 274,샘플식당 3124,분식
3125,일반음식점,SAMPLE-03125,2025-02-17,영업/정상,,경기도 김포시 양촌읍 1197-22,경기도 김포시 김포대로 26,샘플식당 3125,호프/통닭
3126,일반음식점,SAMPLE-03126,2025-02-18,영업/정상,,경기도 김포시 풍무동 21-3,경기도 김포시 통진로 217,샘플식당 3126,제과점영업
3127,일반음식점,SAMPLE-03127,2025-02-18,영업/정상,,경기도 김포시 운양동 1601-13,경기도 김포시 고촌로 167,샘플식당 3127,경양식
3128,일반음식점,SAMPLE-03128,2025-02-26,영업/정상,,경기도 김포시 풍무동 357-19,경기도 김포시 양촌로 139,샘플식당 3128,호프/통닭
3129,일반음식점,SAMPLE-03129,2025-02-28,영업/정상,,경기도 김포시 풍무동 860-11,경기도 김포시 승가로 254,샘플식당 3129,한식
3130,일반음식점,SAMPLE-03130,2025-02-28,영업/정상,,경기도 김포시 풍무동 599-25,경기도 김포시 양촌로 14,샘플식당 3130,제과점영업
3131,일반음식점,SAMPLE-03131,2025-03-01,영업/정상,,경기도 김포시 사우동 1046-16,경기도 김포시 봉화로 163,샘플식당 3131,경양식
3132,일반음식점,SAMPLE-03132,2025-03-03,영업/정상,,경기도 김포시 운양동 453-22,경기도 김포시 양촌로 60,샘플식당 3132,한식
3133,일반음식점,SAMPLE-03133,2025-03-04,영업/정상,,경기도 김포시 장기동 25-20,경기도 김포시 김포대로 64,샘플식당 3133,한식
3134,일반음식점,SAMPLE-03134,2025-03-05,영업/정상,,경기도 김포시 장기동 325-1,경기도 김포시 김포한강9로 47,샘플식당 3134,기타
3135,일반음식점,SAMPLE-03135,2025-03-05,영업/정상,,경기도 김포시 장기동 1110-21,경기도 김포시 김포한강9로 260,샘플식당 3135,분식
3136,일반음식점,SAMPLE-03136,2025-03-06,영업/정상,,경기도 김포시 북변동 909-3,경기도 김포시 김포한강4로 26,샘플식당 3136,한식
3137,일반음식점,SAMPLE-03137,2025-03-09,영업/정상,,경기도 김포시 풍무동 1097-5,경기도 김포시 김포대로 138,샘플식당 3137,호프/통닭
3138,일반음식점,SAMPLE-03138,2025-03-09,영업/정상,,경기도 김포시 장기동 782-19,경기도 김포시 김포대로 108,샘플식당 3138,정종/대포집/소주방
3139,일반음식점,SAMPLE-03139,2025-03-10,영업/정상,,경기도 김포시 감정동 1977-24,경기도 김포시 김포대로 106,샘플식당 3139,한식
3140,일반음식점,SAMPLE-03140,2025-03-10,영업/정상,,경기도 김포시 장기동 1709-17,경기도 김포시 김포대로 2,샘플식당 3140,한식
3141,일반음식점,SAMPLE-03141,2025-03-10,영업/정상,,경기도 김포시 하성면 738-13,경기도 김포시 승가로 71,샘플식당 3141,까페
3142,일반음식점,SAMPLE-03142,2025-03-10,영업/정상,,경기도 김포시 장기동 59-9,경기도 김포시 김포한강9로 287,샘플식당 3142,제과점영업
3143,일반음식점,SAMPLE-03143,2025-03-11,영업/정상,,경기도 김포시 대곶면 1965-28,경기도 김포시 태장로 69,샘플식당 3143,한식
3144,일반음식점,SAMPLE-03144,2025-03-13,영업/정상,,경기도 김포시 구래동 877-21,경기도 김포시 김포대로 81,샘플식당 3144,까페
3145,일반음식점,SAMPLE-03145,2025-03-14,영업/정상,,경기도 김포시 풍무동 1575-17,경기도 김포시 김포한강4로 291,샘플식당 3145,호프/통닭
3146,일반음식점,SAMPLE-03146,2025-03-15,폐업,2026-03-24,경기도 김포시 사우동 1940-3,경기도 김포시 김포한강9로 77,샘플식당 3146,제과점영업
3147,일반음식점,SAMPLE-03147,2025-03-18,영업/정상,,경기도 김포시 북변동 1221-12,경기도 김포시 고촌로 28,샘플식당 3147,한식
3148,일반음식점,SAMPLE-03148,2025-03-19,영업/정상,,경기도 김포시 구래동 505-27,경기도 김포시 태장로 64,샘플식당 3148,한식
3149,일반음식점,SAMPLE-03149,2025-03-20,영업/정상,,경기도 김포시 구래동 1585-4,경기도 김포시 고촌로 272,샘플식당 3149,까페
3150,일반음식점,SAMPLE-03150,2025-03-24,영업/정상,,경기도 김포시 감정동 1782-29,경기도 김포시 봉화로 249,샘플식당 3150,정종/대포집/소주방
3151,일반음식점,SAMPLE-03151,2025-03-25,영업/정상,,경기도 김포시 걸포동 470-30,경기도 김포시 김포한강9로 37,샘플식당 3151,김밥(도시락)
3152,일반음식점,SAMPLE-03152,2025-03-25,영업/정상,,경기도 김포시 운양동 814-10,경기도 김포시 봉화로 213,샘플식당 3152,한식
3153,일반음식점,SAMPLE-03153,2025-03-26,영업/정상,,경기도 김포시 운양동 1224-17,경기도 김포시 양촌로 74,샘플식당 3153,분식
3154,일반음식점,SAMPLE-03154,2025-03-26,폐업,2026-05-02,경기도 김포시 마산동 803-7,경기도 김포시 고촌로 214,샘플식당 3154,호프/통닭
3155,일반음식점,SAMPLE-03155,2025-03-27,영업/정상,,경기도 김포시 운양동 316-29,경기도 김포시 고촌로 125,샘플식당 3155,정종/대포집/소주방
3156,일반음식점,SAMPLE-03156,2025-03-27,영업/정상,,경기도 김포시 월곶면 335-5,경기도 김포시 양촌로 34,샘플식당 3156,일식
3157,일반음식점,SAMPLE-03157,2025-03-28,영업/정상,,경기도 김포시 운양동 554-16,경기도 김포시 봉화로 2,샘플식당 3157,한식
3158,일반음식점,SAMPLE-03158,2025-03-29,폐업,2025-12-19,경기도 김포시 마산동 511-7,경기도 김포시 김포한강4로 36,샘플식당 3158,커피숍
3159,일반음식점,SAMPLE-03159,2025-03-29,폐업,2026-02-10,경기도 김포시 양촌읍 1415-11,경기도 김포시 김포한강9로 13,샘플식당 3159,까페
3160,일반음식점,SAMPLE-03160,2025-03-29,영업/정상,,경기도 김포시 운양동 524-6,경기도 김포시 김포대로 183,샘플식당 3160,정종/대포집/소주방
3161,일반음식점,SAMPLE-03161,2025-03-30,영업/정상,,경기도 김포시 장기동 1342-24,경기도 김포시 봉화로 65,샘플식당 3161,호프/통닭
3162,일반음식점,SAMPLE-03162,2025-04-01,영업/정상,,경기도 김포시 고촌읍 809-25,경기도 김포시 양촌로 178,샘플식당 3162,커피숍
3163,일반음식점,SAMPLE-03163,2025-04-01,영업/정상,,경기도 김포시 구래동 490-9,경기도 김포시 통진로 179,샘플식당 3163,한식
3164,일반음식점,SAMPLE-03164,2025-04-01,영업/정상,,경기도 김포시 걸포동 1272-2,경기도 김포시 승가로 80,샘플식당 3164,한식
3165,일반음식점,SAMPLE-03165,2025-04-02,영업/정상,,경기도 김포시 운양동 1336-18,경기도 김포시 통진로 178,샘플식당 3165,한식
3166,일반음식점,SAMPLE-03166,2025-04-03,영업/정상,,경기도 김포시 풍무동 1396-5,경기도 김포시 통진로 282,샘플식당 3166,김밥(도시락)
3167,일반음식점,SAMPLE-03167,2025-04-03,영업/정상,,경기도 김포시 하성면 562-21,경기도 김포시 김포대로 26,샘플식당 3167,정종/대포집/소주방
3168,일반음식점,SAMPLE-03168,2025-04-03,영업/정상,,경기도 김포시 풍무동 287-29,경기도 김포시 고촌로 270,샘플식당 3168,커피숍
3169,일반음식점,SAMPLE-03169,2025-04-04,영업/정상,,경기도 김포시 사우동 1982-19,경기도 김포시 김포대로 12,샘플식당 3169,한식
3170,일반음식점,SAMPLE-03170,2025-04-05,영업/정상,,경기도 김포시 북변동 1670-27,경기도 김포시 김포대로 115,샘플식당 3170,제과점영업
3171,일반음식점,SAMPLE-03171,2025-04-08,영업/정상,,경기도 김포시 마산동 642-21,경기도 김포시 김포한강4로 291,샘플식당 3171,까페
3172,일반음식점,SAMPLE-03172,2025-04-08,영업/정상,,경기도 김포시 마산동 955-26,경기도 김포시 고촌로 3,샘플식당 3172,일식
3173,일반음식점,SAMPLE-03173,2025-04-08,폐업,2025-11-26,경기도 김포시 구래동 171-18,경기도 김포시 고촌로 134,샘플식당 3173,정종/대포집/소주방
3174,일반음식점,SAMPLE-03174,2025-04-14,영업/정상,,경기도 김포시 사우동 788-22,경기도 김포시 승가로 246,샘플식당 3174,호프/통닭
3175,일반음식점,SAMPLE-03175,2025-04-14,영업/정상,,경기도 김포시 풍무동 255-10,경기도 김포시 통진로 181,샘플식당 3175,커피숍
3176,일반음식점,SAMPLE-03176,2025-04-25,영업/정상,,경기도 김포시 풍무동 271-19,경기도 김포시 승가로 256,샘플식당 3176,한식
3177,일반음식점,SAMPLE-03177,2025-04-25,영업/정상,,경기도 김포시 구래동 1162-27,경기도 김포시 김포대로 2,샘플식당 3177,기타
3178,일반음식점,SAMPLE-03178,2025-04-26,영업/정상,,경기도 김포시 마산동 1430-18,경기도 김포시 김포한강9로 205,샘플식당 3178,호프/통닭
3179,일반음식점,SAMPLE-03179,2025-04-26,영업/정상,,경기도 김포시 걸포동 547-13,경기도 김포시 봉화로 62,샘플식당 3179,한식
3180,일반음식점,SAMPLE-03180,2025-04-26,영업/정상,,경기도 김포시 월곶면 1248-13,경기도 김포시 김포한강4로 126,샘플식당 3180,커피숍
3181,일반음식점,SAMPLE-03181,2025-04-28,영업/정상,,경기도 김포시 양촌읍 661-30,경기도 김포시 양촌로 100,샘플식당 3181,한식
3182,일반음식점,SAMPLE-03182,2025-04-28,영업/정상,,경기도 김포시 고촌읍 934-26,경기도 김포시 태장로 237,샘플식당 3182,한식
3183,일반음식점,SAMPLE-03183,2025-04-28,영업/정상,,경기도 김포시 고촌읍 1649-12,경기도 김포시 고촌로 43,샘플식당 3183,분식
3184,일반음식점,SAMPLE-03184,2025-04-29,영업/정상,,경기도 김포시 구래동 809-21,경기도 김포시 김포한강4로 284,샘플식당 3184,경양식
3185,일반음식점,SAMPLE-03185,2025-05-08,영업/정상,,경기도 김포시 사우동 971-4,경기도 김포시 양촌로 142,샘플식당 3185,까페
3186,일반음식점,SAMPLE-03186,2025-05-10,영업/정상,,경기도 김포시 장기동 322-30,경기도 김포시 김포한강9로 13,샘플식당 3186,김밥(도시락)
3187,일반음식점,SAMPLE-03187,2025-05-11,영업/정상,,경기도 김포시 마산동 776-25,경기도 김포시 통진로 69,샘플식당 3187,한식
3188,일반음식점,SAMPLE-03188,2025-05-13,영업/정상,,경기도 김포시 월곶면 1322-2,경기도 김포시 승가로 187,샘플식당 3188,커피숍
3189,일반음식점,SAMPLE-03189,2025-05-13,영업/정상,,경기도 김포시 장기동 1483-10,경기도 김포시 양촌로 49,샘플식당 3189,호프/통닭
3190,일반음식점,SAMPLE-03190,2025-05-13,영업/정상,,경기도 김포시 통진읍 1488-3,경기도 김포시 김포한강9로 190,샘플식당 3190,호프/통닭
3191,일반음식점,SAMPLE-03191,2025-05-13,영업/정상,,경기도 김포시 마산동 1459-16,경기도 김포시 고촌로 210,샘플식당 3191,정종/대포집/소주방
3192,일반음식점,SAMPLE-03192,2025-05-14,영업/정상,,경기도 김포시 사우동 951-25,경기도 김포시 양촌로 54,샘플식당 3192,한식
3193,일반음식점,SAMPLE-03193,2025-05-15,영업/정상,,경기도 김포시 구래동 1917-29,경기도 김포시 고촌로 92,샘플식당 3193,한식
3194,일반음식점,SAMPLE-03194,2025-05-18,영업/정상,,경기도 김포시 장기동 1478-25,경기도 김포시 통진로 223,샘플식당 3194,기타
3195,일반음식점,SAMPLE-03195,2025-05-19,영업/정상,,경기도 김포시 양촌읍 1510-19,경기도 김포시 태장로 108,샘플식당 3195,김밥(도시락)
3196,일반음식점,SAMPLE-03196,2025-05-20,영업/정상,,경기도 김포시 구래동 1656-28,경기도 김포시 통진로 1,샘플식당 3196,커피숍
3197,일반음식점,SAMPLE-03197,2025-05-21,영업/정상,,경기도 김포시 마산동 1771-29,경기도 김포시 봉화로 234,샘플식당 3197,한식
3198,일반음식점,SAMPLE-03198,2025-05-21,영업/정상,,경기도 김포시 양촌읍 1315-3,경기도 김포시 봉화로 177,샘플식당 3198,김밥(도시락)
3199,일반음식점,SAMPLE-03199,2025-05-23,영업/정상,,경기도 김포시 마산동 987-12,경기도 김포시 봉화로 230,샘플식당 3199,일식
3200,일반음식점,SAMPLE-03200,2025-05-23,영업/정상,,경기도 김포시 고촌읍 214-18,경기도 김포시 고촌로 278,샘플식당 3200,한식
3201,일반음식점,SAMPLE-03201,2025-05-23,영업/정상,,경기도 김포시 장기동 667-22,경기도 김포시 태장로 267,샘플식당 3201,커피숍
3202,일반음식점,SAMPLE-03202,2025-05-24,영업/정상,,경기도 김포시 고촌읍 1189-18,경기도 김포시 김포대로 212,샘플식당 3202,커피숍
3203,일반음식점,SAMPLE-03203,2025-05-27,영업/정상,,경기도 김포시 구래동 1885-10,경기도 김포시 양촌로 154,샘플식당 3203,한식
3204,일반음식점,SAMPLE-03204,2025-05-27,영업/정상,,경기도 김포시 운양동 36-11,경기도 김포시 승가로 10,샘플식당 3204,한식
3205,일반음식점,SAMPLE-03205,2025-05-28,영업/정상,,경기도 김포시 사우동 1165-6,경기도 김포시 통진로 104,샘플식당 3205,한식
3206,일반음식점,SAMPLE-03206,2025-05-29,폐업,2026-03-25,경기도 김포시 장기동 1993-12,경기도 김포시 봉화로 199,샘플식당 3206,일식
3207,일반음식점,SAMPLE-03207,2025-05-30,영업/정상,,경기도 김포시 구래동 499-10,경기도 김포시 김포한강4로 199,샘플식당 3207,분식
3208,일반음식점,SAMPLE-03208,2025-06-02,영업/정상,,경기도 김포시 양촌읍 757-1,경기도 김포시 승가로 10,샘플식당 3208,기타
3209,일반음식점,SAMPLE-03209,2025-06-02,영업/정상,,경기도 김포시 하성면 966-7,경기도 김포시 고촌로 10,샘플식당 3209,분식
3210,일반음식점,SAMPLE-03210,2025-06-07,영업/정상,,경기도 김포시 풍무동 634-19,경기도 김포시 고촌로 8,샘플식당 3210,한식
3211,일반음식점,SAMPLE-03211,2025-06-07,영업/정상,,경기도 김포시 운양동 641-2,경기도 김포시 김포대로 216,샘플식당 3211,커피숍
3212,일반음식점,SAMPLE-03212,2025-06-08,영업/정상,,경기도 김포시 운양동 1660-30,경기도 김포시 김포대로 195,샘플식당 3212,호프/통닭
3213,일반음식점,SAMPLE-03213,2025-06-08,영업/정상,,경기도 김포시 감정동 1336-13,경기도 김포시 봉화로 264,샘플식당 3213,한식
3214,일반음식점,SAMPLE-03214,2025-06-08,영업/정상,,경기도 김포시 장기동 804-15,경기도 김포시 고촌로 74,샘플식당 3214,호프/통닭
3215,일반음식점,SAMPLE-03215,2025-06-08,영업/정상,,경기도 김포시 사우동 1514-24,경기도 김포시 태장로 71,샘플식당 3215,한식
3216,일반음식점,SAMPLE-03216,2025-06-09,영업/정상,,경기도 김포시 장기동 948-25,경기도 김포시 김포한강4로 30,샘플식당 3216,일식
3217,일반음식점,SAMPLE-03217,2025-06-09,영업/정상,,경기도 김포시 북변동 747-16,경기도 김포시 봉화로 258,샘플식당 3217,중국식
3218,일반음식점,SAMPLE-03218,2025-06-10,영업/정상,,경기도 김포시 운양동 517-13,경기도 김포시 통진로 262,샘플식당 3218,한식
3219,일반음식점,SAMPLE-03219,2025-06-10,영업/정상,,경기도 김포시 구래동 430-20,경기도 김포시 김포한강4로 62,샘플식당 3219,분식
3220,일반음식점,SAMPLE-03220,2025-06-11,영업/정상,,경기도 김포시 장기동 1271-7,경기도 김포시 봉화로 5,샘플식당 3220,기타
3221,일반음식점,SAMPLE-03221,2025-06-12,영업/정상,,경기도 김포시 북변동 771-30,경기도 김포시 봉화로 75,샘플식당 3221,한식
3222,일반음식점,SAMPLE-03222,2025-06-14,영업/정상,,경기도 김포시 마산동 1769-4,경기도 김포시 고촌로 192,샘플식당 3222,커피숍
3223,일반음식점,SAMPLE-03223,2025-06-15,영업/정상,,경기도 김포시 장기동 1165-26,경기도 김포시 고촌로 43,샘플식당 3223,한식
3224,일반음식점,SAMPLE-03224,2025-06-16,영업/정상,,경기도 김포시 운양동 1057-25,경기도 김포시 승가로 86,샘플식당 3224,커피숍
3225,일반음식점,SAMPLE-03225,2025-06-20,영업/정상,,경기도 김포시 북변동 275-16,경기도 김포시 봉화로 71,샘플식당 3225,기타
3226,일반음식점,SAMPLE-03226,2025-06-20,영업/정상,,경기도 김포시 장기동 224-27,경기도 김포시 김포한강9로 109,샘플식당 3226,분식
3227,일반음식점,SAMPLE-03227,2025-06-21,영업/정상,,경기도 김포시 고촌읍 135-18,경기도 김포시 김포대로 265,샘플식당 3227,경양식
3228,일반음식점,SAMPLE-03228,2025-06-22,영업/정상,,경기도 김포시 운양동 711-22,경기도 김포시 승가로 231,샘플식당 3228,호프/통닭
3229,일반음식점,SAMPLE-03229,2025-06-23,영업/정상,,경기도 김포시 양촌읍 1058-7,경기도 김포시 통진로 231,샘플식당 3229,한식
3230,일반음식점,SAMPLE-03230,2025-06-23,영업/정상,,경기도 김포시 걸포동 1078-5,경기도 김포시 김포한강9로 67,샘플식당 3230,중국식
3231,일반음식점,SAMPLE-03231,2025-06-23,영업/정상,,경기도 김포시 사우동 1844-4,경기도 김포시 김포한강9로 89,샘플식당 3231,중국식
3232,일반음식점,SAMPLE-03232,2025-06-23,영업/정상,,경기도 김포시 사우동 808-9,경기도 김포시 김포대로 92,샘플식당 3232,제과점영업
3233,일반음식점,SAMPLE-03233,2025-06-24,영업/정상,,경기도 김포시 월곶면 1519-14,경기도 김포시 김포한강9로 76,샘플식당 3233,한식
3234,일반음식점,SAMPLE-03234,2025-06-24,영업/정상,,경기도 김포시 사우동 1432-13,경기도 김포시 승가로 66,샘플식당 3234,한식
3235,일반음식점,SAMPLE-03235,2025-06-25,영업/정상,,경기도 김포시 사우동 1132-14,경기도 김포시 김포한강4로 150,샘플식당 3235,한식
3236,일반음식점,SAMPLE-03236,2025-06-25,영업/정상,,경기도 김포시 양촌읍 1786-23,경기도 김포시 김포한강4로 2,샘플식당 3236,까페
3237,일반음식점,SAMPLE-03237,2025-06-28,영업/정상,,경기도 김포시 풍무동 985-30,경기도 김포시 양촌로 235,샘플식당 3237,제과점영업
3238,일반음식점,SAMPLE-03238,2025-06-28,영업/정상,,경기도 김포시 운양동 157-8,경기도 김포시 봉화로 226,샘플식당 3238,한식
3239,일반음식점,SAMPLE-03239,2025-06-29,영업/정상,,경기도 김포시 사우동 1134-25,경기도 김포시 태장로 236,샘플식당 3239,일식
3240,일반음식점,SAMPLE-03240,2025-06-29,영업/정상,,경기도 김포시 운양동 893-27,경기도 김포시 김포대로 235,샘플식당 3240,기타
3241,일반음식점,SAMPLE-03241,2025-06-30,영업/정상,,경기도 김포시 고촌읍 1847-16,경기도 김포시 태장로 255,샘플식당 3241,정종/대포집/소주방
3242,일반음식점,SAMPLE-03242,2025-06-30,영업/정상,,경기도 김포시 장기동 136-16,경기도 김포시 양촌로 200,샘플식당 3242,분식
3243,일반음식점,SAMPLE-03243,2025-06-30,영업/정상,,경기도 김포시 운양동 521-20,경기도 김포시 통진로 101,샘플식당 3243,한식
3244,일반음식점,SAMPLE-03244,2025-07-01,영업/정상,,경기도 김포시 풍무동 1773-29,경기도 김포시 봉화로 110,샘플식당 3244,까페
3245,일반음식점,SAMPLE-03245,2025-07-01,영업/정상,,경기도 김포시 장기동 606-2,경기도 김포시 승가로 287,샘플식당 3245,한식
3246,일반음식점,SAMPLE-03246,2025-07-02,폐업,2026-01-10,경기도 김포시 운양동 382-12,경기도 김포시 김포한강4로 208,샘플식당 3246,정종/대포집/소주방
3247,일반음식점,SAMPLE-03247,2025-07-02,영업/정상,,경기도 김포시 마산동 1036-9,경기도 김포시 봉화로 86,샘플식당 3247,한식
3248,일반음식점,SAMPLE-03248,2025-07-03,영업/정상,,경기도 김포시 걸포동 1441-1,경기도 김포시 김포한강9로 20,샘플식당 3248,분식
3249,일반음식점,SAMPLE-03249,2025-07-04,영업/정상,,경기도 김포시 장기동 597-14,경기도 김포시 김포대로 28,샘플식당 3249,기타
3250,일반음식점,SAMPLE-03250,2025-07-04,영업/정상,,경기도 김포시 걸포동 1832-12,경기도 김포시 봉화로 113,샘플식당 3250,중국식
3251,일반음식점,SAMPLE-03251,2025-07-07,영업/정상,,경기도 김포시 대곶면 30-27,경기도 김포시 봉화로 41,샘플식당 3251,중국식
3252,일반음식점,SAMPLE-03252,2025-07-09,영업/정상,,경기도 김포시 북변동 843-28,경기도 김포시 김포대로 238,샘플식당 3252,중국식
3253,일반음식점,SAMPLE-03253,2025-07-12,영업/정상,,경기도 김포시 풍무동 58-24,경기도 김포시 봉화로 33,샘플식당 3253,분식
3254,일반음식점,SAMPLE-03254,2025-07-14,영업/정상,,경기도 김포시 월곶면 428-26,경기도 김포시 태장로 221,샘플식당 3254,한식
3255,일반음식점,SAMPLE-03255,2025-07-22,영업/정상,,경기도 김포시 풍무동 781-7,경기도 김포시 양촌로 64,샘플식당 3255,일식
3256,일반음식점,SAMPLE-03256,2025-07-23,영업/정상,,경기도 김포시 풍무동 877-21,경기도 김포시 봉화로 129,샘플식당 3256,까페
3257,일반음식점,SAMPLE-03257,2025-07-25,영업/정상,,경기도 김포시 마산동 769-12,경기도 김포시 김포대로 229,샘플식당 3257,한식
3258,일반음식점,SAMPLE-03258,2025-07-25,영업/정상,,경기도 김포시 고촌읍 672-6,경기도 김포시 김포한강9로 207,샘플식당 3258,중국식
3259,일반음식점,SAMPLE-03259,2025-07-26,영업/정상,,경기도 김포시 고촌읍 1610-4,경기도 김포시 양촌로 273,샘플식당 3259,중국식
3260,일반음식점,SAMPLE-03260,2025-07-27,영업/정상,,경기도 김포시 고촌읍 679-27,경기도 김포시 봉화로 248,샘플식당 3260,정종/대포집/소주방
3261,일반음식점,SAMPLE-03261,2025-07-28,영업/정상,,경기도 김포시 고촌읍 889-26,경기도 김포시 봉화로 222,샘플식당 3261,중국식
3262,일반음식점,SAMPLE-03262,2025-07-29,영업/정상,,경기도 김포시 사우동 524-22,경기도 김포시 양촌로 104,샘플식당 3262,호프/통닭
3263,일반음식점,SAMPLE-03263,2025-07-31,영업/정상,,경기도 김포시 구래동 1337-1,경기도 김포시 김포한강4로 185,샘플식당 3263,분식
3264,일반음식점,SAMPLE-03264,2025-08-01,영업/정상,,경기도 김포시 마산동 1352-27,경기도 김포시 태장로 70,샘플식당 3264,한식
3265,일반음식점,SAMPLE-03265,2025-08-03,폐업,2026-07-22,경기도 김포시 장기동 327-26,경기도 김포시 김포대로 256,샘플식당 3265,정종/대포집/소주방
3266,일반음식점,SAMPLE-03266,2025-08-03,영업/정상,,경기도 김포시 북변동 1167-24,경기도 김포시 태장로 158,샘플식당 3266,중국식
3267,일반음식점,SAMPLE-03267,2025-08-03,영업/정상,,경기도 김포시 통진읍 1820-14,경기도 김포시 양촌로 55,샘플식당 3267,한식
3268,일반음식점,SAMPLE-03268,2025-08-04,영업/정상,,경기도 김포시 풍무동 1887-18,경기도 김포시 김포대로 154,샘플식당 3268,기타
3269,일반음식점,SAMPLE-03269,2025-08-04,영업/정상,,경기도 김포시 양촌읍 1823-6,경기도 김포시 양촌로 104,샘플식당 3269,한식
3270,일반음식점,SAMPLE-03270,2025-08-06,영업/정상,,경기도 김포시 구래동 167-26,경기도 김포시 승가로 144,샘플식당 3270,한식
3271,일반음식점,SAMPLE-03271,2025-08-07,영업/정상,,경기도 김포시 장기동 133-17,경기도 김포시 김포한강4로 71,샘플식당 3271,한식
3272,일반음식점,SAMPLE-03272,2025-08-11,영업/정상,,경기도 김포시 통진읍 240-22,경기도 김포시 고촌로 242,샘플식당 3272,경양식
3273,일반음식점,SAMPLE-03273,2025-08-12,영업/정상,,경기도 김포시 구래동 1800-30,경기도 김포시 김포대로 134,샘플식당 3273,한식
3274,일반음식점,SAMPLE-03274,2025-08-13,영업/정상,,경기도 김포시 통진읍 775-10,경기도 김포시 봉화로 296,샘플식당 3274,분식
3275,일반음식점,SAMPLE-03275,2025-08-14,영업/정상,,경기도 김포시 구래동 1819-19,경기도 김포시 통진로 103,샘플식당 3275,한식
3276,일반음식점,SAMPLE-03276,2025-08-14,영업/정상,,경기도 김포시 사우동 246-5,경기도 김포시 양촌로 227,샘플식당 3276,한식
3277,일반음식점,SAMPLE-03277,2025-08-16,영업/정상,,경기도 김포시 마산동 1213-10,경기도 김포시 김포한강9로 90,샘플식당 3277,분식
3278,일반음식점,SAMPLE-03278,2025-08-17,영업/정상,,경기도 김포시 고촌읍 693-30,경기도 김포시 태장로 153,샘플식당 3278,호프/통닭
3279,일반음식점,SAMPLE-03279,2025-08-17,영업/정상,,경기도 김포시 양촌읍 1532-9,경기도 김포시 승가로 38,샘플식당 3279,까페
3280,일반음식점,SAMPLE-03280,2025-08-18,영업/정상,,경기도 김포시 운양동 1957-10,경기도 김포시 통진로 277,샘플식당 3280,한식
3281,일반음식점,SAMPLE-03281,2025-08-19,영업/정상,,경기도 김포시 북변동 1366-29,경기도 김포시 양촌로 90,샘플식당 3281,호프/통닭
3282,일반음식점,SAMPLE-03282,2025-08-21,영업/정상,,경기도 김포시 양촌읍 510-28,경기도 김포시 양촌로 10,샘플식당 3282,한식
3283,일반음식점,SAMPLE-03283,2025-08-22,영업/정상,,경기도 김포시 통진읍 1293-3,경기도 김포시 태장로 245,샘플식당 3283,일식
3284,일반음식점,SAMPLE-03284,2025-08-22,영업/정상,,경기도 김포시 대곶면 1195-12,경기도 김포시 김포한강9로 86,샘플식당 3284,한식
3285,일반음식점,SAMPLE-03285,2025-08-22,영업/정상,,경기도 김포시 운양동 1157-18,경기도 김포시 태장로 30,샘플식당 3285,커피숍
3286,일반음식점,SAMPLE-03286,2025-08-24,영업/정상,,경기도 김포시 장기동 1187-29,경기도 김포시 김포대로 270,샘플식당 3286,한식
3287,일반음식점,SAMPLE-03287,2025-08-26,영업/정상,,경기도 김포시 걸포동 1606-14,경기도 김포시 통진로 191,샘플식당 3287,호프/통닭
3288,일반음식점,SAMPLE-03288,2025-08-26,영업/정상,,경기도 김포시 풍무동 887-5,경기도 김포시 양촌로 157,샘플식당 3288,까페
3289,일반음식점,SAMPLE-03289,2025-08-27,영업/정상,,경기도 김포시 사우동 915-17,경기도 김포시 김포한강4로 44,샘플식당 3289,커피숍
3290,일반음식점,SAMPLE-03290,2025-08-29,영업/정상,,경기도 김포시 양촌읍 614-7,경기도 김포시 봉화로 163,샘플식당 3290,한식
3291,일반음식점,SAMPLE-03291,2025-08-29,영업/정상,,경기도 김포시 북변동 1516-12,경기도 김포시 김포한강4로 116,샘플식당 3291,호프/통닭
3292,일반음식점,SAMPLE-03292,2025-08-30,영업/정상,,경기도 김포시 구래동 1381-19,경기도 김포시 양촌로 96,샘플식당 3292,일식
3293,일반음식점,SAMPLE-03293,2025-08-30,영업/정상,,경기도 김포시 양촌읍 399-7,경기도 김포시 김포한강9로 294,샘플식당 3293,일식
3294,일반음식점,SAMPLE-03294,2025-09-01,영업/정상,,경기도 김포시 구래동 927-10,경기도 김포시 봉화로 275,샘플식당 3294,한식
3295,일반음식점,SAMPLE-03295,2025-09-01,영업/정상,,경기도 김포시 양촌읍 424-12,경기도 김포시 고촌로 86,샘플식당 3295,한식
3296,일반음식점,SAMPLE-03296,2025-09-03,영업/정상,,경기도 김포시 감정동 1188-11,경기도 김포시 봉화로 179,샘플식당 3296,중국식
3297,일반음식점,SAMPLE-03297,2025-09-04,영업/정상,,경기도 김포시 마산동 939-7,경기도 김포시 양촌로 276,샘플식당 3297,중국식
3298,일반음식점,SAMPLE-03298,2025-09-06,영업/정상,,경기도 김포시 장기동 603-26,경기도 김포시 김포대로 241,샘플식당 3298,중국식
3299,일반음식점,SAMPLE-03299,2025-09-06,영업/정상,,경기도 김포시 풍무동 1548-12,경기도 김포시 양촌로 299,샘플식당 3299,한식
3300,일반음식점,SAMPLE-03300,2025-09-07,영업/정상,,경기도 김포시 하성면 245-17,경기도 김포시 고촌로 67,샘플식당 3300,일식
3301,일반음식점,SAMPLE-03301,2025-09-07,영업/정상,,경기도 김포시 북변동 1790-21,경기도 김포시 고촌로 211,샘플식당 3301,한식
3302,일반음식점,SAMPLE-03302,2025-09-09,영업/정상,,경기도 김포시 감정동 1786-30,경기도 김포시 승가로 160,샘플식당 3302,정종/대포집/소주방
3303,일반음식점,SAMPLE-03303,2025-09-09,영업/정상,,경기도 김포시 걸포동 1407-25,경기도 김포시 양촌로 259,샘플식당 3303,한식
3304,일반음식점,SAMPLE-03304,2025-09-10,영업/정상,,경기도 김포시 고촌읍 560-28,경기도 김포시 양촌로 173,샘플식당 3304,커피숍
3305,일반음식점,SAMPLE-03305,2025-09-12,영업/정상,,경기도 김포시 풍무동 1998-26,경기도 김포시 김포한강9로 5,샘플식당 3305,정종/대포집/소주방
3306,일반음식점,SAMPLE-03306,2025-09-13,영업/정상,,경기도 김포시 장기동 1463-22,경기도 김포시 봉화로 87,샘플식당 3306,한식
3307,일반음식점,SAMPLE-03307,2025-09-13,영업/정상,,경기도 김포시 장기동 136-19,경기도 김포시 고촌로 212,샘플식당 3307,한식
3308,일반음식점,SAMPLE-03308,2025-09-14,영업/정상,,경기도 김포시 풍무동 416-16,경기도 김포시 김포대로 259,샘플식당 3308,한식
3309,일반음식점,SAMPLE-03309,2025-09-15,영업/정상,,경기도 김포시 고촌읍 1574-12,경기도 김포시 태장로 80,샘플식당 3309,커피숍
3310,일반음식점,SAMPLE-03310,2025-09-15,영업/정상,,경기도 김포시 걸포동 862-6,경기도 김포시 김포한강4로 106,샘플식당 3310,경양식
3311,일반음식점,SAMPLE-03311,2025-09-15,영업/정상,,경기도 김포시 고촌읍 415-30,경기도 김포시 양촌로 159,샘플식당 3311,호프/통닭
3312,일반음식점,SAMPLE-03312,2025-09-19,영업/정상,,경기도 김포시 양촌읍 254-16,경기도 김포시 봉화로 139,샘플식당 3312,까페
3313,일반음식점,SAMPLE-03313,2025-09-19,영업/정상,,경기도 김포시 고촌읍 1266-30,경기도 김포시 김포한강4로 184,샘플식당 3313,한식
3314,일반음식점,SAMPLE-03314,2025-09-19,영업/정상,,경기도 김포시 장기동 92-19,경기도 김포시 통진로 138,샘플식당 3314,호프/통닭
3315,일반음식점,SAMPLE-03315,2025-09-21,영업/정상,,경기도 김포시 양촌읍 350-26,경기도 김포시 봉화로 60,샘플식당 3315,커피숍
3316,일반음식점,SAMPLE-03316,2025-09-22,영업/정상,,경기도 김포시 구래동 530-23,경기도 김포시 승가로 104,샘플식당 3316,한식
3317,일반음식점,SAMPLE-03317,2025-09-23,영업/정상,,경기도 김포시 풍무동 233-20,경기도 김포시 승가로 119,샘플식당 3317,정종/대포집/소주방
3318,일반음식점,SAMPLE-03318,2025-09-24,영업/정상,,경기도 김포시 사우동 1645-15,경기도 김포시 봉화로 227,샘플식당 3318,한식
3319,일반음식점,SAMPLE-03319,2025-09-25,영업/정상,,경기도 김포시 장기동 1824-20,경기도 김포시 통진로 122,샘플식당 3319,정종/대포집/소주방
3320,일반음식점,SAMPLE-03320,2025-09-26,폐업,2026-07-06,경기도 김포시 걸포동 623-21,경기도 김포시 태장로 147,샘플식당 3320,기타
3321,일반음식점,SAMPLE-03321,2025-09-27,영업/정상,,경기도 김포시 구래동 1338-4,경기도 김포시 승가로 77,샘플식당 3321,중국식
3322,일반음식점,SAMPLE-03322,2025-09-27,영업/정상,,경기도 김포시 고촌읍 1562-9,경기도 김포시 양촌로 169,샘플식당 3322,커피숍
3323,일반음식점,SAMPLE-03323,2025-09-28,영업/정상,,경기도 김포시 통진읍 1515-22,경기도 김포시 양촌로 176,샘플식당 3323,김밥(도시락)
3324,일반음식점,SAMPLE-03324,2025-09-29,영업/정상,,경기도 김포시 장기동 833-5,경기도 김포시 승가로 284,샘플식당 3324,한식
3325,일반음식점,SAMPLE-03325,2025-10-03,영업/정상,,경기도 김포시 운양동 1262-7,경기도 김포시 김포한강9로 240,샘플식당 3325,제과점영업
3326,일반음식점,SAMPLE-03326,2025-10-03,영업/정상,,경기도 김포시 장기동 1973-27,경기도 김포시 봉화로 73,샘플식당 3326,한식
3327,일반음식점,SAMPLE-03327,2025-10-04,영업/정상,,경기도 김포시 감정동 64-11,경기도 김포시 통진로 274,샘플식당 3327,경양식
3328,일반음식점,SAMPLE-03328,2025-10-04,영업/정상,,경기도 김포시 고촌읍 1693-14,경기도 김포시 승가로 253,샘플식당 3328,제과점영업
3329,일반음식점,SAMPLE-03329,2025-10-08,영업/정상,,경기도 김포시 풍무동 1992-30,경기도 김포시 김포한강9로 215,샘플식당 3329,한식
3330,일반음식점,SAMPLE-03330,2025-10-08,영업/정상,,경기도 김포시 사우동 381-18,경기도 김포시 김포대로 75,샘플식당 3330,정종/대포집/소주방
3331,일반음식점,SAMPLE-03331,2025-10-09,영업/정상,,경기도 김포시 양촌읍 675-16,경기도 김포시 승가로 289,샘플식당 3331,정종/대포집/소주방
3332,일반음식점,SAMPLE-03332,2025-10-11,영업/정상,,경기도 김포시 걸포동 1854-2,경기도 김포시 고촌로 220,샘플식당 3332,한식
3333,일반음식점,SAMPLE-03333,2025-10-16,영업/정상,,경기도 김포시 구래동 1737-27,경기도 김포시 봉화로 39,샘플식당 3333,정종/대포집/소주방
3334,일반음식점,SAMPLE-03334,2025-10-16,폐업,2026-08-21,경기도 김포시 장기동 1754-3,경기도 김포시 김포대로 85,샘플식당 3334,분식
3335,일반음식점,SAMPLE-03335,2025-10-18,영업/정상,,경기도 김포시 운양동 748-29,경기도 김포시 김포대로 246,샘플식당 3335,한식
3336,일반음식점,SAMPLE-03336,2025-10-18,영업/정상,,경기도 김포시 풍무동 147-27,경기도 김포시 양촌로 7,샘플식당 3336,한식
3337,일반음식점,SAMPLE-03337,2025-10-19,영업/정상,,경기도 김포시 북변동 642-2,경기도 김포시 고촌로 20,샘플식당 3337,한식
3338,일반음식점,SAMPLE-03338,2025-10-20,영업/정상,,경기도 김포시 구래동 722-19,경기도 김포시 승가로 77,샘플식당 3338,한식
3339,일반음식점,SAMPLE-03339,2025-10-22,영업/정상,,경기도 김포시 운양동 1852-1,경기도 김포시 김포대로 232,샘플식당 3339,호프/통닭
3340,일반음식점,SAMPLE-03340,2025-10-22,영업/정상,,경기도 김포시 운양동 734-14,경기도 김포시 봉화로 291,샘플식당 3340,한식
3341,일반음식점,SAMPLE-03341,2025-10-24,영업/정상,,경기도 김포시 사우동 1108-22,경기도 김포시 김포한강9로 254,샘플식당 3341,한식
3342,일반음식점,SAMPLE-03342,2025-10-26,영업/정상,,경기도 김포시 하성면 73-6,경기도 김포시 봉화로 145,샘플식당 3342,분식
3343,일반음식점,SAMPLE-03343,2025-10-27,영업/정상,,경기도 김포시 장기동 329-7,경기도 김포시 통진로 28,샘플식당 3343,한식
3344,일반음식점,SAMPLE-03344,2025-10-29,영업/정상,,경기도 김포시 구래동 963-1,경기도 김포시 김포한강4로 9,샘플식당 3344,한식
3345,일반음식점,SAMPLE-03345,2025-10-31,영업/정상,,경기도 김포시 마산동 492-15,경기도 김포시 김포한강9로 207,샘플식당 3345,정종/대포집/소주방
3346,일반음식점,SAMPLE-03346,2025-11-03,영업/정상,,경기도 김포시 구래동 1875-23,경기도 김포시 통진로 67,샘플식당 3346,정종/대포집/소주방
3347,일반음식점,SAMPLE-03347,2025-11-04,영업/정상,,경기도 김포시 사우동 1942-14,경기도 김포시 김포대로 204,샘플식당 3347,김밥(도시락)
3348,일반음식점,SAMPLE-03348,2025-11-06,영업/정상,,경기도 김포시 북변동 78-3,경기도 김포시 고촌로 122,샘플식당 3348,기타
3349,일반음식점,SAMPLE-03349,2025-11-06,영업/정상,,경기도 김포시 운양동 213-17,경기도 김포시 봉화로 213,샘플식당 3349,분식
3350,일반음식점,SAMPLE-03350,2025-11-10,영업/정상,,경기도 김포시 북변동 626-11,경기도 김포시 통진로 196,샘플식당 3350,제과점영업
3351,일반음식점,SAMPLE-03351,2025-11-13,영업/정상,,경기도 김포시 운양동 528-17,경기도 김포시 김포한강9로 273,샘플식당 3351,분식
3352,일반음식점,SAMPLE-03352,2025-11-13,영업/정상,,경기도 김포시 구래동 461-7,경기도 김포시 김포대로 126,샘플식당 3352,일식
3353,일반음식점,SAMPLE-03353,2025-11-14,영업/정상,,경기도 김포시 고촌읍 165-11,경기도 김포시 양촌로 90,샘플식당 3353,한식
3354,일반음식점,SAMPLE-03354,2025-11-15,영업/정상,,경기도 김포시 북변동 1084-30,경기도 김포시 승가로 236,샘플식당 3354,한식
3355,일반음식점,SAMPLE-03355,2025-11-20,영업/정상,,경기도 김포시 장기동 1787-7,경기도 김포시 김포대로 259,샘플식당 3355,커피숍
3356,일반음식점,SAMPLE-03356,2025-11-21,영업/정상,,경기도 김포시 구래동 528-10,경기도 김포시 김포한강9로 264,샘플식당 3356,커피숍
3357,일반음식점,SAMPLE-03357,2025-11-21,영업/정상,,경기도 김포시 대곶면 688-12,경기도 김포시 태장로 16,샘플식당 3357,호프/통닭
3358,일반음식점,SAMPLE-03358,2025-11-22,폐업,2026-08-07,경기도 김포시 풍무동 1881-6,경기도 김포시 김포대로 58,샘플식당 3358,한식
3359,일반음식점,SAMPLE-03359,2025-11-24,영업/정상,,경기도 김포시 통진읍 262-8,경기도 김포시 김포대로 35,샘플식당 3359,호프/통닭
3360,일반음식점,SAMPLE-03360,2025-11-25,영업/정상,,경기도 김포시 운양동 1520-21,경기도 김포시 승가로 111,샘플식당 3360,커피숍
3361,일반음식점,SAMPLE-03361,2025-11-25,영업/정상,,경기도 김포시 구래동 1025-7,경기도 김포시 김포한강9로 242,샘플식당 3361,기타
3362,일반음식점,SAMPLE-03362,2025-11-27,영업/정상,,경기도 김포시 구래동 364-26,경기도 김포시 고촌로 186,샘플식당 3362,한식
3363,일반음식점,SAMPLE-03363,2025-11-27,영업/정상,,경기도 김포시 운양동 262-7,경기도 김포시 승가로 161,샘플식당 3363,정종/대포집/소주방
3364,일반음식점,SAMPLE-03364,2025-11-29,영업/정상,,경기도 김포시 양촌읍 573-19,경기도 김포시 김포한강4로 21,샘플식당 3364,호프/통닭
3365,일반음식점,SAMPLE-03365,2025-12-02,영업/정상,,경기도 김포시 운양동 1256-7,경기도 김포시 김포한강9로 42,샘플식당 3365,경양식
3366,일반음식점,SAMPLE-03366,2025-12-03,영업/정상,,경기도 김포시 장기동 1709-16,경기도 김포시 태장로 292,샘플식당 3366,기타
3367,일반음식점,SAMPLE-03367,2025-12-06,영업/정상,,경기도 김포시 하성면 713-7,경기도 김포시 김포한강9로 75,샘플식당 3367,한식
3368,일반음식점,SAMPLE-03368,2025-12-06,영업/정상,,경기도 김포시 풍무동 783-29,경기도 김포시 통진로 288,샘플식당 3368,까페
3369,일반음식점,SAMPLE-03369,2025-12-09,영업/정상,,경기도 김포시 월곶면 1454-10,경기도 김포시 김포대로 120,샘플식당 3369,정종/대포집/소주방
3370,일반음식점,SAMPLE-03370,2025-12-13,영업/정상,,경기도 김포시 풍무동 1623-28,경기도 김포시 김포한강9로 114,샘플식당 3370,분식
3371,일반음식점,SAMPLE-03371,2025-12-13,영업/정상,,경기도 김포시 구래동 255-16,경기도 김포시 김포대로 92,샘플식당 3371,일식
3372,일반음식점,SAMPLE-03372,2025-12-13,영업/정상,,경기도 김포시 월곶면 746-12,경기도 김포시 태장로 23,샘플식당 3372,호프/통닭
3373,일반음식점,SAMPLE-03373,2025-12-15,영업/정상,,경기도 김포시 마산동 617-27,경기도 김포시 김포대로 221,샘플식당 3373,정종/대포집/소주방
3374,일반음식점,SAMPLE-03374,2025-12-15,영업/정상,,경기도 김포시 운양동 566-16,경기도 김포시 통진로 178,샘플식당 3374,한식
3375,일반음식점,SAMPLE-03375,2025-12-15,영업/정상,,경기도 김포시 운양동 193-13,경기도 김포시 통진로 71,샘플식당 3375,한식
3376,일반음식점,SAMPLE-03376,2025-12-15,영업/정상,,경기도 김포시 운양동 1743-28,경기도 김포시 봉화로 149,샘플식당 3376,경양식
3377,일반음식점,SAMPLE-03377,2025-12-15,영업/정상,,경기도 김포시 고촌읍 127-26,경기도 김포시 태장로 114,샘플식당 3377,한식
3378,일반음식점,SAMPLE-03378,2025-12-16,영업/정상,,경기도 김포시 걸포동 517-21,경기도 김포시 김포한강4로 196,샘플식당 3378,김밥(도시락)
3379,일반음식점,SAMPLE-03379,2025-12-17,영업/정상,,경기도 김포시 걸포동 1034-14,경기도 김포시 봉화로 151,샘플식당 3379,분식
3380,일반음식점,SAMPLE-03380,2025-12-18,영업/정상,,경기도 김포시 마산동 1077-16,경기도 김포시 통진로 149,샘플식당 3380,한식
3381,일반음식점,SAMPLE-03381,2025-12-20,영업/정상,,경기도 김포시 북변동 1362-1,경기도 김포시 승가로 175,샘플식당 3381,정종/대포집/소주방
3382,일반음식점,SAMPLE-03382,2025-12-22,영업/정상,,경기도 김포시 양촌읍 1345-15,경기도 김포시 승가로 100,샘플식당 3382,분식
3383,일반음식점,SAMPLE-03383,2025-12-24,영업/정상,,경기도 김포시 풍무동 964-7,경기도 김포시 태장로 250,샘플식당 3383,분식
3384,일반음식점,SAMPLE-03384,2025-12-25,영업/정상,,경기도 김포시 고촌읍 3-25,경기도 김포시 김포대로 21,샘플식당 3384,호프/통닭
3385,일반음식점,SAMPLE-03385,2025-12-27,영업/정상,,경기도 김포시 걸포동 167-4,경기도 김포시 김포한강4로 62,샘플식당 3385,정종/대포집/소주방
3386,일반음식점,SAMPLE-03386,2025-12-29,영업/정상,,경기도 김포시 통진읍 487-16,경기도 김포시 태장로 198,샘플식당 3386,정종/대포집/소주방
3387,일반음식점,SAMPLE-03387,2025-12-30,영업/정상,,경기도 김포시 통진읍 1279-2,경기도 김포시 김포한강9로 183,샘플식당 3387,분식
3388,일반음식점,SAMPLE-03388,2025-12-30,영업/정상,,경기도 김포시 걸포동 1653-12,경기도 김포시 김포한강4로 229,샘플식당 3388,중국식
3389,일반음식점,SAMPLE-03389,2026-01-02,영업/정상,,경기도 김포시 구래동 206-19,경기도 김포시 태장로 300,샘플식당 3389,한식
3390,일반음식점,SAMPLE-03390,2026-01-05,영업/정상,,경기도 김포시 운양동 952-20,경기도 김포시 양촌로 169,샘플식당 3390,제과점영업
3391,일반음식점,SAMPLE-03391,2026-01-08,영업/정상,,경기도 김포시 하성면 1519-19,경기도 김포시 김포대로 178,샘플식당 3391,한식
3392,일반음식점,SAMPLE-03392,2026-01-09,영업/정상,,경기도 김포시 장기동 440-10,경기도 김포시 김포한강4로 231,샘플식당 3392,커피숍
3393,일반음식점,SAMPLE-03393,2026-01-10,영업/정상,,경기도 김포시 구래동 1334-26,경기도 김포시 김포한강4로 265,샘플식당 3393,제과점영업
3394,일반음식점,SAMPLE-03394,2026-01-10,영업/정상,,경기도 김포시 통진읍 1965-2,경기도 김포시 고촌로 225,샘플식당 3394,일식
3395,일반음식점,SAMPLE-03395,2026-01-14,영업/정상,,경기도 김포시 운양동 275-12,경기도 김포시 태장로 242,샘플식당 3395,한식
3396,일반음식점,SAMPLE-03396,2026-01-16,영업/정상,,경기도 김포시 장기동 49-11,경기도 김포시 통진로 215,샘플식당 3396,한식
3397,일반음식점,SAMPLE-03397,2026-01-16,영업/정상,,경기도 김포시 통진읍 1583-20,경기도 김포시 봉화로 141,샘플식당 3397,기타
3398,일반음식점,SAMPLE-03398,2026-01-17,영업/정상,,경기도 김포시 북변동 1514-10,경기도 김포시 양촌로 137,샘플식당 3398,분식
3399,일반음식점,SAMPLE-03399,2026-01-19,영업/정상,,경기도 김포시 운양동 805-5,경기도 김포시 고촌로 208,샘플식당 3399,한식
3400,일반음식점,SAMPLE-03400,2026-01-21,영업/정상,,경기도 김포시 구래동 1026-29,경기도 김포시 김포대로 109,샘플식당 3400,한식
3401,일반음식점,SAMPLE-03401,2026-01-22,영업/정상,,경기도 김포시 장기동 13-19,경기도 김포시 김포한강9로 262,샘플식당 3401,커피숍
3402,일반음식점,SAMPLE-03402,2026-01-27,영업/정상,,경기도 김포시 마산동 311-14,경기도 김포시 통진로 146,샘플식당 3402,한식
3403,일반음식점,SAMPLE-03403,2026-01-27,영업/정상,,경기도 김포시 운양동 1867-21,경기도 김포시 양촌로 124,샘플식당 3403,기타
3404,일반음식점,SAMPLE-03404,2026-01-30,영업/정상,,경기도 김포시 구래동 722-24,경기도 김포시 통진로 1,샘플식당 3404,분식
3405,일반음식점,SAMPLE-03405,2026-02-05,영업/정상,,경기도 김포시 장기동 1408-30,경기도 김포시 봉화로 62,샘플식당 3405,호프/통닭
3406,일반음식점,SAMPLE-03406,2026-02-05,영업/정상,,경기도 김포시 장기동 116-30,경기도 김포시 태장로 52,샘플식당 3406,한식
3407,일반음식점,SAMPLE-03407,2026-02-05,영업/정상,,경기도 김포시 풍무동 276-14,경기도 김포시 봉화로 290,샘플식당 3407,호프/통닭
3408,일반음식점,SAMPLE-03408,2026-02-05,영업/정상,,경기도 김포시 북변동 184-9,경기도 김포시 승가로 253,샘플식당 3408,한식
3409,일반음식점,SAMPLE-03409,2026-02-06,영업/정상,,경기도 김포시 마산동 1050-21,경기도 김포시 태장로 87,샘플식당 3409,분식
3410,일반음식점,SAMPLE-03410,2026-02-07,영업/정상,,경기도 김포시 걸포동 1147-21,경기도 김포시 양촌로 269,샘플식당 3410,까페
3411,일반음식점,SAMPLE-03411,2026-02-07,영업/정상,,경기도 김포시 고촌읍 1294-17,경기도 김포시 봉화로 78,샘플식당 3411,정종/대포집/소주방
3412,일반음식점,SAMPLE-03412,2026-02-07,영업/정상,,경기도 김포시 양촌읍 96-2,경기도 김포시 김포한강4로 35,샘플식당 3412,호프/통닭
3413,일반음식점,SAMPLE-03413,2026-02-07,영업/정상,,경기도 김포시 장기동 883-28,경기도 김포시 승가로 267,샘플식당 3413,김밥(도시락)
3414,일반음식점,SAMPLE-03414,2026-02-10,영업/정상,,경기도 김포시 마산동 342-17,경기도 김포시 태장로 148,샘플식당 3414,커피숍
3415,일반음식점,SAMPLE-03415,2026-02-10,영업/정상,,경기도 김포시 마산동 72-16,경기도 김포시 승가로 182,샘플식당 3415,한식
3416,일반음식점,SAMPLE-03416,2026-02-11,영업/정상,,경기도 김포시 마산동 413-7,경기도 김포시 김포한강4로 243,샘플식당 3416,까페
3417,일반음식점,SAMPLE-03417,2026-02-12,영업/정상,,경기도 김포시 양촌읍 1722-16,경기도 김포시 김포한강9로 60,샘플식당 3417,호프/통닭
3418,일반음식점,SAMPLE-03418,2026-02-14,영업/정상,,경기도 김포시 장기동 622-11,경기도 김포시 김포한강9로 6,샘플식당 3418,호프/통닭
3419,일반음식점,SAMPLE-03419,2026-02-14,영업/정상,,경기도 김포시 장기동 214-8,경기도 김포시 김포대로 109,샘플식당 3419,기타
3420,일반음식점,SAMPLE-03420,2026-02-14,영업/정상,,경기도 김포시 걸포동 1214-30,경기도 김포시 김포한강4로 225,샘플식당 3420,커피숍
3421,일반음식점,SAMPLE-03421,2026-02-18,영업/정상,,경기도 김포시 고촌읍 381-29,경기도 김포시 양촌로 223,샘플식당 3421,김밥(도시락)
3422,일반음식점,SAMPLE-03422,2026-02-19,영업/정상,,경기도 김포시 양촌읍 95-3,경기도 김포시 태장로 260,샘플식당 3422,일식
3423,일반음식점,SAMPLE-03423,2026-02-23,영업/정상,,경기도 김포시 감정동 817-12,경기도 김포시 양촌로 93,샘플식당 3423,호프/통닭
3424,일반음식점,SAMPLE-03424,2026-02-23,영업/정상,,경기도 김포시 감정동 1245-30,경기도 김포시 봉화로 162,샘플식당 3424,한식
3425,일반음식점,SAMPLE-03425,2026-02-26,영업/정상,,경기도 김포시 고촌읍 1222-28,경기도 김포시 봉화로 252,샘플식당 3425,한식
3426,일반음식점,SAMPLE-03426,2026-02-27,영업/정상,,경기도 김포시 양촌읍 1018-29,경기도 김포시 김포대로 5,샘플식당 3426,한식
3427,일반음식점,SAMPLE-03427,2026-02-27,영업/정상,,경기도 김포시 풍무동 953-15,경기도 김포시 승가로 249,샘플식당 3427,분식
3428,일반음식점,SAMPLE-03428,2026-03-01,영업/정상,,경기도 김포시 장기동 1260-2,경기도 김포시 통진로 28,샘플식당 3428,기타
3429,일반음식점,SAMPLE-03429,2026-03-03,영업/정상,,경기도 김포시 운양동 404-17,경기도 김포시 승가로 70,샘플식당 3429,호프/통닭
3430,일반음식점,SAMPLE-03430,2026-03-05,영업/정상,,경기도 김포시 양촌읍 1667-15,경기도 김포시 통진로 75,샘플식당 3430,일식
3431,일반음식점,SAMPLE-03431,2026-03-06,영업/정상,,경기도 김포시 구래동 401-16,경기도 김포시 봉화로 198,샘플식당 3431,분식
3432,일반음식점,SAMPLE-03432,2026-03-07,영업/정상,,경기도 김포시 풍무동 731-20,경기도 김포시 태장로 5,샘플식당 3432,분식
3433,일반음식점,SAMPLE-03433,2026-03-09,영업/정상,,경기도 김포시 걸포동 519-28,경기도 김포시 양촌로 94,샘플식당 3433,경양식
3434,일반음식점,SAMPLE-03434,2026-03-10,영업/정상,,경기도 김포시 장기동 1150-29,경기도 김포시 승가로 71,샘플식당 3434,한식
3435,일반음식점,SAMPLE-03435,2026-03-12,영업/정상,,경기도 김포시 풍무동 1413-16,경기도 김포시 태장로 253,샘플식당 3435,김밥(도시락)
3436,일반음식점,SAMPLE-03436,2026-03-12,영업/정상,,경기도 김포시 풍무동 1671-9,경기도 김포시 양촌로 152,샘플식당 3436,정종/대포집/소주방
3437,일반음식점,SAMPLE-03437,2026-03-13,영업/정상,,경기도 김포시 마산동 1142-27,경기도 김포시 승가로 108,샘플식당 3437,제과점영업
3438,일반음식점,SAMPLE-03438,2026-03-13,영업/정상,,경기도 김포시 운양동 674-18,경기도 김포시 봉화로 240,샘플식당 3438,분식
3439,일반음식점,SAMPLE-03439,2026-03-13,영업/정상,,경기도 김포시 양촌읍 1637-19,경기도 김포시 봉화로 209,샘플식당 3439,중국식
3440,일반음식점,SAMPLE-03440,2026-03-14,영업/정상,,경기도 김포시 감정동 380-9,경기도 김포시 고촌로 36,샘플식당 3440,일식
3441,일반음식점,SAMPLE-03441,2026-03-14,영업/정상,,경기도 김포시 사우동 1198-13,경기도 김포시 김포한강9로 181,샘플식당 3441,까페
3442,일반음식점,SAMPLE-03442,2026-03-16,영업/정상,,경기도 김포시 고촌읍 803-3,경기도 김포시 김포한강9로 239,샘플식당 3442,중국식
3443,일반음식점,SAMPLE-03443,2026-03-17,영업/정상,,경기도 김포시 풍무동 478-6,경기도 김포시 김포대로 161,샘플식당 3443,커피숍
3444,일반음식점,SAMPLE-03444,2026-03-18,영업/정상,,경기도 김포시 풍무동 1738-10,경기도 김포시 통진로 236,샘플식당 3444,분식
3445,일반음식점,SAMPLE-03445,2026-03-22,영업/정상,,경기도 김포시 마산동 1754-10,경기도 김포시 통진로 116,샘플식당 3445,한식
3446,일반음식점,SAMPLE-03446,2026-03-22,영업/정상,,경기도 김포시 장기동 1013-28,경기도 김포시 승가로 62,샘플식당 3446,커피숍
3447,일반음식점,SAMPLE-03447,2026-03-23,영업/정상,,경기도 김포시 풍무동 59-12,경기도 김포시 김포한강4로 124,샘플식당 3447,호프/통닭
3448,일반음식점,SAMPLE-03448,2026-03-24,영업/정상,,경기도 김포시 걸포동 1920-3,경기도 김포시 승가로 153,샘플식당 3448,한식
3449,일반음식점,SAMPLE-03449,2026-03-24,영업/정상,,경기도 김포시 걸포동 1385-22,경기도 김포시 승가로 91,샘플식당 3449,한식
3450,일반음식점,SAMPLE-03450,2026-03-25,영업/정상,,경기도 김포시 장기동 1687-21,경기도 김포시 김포대로 285,샘플식당 3450,한식
3451,일반음식점,SAMPLE-03451,2026-03-26,영업/정상,,경기도 김포시 사우동 1585-18,경기도 김포시 봉화로 60,샘플식당 3451,한식
3452,일반음식점,SAMPLE-03452,2026-03-27,영업/정상,,경기도 김포시 북변동 1824-6,경기도 김포시 김포대로 166,샘플식당 3452,까페
3453,일반음식점,SAMPLE-03453,2026-03-28,영업/정상,,경기도 김포시 걸포동 462-17,경기도 김포시 김포대로 194,샘플식당 3453,일식
3454,일반음식점,SAMPLE-03454,2026-03-29,영업/정상,,경기도 김포시 걸포동 1350-10,경기도 김포시 봉화로 278,샘플식당 3454,호프/통닭
3455,일반음식점,SAMPLE-03455,2026-03-30,영업/정상,,경기도 김포시 걸포동 1469-2,경기도 김포시 김포대로 287,샘플식당 3455,한식
3456,일반음식점,SAMPLE-03456,2026-03-30,영업/정상,,경기도 김포시 사우동 1792-8,경기도 김포시 김포한강9로 129,샘플식당 3456,한식
3457,일반음식점,SAMPLE-03457,2026-03-30,영업/정상,,경기도 김포시 풍무동 1665-19,경기도 김포시 김포대로 81,샘플식당 3457,김밥(도시락)
3458,일반음식점,SAMPLE-03458,2026-04-02,영업/정상,,경기도 김포시 고촌읍 1578-27,경기도 김포시 고촌로 216,샘플식당 3458,김밥(도시락)
3459,일반음식점,SAMPLE-03459,2026-04-02,영업/정상,,경기도 김포시 운양동 1386-25,경기도 김포시 김포대로 148,샘플식당 3459,한식
3460,일반음식점,SAMPLE-03460,2026-04-03,영업/정상,,경기도 김포시 운양동 147-2,경기도 김포시 고촌로 224,샘플식당 3460,정종/대포집/소주방
3461,일반음식점,SAMPLE-03461,2026-04-03,영업/정상,,경기도 김포시 북변동 1674-25,경기도 김포시 고촌로 95,샘플식당 3461,까페
3462,일반음식점,SAMPLE-03462,2026-04-03,영업/정상,,경기도 김포시 장기동 1313-27,경기도 김포시 승가로 11,샘플식당 3462,경양식
3463,일반음식점,SAMPLE-03463,2026-04-04,영업/정상,,경기도 김포시 양촌읍 1476-30,경기도 김포시 김포한강9로 95,샘플식당 3463,한식
3464,일반음식점,SAMPLE-03464,2026-04-05,영업/정상,,경기도 김포시 고촌읍 756-26,경기도 김포시 승가로 199,샘플식당 3464,정종/대포집/소주방
3465,일반음식점,SAMPLE-03465,2026-04-06,영업/정상,,경기도 김포시 장기동 1213-20,경기도 김포시 고촌로 148,샘플식당 3465,한식
3466,일반음식점,SAMPLE-03466,2026-04-06,영업/정상,,경기도 김포시 걸포동 1570-7,경기도 김포시 태장로 154,샘플식당 3466,분식
3467,일반음식점,SAMPLE-03467,2026-04-06,영업/정상,,경기도 김포시 걸포동 1780-11,경기도 김포시 김포대로 249,샘플식당 3467,커피숍
3468,일반음식점,SAMPLE-03468,2026-04-07,영업/정상,,경기도 김포시 장기동 25-14,경기도 김포시 김포한강9로 182,샘플식당 3468,한식
3469,일반음식점,SAMPLE-03469,2026-04-07,영업/정상,,경기도 김포시 월곶면 883-7,경기도 김포시 승가로 1,샘플식당 3469,일식
3470,일반음식점,SAMPLE-03470,2026-04-08,영업/정상,,경기도 김포시 고촌읍 1099-19,경기도 김포시 태장로 77,샘플식당 3470,한식
3471,일반음식점,SAMPLE-03471,2026-04-09,영업/정상,,경기도 김포시 북변동 1614-20,경기도 김포시 고촌로 232,샘플식당 3471,한식
3472,일반음식점,SAMPLE-03472,2026-04-11,영업/정상,,경기도 김포시 운양동 336-24,경기도 김포시 김포대로 145,샘플식당 3472,경양식
3473,일반음식점,SAMPLE-03473,2026-04-12,영업/정상,,경기도 김포시 월곶면 1200-19,경기도 김포시 통진로 264,샘플식당 3473,까페
3474,일반음식점,SAMPLE-03474,2026-04-13,영업/정상,,경기도 김포시 양촌읍 1809-24,경기도 김포시 김포한강9로 101,샘플식당 3474,일식
3475,일반음식점,SAMPLE-03475,2026-04-14,영업/정상,,경기도 김포시 풍무동 1996-21,경기도 김포시 김포한강9로 245,샘플식당 3475,제과점영업
3476,일반음식점,SAMPLE-03476,2026-04-17,영업/정상,,경기도 김포시 고촌읍 161-7,경기도 김포시 봉화로 81,샘플식당 3476,한식
3477,일반음식점,SAMPLE-03477,2026-04-17,영업/정상,,경기도 김포시 구래동 1415-15,경기도 김포시 김포대로 24,샘플식당 3477,기타
3478,일반음식점,SAMPLE-03478,2026-04-18,영업/정상,,경기도 김포시 장기동 1064-27,경기도 김포시 김포대로 31,샘플식당 3478,정종/대포집/소주방
3479,일반음식점,SAMPLE-03479,2026-04-18,영업/정상,,경기도 김포시 운양동 1386-29,경기도 김포시 승가로 142,샘플식당 3479,정종/대포집/소주방
3480,일반음식점,SAMPLE-03480,2026-04-20,영업/정상,,경기도 김포시 풍무동 1751-6,경기도 김포시 김포대로 234,샘플식당 3480,일식
3481,일반음식점,SAMPLE-03481,2026-04-21,영업/정상,,경기도 김포시 장기동 1186-23,경기도 김포시 승가로 207,샘플식당 3481,일식
3482,일반음식점,SAMPLE-03482,2026-04-25,영업/정상,,경기도 김포시 장기동 1549-5,경기도 김포시 김포한강4로 25,샘플식당 3482,한식
3483,일반음식점,SAMPLE-03483,2026-04-25,영업/정상,,경기도 김포시 사우동 1144-15,경기도 김포시 봉화로 132,샘플식당 3483,정종/대포집/소주방
3484,일반음식점,SAMPLE-03484,2026-04-26,영업/정상,,경기도 김포시 풍무동 805-9,경기도 김포시 봉화로 95,샘플식당 3484,한식
3485,일반음식점,SAMPLE-03485,2026-04-27,영업/정상,,경기도 김포시 마산동 1512-3,경기도 김포시 김포대로 115,샘플식당 3485,한식
3486,일반음식점,SAMPLE-03486,2026-04-27,영업/정상,,경기도 김포시 양촌읍 610-28,경기도 김포시 양촌로 75,샘플식당 3486,기타
3487,일반음식점,SAMPLE-03487,2026-04-27,영업/정상,,경기도 김포시 북변동 748-2,경기도 김포시 태장로 125,샘플식당 3487,한식
3488,일반음식점,SAMPLE-03488,2026-05-01,영업/정상,,경기도 김포시 통진읍 172-23,경기도 김포시 고촌로 264,샘플식당 3488,정종/대포집/소주방
3489,일반음식점,SAMPLE-03489,2026-05-02,영업/정상,,경기도 김포시 구래동 942-19,경기도 김포시 양촌로 15,샘플식당 3489,경양식
3490,일반음식점,SAMPLE-03490,2026-05-02,영업/정상,,경기도 김포시 북변동 176-12,경기도 김포시 김포한강4로 73,샘플식당 3490,까페
3491,일반음식점,SAMPLE-03491,2026-05-02,영업/정상,,경기도 김포시 북변동 1827-26,경기도 김포시 고촌로 274,샘플식당 3491,정종/대포집/소주방
3492,일반음식점,SAMPLE-03492,2026-05-02,영업/정상,,경기도 김포시 구래동 1111-24,경기도 김포시 통진로 109,샘플식당 3492,정종/대포집/소주방
3493,일반음식점,SAMPLE-03493,2026-05-06,영업/정상,,경기도 김포시 장기동 663-14,경기도 김포시 김포한강9로 297,샘플식당 3493,한식
3494,일반음식점,SAMPLE-03494,2026-05-11,영업/정상,,경기도 김포시 구래동 9-23,경기도 김포시 태장로 158,샘플식당 3494,분식
3495,일반음식점,SAMPLE-03495,2026-05-12,영업/정상,,경기도 김포시 걸포동 485-4,경기도 김포시 김포한강9로 268,샘플식당 3495,커피숍
3496,일반음식점,SAMPLE-03496,2026-05-12,영업/정상,,경기도 김포시 구래동 455-5,경기도 김포시 고촌로 180,샘플식당 3496,한식
3497,일반음식점,SAMPLE-03497,2026-05-13,영업/정상,,경기도 김포시 장기동 179-5,경기도 김포시 고촌로 242,샘플식당 3497,정종/대포집/소주방
3498,일반음식점,SAMPLE-03498,2026-05-13,영업/정상,,경기도 김포시 장기동 1420-29,경기도 김포시 승가로 259,샘플식당 3498,정종/대포집/소주방
3499,일반음식점,SAMPLE-03499,2026-05-15,영업/정상,,경기도 김포시 사우동 814-22,경기도 김포시 김포한강9로 279,샘플식당 3499,까페
3500,일반음식점,SAMPLE-03500,2026-05-18,영업/정상,,경기도 김포시 고촌읍 170-4,경기도 김포시 고촌로 93,샘플식당 3500,호프/통닭
3501,일반음식점,SAMPLE-03501,2026-05-20,영업/정상,,경기도 김포시 풍무동 1907-5,경기도 김포시 김포한강4로 131,샘플식당 3501,호프/통닭
3502,일반음식점,SAMPLE-03502,2026-05-22,영업/정상,,경기도 김포시 구래동 1893-5,경기도 김포시 김포한강4로 35,샘플식당 3502,정종/대포집/소주방
3503,일반음식점,SAMPLE-03503,2026-05-24,영업/정상,,경기도 김포시 운양동 934-26,경기도 김포시 김포대로 99,샘플식당 3503,분식
3504,일반음식점,SAMPLE-03504,2026-05-25,영업/정상,,경기도 김포시 장기동 1685-13,경기도 김포시 김포한강4로 130,샘플식당 3504,일식
3505,일반음식점,SAMPLE-03505,2026-05-26,영업/정상,,경기도 김포시 통진읍 1192-15,경기도 김포시 태장로 54,샘플식당 3505,한식
3506,일반음식점,SAMPLE-03506,2026-05-27,영업/정상,,경기도 김포시 장기동 32-1,경기도 김포시 고촌로 171,샘플식당 3506,한식
3507,일반음식점,SAMPLE-03507,2026-05-29,영업/정상,,경기도 김포시 고촌읍 1390-21,경기도 김포시 양촌로 123,샘플식당 3507,기타
3508,일반음식점,SAMPLE-03508,2026-05-29,영업/정상,,경기도 김포시 풍무동 1529-15,경기도 김포시 태장로 293,샘플식당 3508,일식
3509,일반음식점,SAMPLE-03509,2026-05-30,영업/정상,,경기도 김포시 사우동 598-1,경기도 김포시 봉화로 235,샘플식당 3509,한식
3510,일반음식점,SAMPLE-03510,2026-05-30,영업/정상,,경기도 김포시 걸포동 94-17,경기도 김포시 태장로 24,샘플식당 3510,김밥(도시락)
3511,일반음식점,SAMPLE-03511,2026-06-02,영업/정상,,경기도 김포시 장기동 727-11,경기도 김포시 승가로 143,샘플식당 3511,일식
3512,일반음식점,SAMPLE-03512,2026-06-03,영업/정상,,경기도 김포시 풍무동 1875-8,경기도 김포시 고촌로 120,샘플식당 3512,정종/대포집/소주방
3513,일반음식점,SAMPLE-03513,2026-06-06,영업/정상,,경기도 김포시 장기동 1002-21,경기도 김포시 통진로 287,샘플식당 3513,경양식
3514,일반음식점,SAMPLE-03514,2026-06-06,영업/정상,,경기도 김포시 장기동 562-29,경기도 김포시 고촌로 73,샘플식당 3514,까페
3515,일반음식점,SAMPLE-03515,2026-06-08,영업/정상,,경기도 김포시 대곶면 1353-29,경기도 김포시 양촌로 292,샘플식당 3515,한식
3516,일반음식점,SAMPLE-03516,2026-06-09,영업/정상,,경기도 김포시 통진읍 1021-4,경기도 김포시 통진로 285,샘플식당 3516,정종/대포집/소주방
3517,일반음식점,SAMPLE-03517,2026-06-12,영업/정상,,경기도 김포시 사우동 403-10,경기도 김포시 승가로 89,샘플식당 3517,한식
3518,일반음식점,SAMPLE-03518,2026-06-12,영업/정상,,경기도 김포시 양촌읍 828-10,경기도 김포시 김포한강9로 238,샘플식당 3518,정종/대포집/소주방
3519,일반음식점,SAMPLE-03519,2026-06-14,영업/정상,,경기도 김포시 사우동 1774-2,경기도 김포시 양촌로 168,샘플식당 3519,한식
3520,일반음식점,SAMPLE-03520,2026-06-15,영업/정상,,경기도 김포시 양촌읍 1212-29,경기도 김포시 양촌로 74,샘플식당 3520,한식
3521,일반음식점,SAMPLE-03521,2026-06-16,영업/정상,,경기도 김포시 장기동 1325-11,경기도 김포시 김포한강4로 126,샘플식당 3521,한식
3522,일반음식점,SAMPLE-03522,2026-06-18,영업/정상,,경기도 김포시 풍무동 1313-5,경기도 김포시 김포한강9로 58,샘플식당 3522,경양식
3523,일반음식점,SAMPLE-03523,2026-06-18,영업/정상,,경기도 김포시 장기동 1989-25,경기도 김포시 김포한강4로 133,샘플식당 3523,한식
3524,일반음식점,SAMPLE-03524,2026-06-19,영업/정상,,경기도 김포시 구래동 755-27,경기도 김포시 김포한강4로 61,샘플식당 3524,정종/대포집/소주방
3525,일반음식점,SAMPLE-03525,2026-06-21,영업/정상,,경기도 김포시 사우동 1696-26,경기도 김포시 김포대로 93,샘플식당 3525,호프/통닭
3526,일반음식점,SAMPLE-03526,2026-06-22,영업/정상,,경기도 김포시 걸포동 991-26,경기도 김포시 김포한강9로 33,샘플식당 3526,중국식
3527,일반음식점,SAMPLE-03527,2026-06-24,영업/정상,,경기도 김포시 풍무동 1236-5,경기도 김포시 고촌로 299,샘플식당 3527,분식
3528,일반음식점,SAMPLE-03528,2026-06-25,영업/정상,,경기도 김포시 운양동 1511-20,경기도 김포시 김포한강4로 69,샘플식당 3528,정종/대포집/소주방
3529,일반음식점,SAMPLE-03529,2026-06-26,영업/정상,,경기도 김포시 장기동 211-21,경기도 김포시 봉화로 72,샘플식당 3529,커피숍
3530,일반음식점,SAMPLE-03530,2026-06-28,영업/정상,,경기도 김포시 장기동 1921-29,경기도 김포시 승가로 219,샘플식당 3530,한식
3531,일반음식점,SAMPLE-03531,2026-06-30,영업/정상,,경기도 김포시 풍무동 1339-9,경기도 김포시 봉화로 6,샘플식당 3531,일식
3532,일반음식점,SAMPLE-03532,2026-07-01,영업/정상,,경기도 김포시 장기동 872-23,경기도 김포시 승가로 152,샘플식당 3532,한식
3533,일반음식점,SAMPLE-03533,2026-07-01,영업/정상,,경기도 김포시 양촌읍 178-12,경기도 김포시 김포한강4로 173,샘플식당 3533,한식
3534,일반음식점,SAMPLE-03534,2026-07-05,영업/정상,,경기도 김포시 사우동 1172-24,경기도 김포시 양촌로 49,샘플식당 3534,한식
3535,일반음식점,SAMPLE-03535,2026-07-06,영업/정상,,경기도 김포시 걸포동 333-24,경기도 김포시 봉화로 122,샘플식당 3535,커피숍
3536,일반음식점,SAMPLE-03536,2026-07-07,영업/정상,,경기도 김포시 북변동 1902-17,경기도 김포시 양촌로 160,샘플식당 3536,한식
3537,일반음식점,SAMPLE-03537,2026-07-10,영업/정상,,경기도 김포시 장기동 1936-22,경기도 김포시 양촌로 261,샘플식당 3537,한식
3538,일반음식점,SAMPLE-03538,2026-07-11,영업/정상,,경기도 김포시 구래동 255-19,경기도 김포시 김포한강9로 125,샘플식당 3538,한식
3539,일반음식점,SAMPLE-03539,2026-07-12,영업/정상,,경기도 김포시 양촌읍 1814-18,경기도 김포시 양촌로 295,샘플식당 3539,호프/통닭
3540,일반음식점,SAMPLE-03540,2026-07-15,영업/정상,,경기도 김포시 사우동 960-16,경기도 김포시 김포한강4로 187,샘플식당 3540,한식
3541,일반음식점,SAMPLE-03541,2026-07-17,영업/정상,,경기도 김포시 풍무동 426-29,경기도 김포시 승가로 283,샘플식당 3541,한식
3542,일반음식점,SAMPLE-03542,2026-07-17,영업/정상,,경기도 김포시 운양동 1480-9,경기도 김포시 통진로 68,샘플식당 3542,일식
3543,일반음식점,SAMPLE-03543,2026-07-21,영업/정상,,경기도 김포시 마산동 1870-4,경기도 김포시 봉화로 137,샘플식당 3543,한식
3544,일반음식점,SAMPLE-03544,2026-07-22,영업/정상,,경기도 김포시 장기동 233-26,경기도 김포시 태장로 242,샘플식당 3544,호프/통닭
3545,일반음식점,SAMPLE-03545,2026-07-24,영업/정상,,경기도 김포시 장기동 1751-3,경기도 김포시 양촌로 142,샘플식당 3545,한식
3546,일반음식점,SAMPLE-03546,2026-07-25,영업/정상,,경기도 김포시 고촌읍 1077-19,경기도 김포시 양촌로 27,샘플식당 3546,한식
3547,일반음식점,SAMPLE-03547,2026-07-26,영업/정상,,경기도 김포시 구래동 542-8,경기도 김포시 고촌로 208,샘플식당 3547,한식
3548,일반음식점,SAMPLE-03548,2026-07-28,영업/정상,,경기도 김포시 장기동 885-13,경기도 김포시 승가로 224,샘플식당 3548,정종/대포집/소주방
3549,일반음식점,SAMPLE-03549,2026-07-28,영업/정상,,경기도 김포시 양촌읍 1981-18,경기도 김포시 김포한강9로 269,샘플식당 3549,일식
3550,일반음식점,SAMPLE-03550,2026-07-30,영업/정상,,경기도 김포시 풍무동 632-20,경기도 김포시 김포한강4로 102,샘플식당 3550,경양식
3551,일반음식점,SAMPLE-03551,2026-08-01,영업/정상,,경기도 김포시 풍무동 485-25,경기도 김포시 통진로 174,샘플식당 3551,한식
3552,일반음식점,SAMPLE-03552,2026-08-03,영업/정상,,경기도 김포시 양촌읍 1136-28,경기도 김포시 김포한강9로 227,샘플식당 3552,한식
3553,일반음식점,SAMPLE-03553,2026-08-07,영업/정상,,경기도 김포시 구래동 1893-15,경기도 김포시 김포대로 283,샘플식당 3553,호프/통닭
3554,일반음식점,SAMPLE-03554,2026-08-08,영업/정상,,경기도 김포시 마산동 1471-16,경기도 김포시 통진로 189,샘플식당 3554,한식
3555,일반음식점,SAMPLE-03555,2026-08-09,영업/정상,,경기도 김포시 풍무동 790-8,경기도 김포시 태장로 246,샘플식당 3555,기타
3556,일반음식점,SAMPLE-03556,2026-08-10,영업/정상,,경기도 김포시 장기동 85-17,경기도 김포시 봉화로 187,샘플식당 3556,커피숍
3557,일반음식점,SAMPLE-03557,2026-08-10,영업/정상,,경기도 김포시 감정동 969-26,경기도 김포시 봉화로 112,샘플식당 3557,정종/대포집/소주방
3558,일반음식점,SAMPLE-03558,2026-08-11,영업/정상,,경기도 김포시 구래동 868-29,경기도 김포시 양촌로 253,샘플식당 3558,호프/통닭
3559,일반음식점,SAMPLE-03559,2026-08-11,영업/정상,,경기도 김포시 마산동 1383-3,경기도 김포시 양촌로 194,샘플식당 3559,정종/대포집/소주방
3560,일반음식점,SAMPLE-03560,2026-08-13,영업/정상,,경기도 김포시 하성면 1706-13,경기도 김포시 양촌로 195,샘플식당 3560,정종/대포집/소주방
3561,일반음식점,SAMPLE-03561,2026-08-14,영업/정상,,경기도 김포시 걸포동 467-8,경기도 김포시 김포한강4로 79,샘플식당 3561,까페
3562,일반음식점,SAMPLE-03562,2026-08-15,영업/정상,,경기도 김포시 풍무동 906-27,경기도 김포시 태장로 298,샘플식당 3562,호프/통닭
3563,일반음식점,SAMPLE-03563,2026-08-15,영업/정상,,경기도 김포시 운양동 92-14,경기도 김포시 봉화로 262,샘플식당 3563,기타
3564,일반음식점,SAMPLE-03564,2026-08-20,영업/정상,,경기도 김포시 풍무동 751-1,경기도 김포시 봉화로 266,샘플식당 3564,한식
3565,일반음식점,SAMPLE-03565,2026-08-20,영업/정상,,경기도 김포시 운양동 1932-9,경기도 김포시 봉화로 176,샘플식당 3565,정종/대포집/소주방
3566,일반음식점,SAMPLE-03566,2026-08-21,영업/정상,,경기도 김포시 사우동 1005-6,경기도 김포시 김포대로 58,샘플식당 3566,중국식
3567,일반음식점,SAMPLE-03567,2026-08-24,영업/정상,,경기도 김포시 북변동 1054-6,경기도 김포시 김포한강4로 208,샘플식당 3567,한식
3568,일반음식점,SAMPLE-03568,2026-08-28,영업/정상,,경기도 김포시 양촌읍 1288-13,경기도 김포시 통진로 5,샘플식당 3568,정종/대포집/소주방
3569,일반음식점,SAMPLE-03569,2026-08-29,영업/정상,,경기도 김포시 걸포동 922-15,경기도 김포시 양촌로 43,샘플식당 3569,기타
3570,일반음식점,SAMPLE-03570,2026-08-29,영업/정상,,경기도 김포시 월곶면 1558-24,경기도 김포시 김포한강9로 227,샘플식당 3570,한식
3571,일반음식점,SAMPLE-03571,2026-08-30,영업/정상,,경기도 김포시 양촌읍 396-12,경기도 김포시 승가로 9,샘플식당 3571,한식
3572,일반음식점,SAMPLE-03572,2026-09-01,영업/정상,,경기도 김포시 양촌읍 784-17,경기도 김포시 고촌로 40,샘플식당 3572,제과점영업
3573,일반음식점,SAMPLE-03573,2026-09-01,영업/정상,,경기도 김포시 양촌읍 1537-30,경기도 김포시 통진로 181,샘플식당 3573,커피숍
3574,일반음식점,SAMPLE-03574,2026-09-02,영업/정상,,경기도 김포시 풍무동 1581-27,경기도 김포시 김포대로 138,샘플식당 3574,한식
3575,일반음식점,SAMPLE-03575,2026-09-02,영업/정상,,경기도 김포시 구래동 913-3,경기도 김포시 통진로 183,샘플식당 3575,한식
3576,일반음식점,SAMPLE-03576,2026-09-02,영업/정상,,경기도 김포시 고촌읍 1735-28,경기도 김포시 태장로 176,샘플식당 3576,정종/대포집/소주방
3577,일반음식점,SAMPLE-03577,2026-09-03,영업/정상,,경기도 김포시 구래동 1160-17,경기도 김포시 태장로 82,샘플식당 3577,분식
3578,일반음식점,SAMPLE-03578,2026-09-05,영업/정상,,경기도 김포시 통진읍 375-1,경기도 김포시 고촌로 45,샘플식당 3578,커피숍
3579,일반음식점,SAMPLE-03579,2026-09-05,영업/정상,,경기도 김포시 장기동 1541-11,경기도 김포시 김포대로 102,샘플식당 3579,한식
3580,일반음식점,SAMPLE-03580,2026-09-07,영업/정상,,경기도 김포시 걸포동 1317-25,경기도 김포시 승가로 118,샘플식당 3580,분식
3581,일반음식점,SAMPLE-03581,2026-09-11,영업/정상,,경기도 김포시 고촌읍 65-5,경기도 김포시 김포한강9로 138,샘플식당 3581,호프/통닭
3582,일반음식점,SAMPLE-03582,2026-09-11,영업/정상,,경기도 김포시 풍무동 927-3,경기도 김포시 승가로 39,샘플식당 3582,제과점영업
3583,일반음식점,SAMPLE-03583,2026-09-12,영업/정상,,경기도 김포시 풍무동 627-2,경기도 김포시 통진로 240,샘플식당 3583,커피숍
3584,일반음식점,SAMPLE-03584,2026-09-13,영업/정상,,경기도 김포시 감정동 681-29,경기도 김포시 통진로 59,샘플식당 3584,제과점영업
3585,일반음식점,SAMPLE-03585,2026-09-15,영업/정상,,경기도 김포시 풍무동 53-8,경기도 김포시 김포대로 22,샘플식당 3585,정종/대포집/소주방
3586,일반음식점,SAMPLE-03586,2026-09-15,영업/정상,,경기도 김포시 풍무동 1043-7,경기도 김포시 김포한강4로 280,샘플식당 3586,까페
3587,일반음식점,SAMPLE-03587,2026-09-15,영업/정상,,경기도 김포시 풍무동 1236-22,경기도 김포시 승가로 172,샘플식당 3587,분식
3588,일반음식점,SAMPLE-03588,2026-09-15,영업/정상,,경기도 김포시 구래동 1648-22,경기도 김포시 양촌로 168,샘플식당 3588,일식
3589,일반음식점,SAMPLE-03589,2026-09-16,영업/정상,,경기도 김포시 고촌읍 729-13,경기도 김포시 고촌로 45,샘플식당 3589,한식
3590,일반음식점,SAMPLE-03590,2026-09-17,영업/정상,,경기도 김포시 운양동 1888-13,경기도 김포시 승가로 170,샘플식당 3590,한식
3591,일반음식점,SAMPLE-03591,2026-09-19,영업/정상,,경기도 김포시 구래동 1133-23,경기도 김포시 김포한강9로 26,샘플식당 3591,한식
3592,일반음식점,SAMPLE-03592,2026-09-21,영업/정상,,경기도 김포시 운양동 251-27,경기도 김포시 김포대로 77,샘플식당 3592,한식
3593,일반음식점,SAMPLE-03593,2026-09-21,영업/정상,,경기도 김포시 구래동 70-6,경기도 김포시 양촌로 66,샘플식당 3593,호프/통닭
3594,일반음식점,SAMPLE-03594,2026-09-22,영업/정상,,경기도 김포시 운양동 475-20,경기도 김포시 승가로 121,샘플식당 3594,기타
3595,일반음식점,SAMPLE-03595,2026-09-23,영업/정상,,경기도 김포시 걸포동 827-8,경기도 김포시 태장로 277,샘플식당 3595,정종/대포집/소주방
3596,일반음식점,SAMPLE-03596,2026-09-24,영업/정상,,경기도 김포시 고촌읍 573-20,경기도 김포시 봉화로 118,샘플식당 3596,호프/통닭
3597,일반음식점,SAMPLE-03597,2026-09-27,영업/정상,,경기도 김포시 구래동 439-3,경기도 김포시 김포한강4로 42,샘플식당 3597,한식
3598,일반음식점,SAMPLE-03598,2026-09-27,영업/정상,,경기도 김포시 장기동 1538-15,경기도 김포시 김포한강4로 2,샘플식당 3598,한식
3599,일반음식점,SAMPLE-03599,2026-09-27,영업/정상,,경기도 김포시 풍무동 276-12,경기도 김포시 승가로 264,샘플식당 3599,한식
3600,일반음식점,SAMPLE-03600,2026-09-28,영업/정상,,경기도 김포시 장기동 845-23,경기도 김포시 통진로 191,샘플식당 3600,한식
3601,일반음식점,SAMPLE-X0,2020-01-01,영업/정상,,서울특별시 강서구 화곡동 1-1,,타지역샘플 0,한식
3602,일반음식점,SAMPLE-X1,2020-01-01,영업/정상,,서울특별시 강서구 화곡동 1-1,,타지역샘플 1,한식
3603,일반음식점,SAMPLE-X2,2020-01-01,영업/정상,,서울특별시 강서구 화곡동 1-1,,타지역샘플 2,한식
3604,일반음식점,SAMPLE-X3,2020-01-01,영업/정상,,서울특별시 강서구 화곡동 1-1,,타지역샘플 3,한식
3605,일반음식점,SAMPLE-X4,2020-01-01,영업/정상,,서울특별시 강서구 화곡동 1-1,,타지역샘플 4,한식
3606,일반음식점,SAMPLE-Y0,,영업/정상,,경기도 김포시 사우동 1-1,,날짜없음샘플 0,한식
3607,일반음식점,SAMPLE-Y1,,영업/정상,,경기도 김포시 사우동 1-1,,날짜없음샘플 1,한식
3608,일반음식점,SAMPLE-Y2,,영업/정상,,경기도 김포시 사우동 1-1,,날짜없음샘플 2,한식
